Workbook

Sheet ConceptSet
A1: id | B1: code | C1: name | D1: type | E1: regex | F1: schema_definition | G1: schema_uri | H1: description
A2: 0198ef6d-8543-90a8-a647-ae05912c77ba | B2: NOMINAL_1 | C2: Nominal_1 | D2: NOMINAL | H2: CATEGORY1_1, CATEGORY1_2, CATEGORY1_3
A3: 0198ef6d-8543-2a99-b3be-b0d2583cb604 | B3: NOMINAL_2 | C3: Nominal_2 | D3: NOMINAL | H3: CATEGORY2_1, CATEGORY2_2, CATEGORY2_3
A4: 0198ef6d-8543-b279-03a6-da9684b42b08 | B4: ORDINAL_1 | C4: Ordinal_1 | D4: ORDINAL | H4: RANK1_1, RANK1_2, RANK1_3
A5: 0198ef6d-8543-d076-3da0-dd48921087f9 | B5: ORDINAL_2 | C5: Ordinal_2 | D5: ORDINAL | H5: RANK2_1, RANK2_2, RANK2_3
A6: 0198ef6d-8543-020d-44c5-53e813a46714 | B6: AGE_CATEGORY_1 | C6: Age in years, intervals 0, 5, 15, 25, 45, 65 | D6: INTERVAL | H6: Age in years, intervals 0, 5, 15, 25, 45, 65
A7: 0198ef6d-8543-2a37-be54-7f7d24e1ed1d | B7: AGE_CATEGORY_2 | C7: Age in years, intervals 0, 5, 19, 65 | D7: INTERVAL | H7: Age in years, intervals 0, 5, 19, 65
A8: 0198ef6d-8543-f668-cedc-b78f8e3bc412 | B8: AGE_CATEGORY_3 | C8: Age in years, intervals 0, 15, 25, 35, 45 | D8: INTERVAL | H8: Age in years, intervals 0, 15, 25, 35, 45
A9: 0198ef6d-8543-2673-a691-fe8584d0695e | B9: AGE_CATEGORY_4 | C9: Age in years, intervals 0, 1, 5, 15, 20, 25, 35, 45, 55, 65 | D9: INTERVAL | H9: Age in years, intervals 0, 1, 5, 15, 20, 25, 35, 45, 55, 65
A10: 0198ef6d-8543-cb6b-0c98-c2a7e640e10d | B10: AGE_CATEGORY_5 | C10: Age in months, intervals 0, 1, 2, 3 | D10: INTERVAL | H10: Age in months, intervals 0, 1, 2, 3
A11: 0198ef6d-8543-a151-ab47-0394a80e2a05 | B11: REGULAR_LANGUAGE_1 | C11: Regex_1 | D11: REGULAR_LANGUAGE | E11: A\d+ | H11: A\d+
A12: 0198ef6d-8543-6df8-9098-78280604c758 | B12: REGULAR_LANGUAGE_2 | C12: Regex_2 | D12: REGULAR_LANGUAGE | E12: B\d+ | H12: B\d+

Sheet Concept
A1: id | B1: code | C1: name | D1: description | E1: rank | F1: props | G1: dm.lb | H1: dm.ub | I1: dm.concept_set_code | J1: concept_set_id | K1: dm.key.id | L1: dm.key.abbreviation | M1: dm.key.name
A2: 0198ef6d-8543-1558-187c-47880d4b485e | B2: CATEGORY1 | C2: Category1_1 | F2: {} | I2: =INDEX(ConceptSet!$B:$B,MATCH($J2,ConceptSet!$A:$A,0)) -> NOMINAL_1 | J2: 0198ef6d-8543-90a8-a647-ae05912c77ba | K2: =LOWER($J2)&"|"&LOWER($A2) -> 0198ef6d-8543-90a8-a647-ae05912c77ba|0198ef6d-8543-1558-187c-47880d4b485e | L2: =LOWER($J2)&"|"&LOWER($B2) -> 0198ef6d-8543-90a8-a647-ae05912c77ba|category1 | M2: =LOWER($J2)&"|"&LOWER($C2) -> 0198ef6d-8543-90a8-a647-ae05912c77ba|category1_1
A3: 0198ef6d-8543-022e-af76-07950e3be6d8 | B3: CATEGORY2 | C3: Category1_2 | F3: {} | I3: =INDEX(ConceptSet!$B:$B,MATCH($J3,ConceptSet!$A:$A,0)) -> NOMINAL_1 | J3: 0198ef6d-8543-90a8-a647-ae05912c77ba | K3: =LOWER($J3)&"|"&LOWER($A3) -> 0198ef6d-8543-90a8-a647-ae05912c77ba|0198ef6d-8543-022e-af76-07950e3be6d8 | L3: =LOWER($J3)&"|"&LOWER($B3) -> 0198ef6d-8543-90a8-a647-ae05912c77ba|category2 | M3: =LOWER($J3)&"|"&LOWER($C3) -> 0198ef6d-8543-90a8-a647-ae05912c77ba|category1_2
A4: 0198ef6d-8543-e759-11f0-adca304123d1 | B4: CATEGORY3 | C4: Category1_3 | F4: {} | I4: =INDEX(ConceptSet!$B:$B,MATCH($J4,ConceptSet!$A:$A,0)) -> NOMINAL_1 | J4: 0198ef6d-8543-90a8-a647-ae05912c77ba | K4: =LOWER($J4)&"|"&LOWER($A4) -> 0198ef6d-8543-90a8-a647-ae05912c77ba|0198ef6d-8543-e759-11f0-adca304123d1 | L4: =LOWER($J4)&"|"&LOWER($B4) -> 0198ef6d-8543-90a8-a647-ae05912c77ba|category3 | M4: =LOWER($J4)&"|"&LOWER($C4) -> 0198ef6d-8543-90a8-a647-ae05912c77ba|category1_3
A5: 0198ef6d-8543-6ac9-4915-b0f74393baa3 | B5: CATEGORY1 | C5: Category2_1 | F5: {} | I5: =INDEX(ConceptSet!$B:$B,MATCH($J5,ConceptSet!$A:$A,0)) -> NOMINAL_2 | J5: 0198ef6d-8543-2a99-b3be-b0d2583cb604 | K5: =LOWER($J5)&"|"&LOWER($A5) -> 0198ef6d-8543-2a99-b3be-b0d2583cb604|0198ef6d-8543-6ac9-4915-b0f74393baa3 | L5: =LOWER($J5)&"|"&LOWER($B5) -> 0198ef6d-8543-2a99-b3be-b0d2583cb604|category1 | M5: =LOWER($J5)&"|"&LOWER($C5) -> 0198ef6d-8543-2a99-b3be-b0d2583cb604|category2_1
A6: 0198ef6d-8543-d8eb-6c3e-2b68e40942f8 | B6: CATEGORY2 | C6: Category2_2 | F6: {} | I6: =INDEX(ConceptSet!$B:$B,MATCH($J6,ConceptSet!$A:$A,0)) -> NOMINAL_2 | J6: 0198ef6d-8543-2a99-b3be-b0d2583cb604 | K6: =LOWER($J6)&"|"&LOWER($A6) -> 0198ef6d-8543-2a99-b3be-b0d2583cb604|0198ef6d-8543-d8eb-6c3e-2b68e40942f8 | L6: =LOWER($J6)&"|"&LOWER($B6) -> 0198ef6d-8543-2a99-b3be-b0d2583cb604|category2 | M6: =LOWER($J6)&"|"&LOWER($C6) -> 0198ef6d-8543-2a99-b3be-b0d2583cb604|category2_2
A7: 0198ef6d-8543-2764-1452-6fe25c191511 | B7: CATEGORY3 | C7: Category2_3 | F7: {} | I7: =INDEX(ConceptSet!$B:$B,MATCH($J7,ConceptSet!$A:$A,0)) -> NOMINAL_2 | J7: 0198ef6d-8543-2a99-b3be-b0d2583cb604 | K7: =LOWER($J7)&"|"&LOWER($A7) -> 0198ef6d-8543-2a99-b3be-b0d2583cb604|0198ef6d-8543-2764-1452-6fe25c191511 | L7: =LOWER($J7)&"|"&LOWER($B7) -> 0198ef6d-8543-2a99-b3be-b0d2583cb604|category3 | M7: =LOWER($J7)&"|"&LOWER($C7) -> 0198ef6d-8543-2a99-b3be-b0d2583cb604|category2_3
A8: 0198ef6d-8543-73c8-d3af-92aa66e44b8c | B8: RANK1 | C8: Rank1_1 | E8: 1 | F8: {} | I8: =INDEX(ConceptSet!$B:$B,MATCH($J8,ConceptSet!$A:$A,0)) -> ORDINAL_1 | J8: 0198ef6d-8543-b279-03a6-da9684b42b08 | K8: =LOWER($J8)&"|"&LOWER($A8) -> 0198ef6d-8543-b279-03a6-da9684b42b08|0198ef6d-8543-73c8-d3af-92aa66e44b8c | L8: =LOWER($J8)&"|"&LOWER($B8) -> 0198ef6d-8543-b279-03a6-da9684b42b08|rank1 | M8: =LOWER($J8)&"|"&LOWER($C8) -> 0198ef6d-8543-b279-03a6-da9684b42b08|rank1_1
A9: 0198ef6d-8543-7395-2023-95bfee798f65 | B9: RANK2 | C9: Rank1_2 | E9: 2 | F9: {} | I9: =INDEX(ConceptSet!$B:$B,MATCH($J9,ConceptSet!$A:$A,0)) -> ORDINAL_1 | J9: 0198ef6d-8543-b279-03a6-da9684b42b08 | K9: =LOWER($J9)&"|"&LOWER($A9) -> 0198ef6d-8543-b279-03a6-da9684b42b08|0198ef6d-8543-7395-2023-95bfee798f65 | L9: =LOWER($J9)&"|"&LOWER($B9) -> 0198ef6d-8543-b279-03a6-da9684b42b08|rank2 | M9: =LOWER($J9)&"|"&LOWER($C9) -> 0198ef6d-8543-b279-03a6-da9684b42b08|rank1_2
A10: 0198ef6d-8543-ef67-b7ee-fa35926c01fd | B10: RANK3 | C10: Rank1_3 | E10: 3 | F10: {} | I10: =INDEX(ConceptSet!$B:$B,MATCH($J10,ConceptSet!$A:$A,0)) -> ORDINAL_1 | J10: 0198ef6d-8543-b279-03a6-da9684b42b08 | K10: =LOWER($J10)&"|"&LOWER($A10) -> 0198ef6d-8543-b279-03a6-da9684b42b08|0198ef6d-8543-ef67-b7ee-fa35926c01fd | L10: =LOWER($J10)&"|"&LOWER($B10) -> 0198ef6d-8543-b279-03a6-da9684b42b08|rank3 | M10: =LOWER($J10)&"|"&LOWER($C10) -> 0198ef6d-8543-b279-03a6-da9684b42b08|rank1_3
A11: 0198ef6d-8543-1842-1575-0be542168d82 | B11: RANK1 | C11: Rank2_1 | E11: 1 | F11: {} | I11: =INDEX(ConceptSet!$B:$B,MATCH($J11,ConceptSet!$A:$A,0)) -> ORDINAL_2 | J11: 0198ef6d-8543-d076-3da0-dd48921087f9 | K11: =LOWER($J11)&"|"&LOWER($A11) -> 0198ef6d-8543-d076-3da0-dd48921087f9|0198ef6d-8543-1842-1575-0be542168d82 | L11: =LOWER($J11)&"|"&LOWER($B11) -> 0198ef6d-8543-d076-3da0-dd48921087f9|rank1 | M11: =LOWER($J11)&"|"&LOWER($C11) -> 0198ef6d-8543-d076-3da0-dd48921087f9|rank2_1
A12: 0198ef6d-8543-db07-f368-c8dd91590021 | B12: RANK2 | C12: Rank2_2 | E12: 2 | F12: {} | I12: =INDEX(ConceptSet!$B:$B,MATCH($J12,ConceptSet!$A:$A,0)) -> ORDINAL_2 | J12: 0198ef6d-8543-d076-3da0-dd48921087f9 | K12: =LOWER($J12)&"|"&LOWER($A12) -> 0198ef6d-8543-d076-3da0-dd48921087f9|0198ef6d-8543-db07-f368-c8dd91590021 | L12: =LOWER($J12)&"|"&LOWER($B12) -> 0198ef6d-8543-d076-3da0-dd48921087f9|rank2 | M12: =LOWER($J12)&"|"&LOWER($C12) -> 0198ef6d-8543-d076-3da0-dd48921087f9|rank2_2
A13: 0198ef6d-8543-403c-ce3e-33a4efc54a25 | B13: RANK3 | C13: Rank2_3 | E13: 3 | F13: {} | I13: =INDEX(ConceptSet!$B:$B,MATCH($J13,ConceptSet!$A:$A,0)) -> ORDINAL_2 | J13: 0198ef6d-8543-d076-3da0-dd48921087f9 | K13: =LOWER($J13)&"|"&LOWER($A13) -> 0198ef6d-8543-d076-3da0-dd48921087f9|0198ef6d-8543-403c-ce3e-33a4efc54a25 | L13: =LOWER($J13)&"|"&LOWER($B13) -> 0198ef6d-8543-d076-3da0-dd48921087f9|rank3 | M13: =LOWER($J13)&"|"&LOWER($C13) -> 0198ef6d-8543-d076-3da0-dd48921087f9|rank2_3
A14: 0198ef6d-8543-9d0a-baf1-e5c51942de4e | B14: =IF($G14=$H14-1,$G14&"",$G14&IF($H14=125,"+","-"&$H14-1)) -> 5-14 | C14: ="Age in years, ["&$G14&", "&$H14&"[" -> Age in years, [5, 15[ | E14: 1 | F14: ="{""lb"":"&$G14&",""lb_in"":true,""ub"":"&$H14&",""ub_in"":false,""unit"":""YEAR""}" -> {"lb":5,"lb_in":true,"ub":15,"ub_in":false,"unit":"YEAR"} | G14: 5 | H14: 15 | I14: =INDEX(ConceptSet!$B:$B,MATCH($J14,ConceptSet!$A:$A,0)) -> AGE_CATEGORY_1 | J14: 0198ef6d-8543-020d-44c5-53e813a46714 | K14: =LOWER($J14)&"|"&LOWER($A14) -> 0198ef6d-8543-020d-44c5-53e813a46714|0198ef6d-8543-9d0a-baf1-e5c51942de4e | L14: =LOWER($J14)&"|"&LOWER($B14) -> 0198ef6d-8543-020d-44c5-53e813a46714|5-14 | M14: =LOWER($J14)&"|"&LOWER($C14) -> 0198ef6d-8543-020d-44c5-53e813a46714|age in years, [5, 15[
A15: 0198ef6d-8543-d03b-b9f4-f460fae89f04 | B15: =IF($G15=$H15-1,$G15&"",$G15&IF($H15=125,"+","-"&$H15-1)) -> 15-24 | C15: ="Age in years, ["&$G15&", "&$H15&"[" -> Age in years, [15, 25[ | E15: 2 | F15: ="{""lb"":"&$G15&",""lb_in"":true,""ub"":"&$H15&",""ub_in"":false,""unit"":""YEAR""}" -> {"lb":15,"lb_in":true,"ub":25,"ub_in":false,"unit":"YEAR"} | G15: 15 | H15: 25 | I15: =INDEX(ConceptSet!$B:$B,MATCH($J15,ConceptSet!$A:$A,0)) -> AGE_CATEGORY_1 | J15: 0198ef6d-8543-020d-44c5-53e813a46714 | K15: =LOWER($J15)&"|"&LOWER($A15) -> 0198ef6d-8543-020d-44c5-53e813a46714|0198ef6d-8543-d03b-b9f4-f460fae89f04 | L15: =LOWER($J15)&"|"&LOWER($B15) -> 0198ef6d-8543-020d-44c5-53e813a46714|15-24 | M15: =LOWER($J15)&"|"&LOWER($C15) -> 0198ef6d-8543-020d-44c5-53e813a46714|age in years, [15, 25[
A16: 0198ef6d-8543-e70f-7b7c-8e2af8fe9e2d | B16: =IF($G16=$H16-1,$G16&"",$G16&IF($H16=125,"+","-"&$H16-1)) -> 25-44 | C16: ="Age in years, ["&$G16&", "&$H16&"[" -> Age in years, [25, 45[ | E16: 3 | F16: ="{""lb"":"&$G16&",""lb_in"":true,""ub"":"&$H16&",""ub_in"":false,""unit"":""YEAR""}" -> {"lb":25,"lb_in":true,"ub":45,"ub_in":false,"unit":"YEAR"} | G16: 25 | H16: 45 | I16: =INDEX(ConceptSet!$B:$B,MATCH($J16,ConceptSet!$A:$A,0)) -> AGE_CATEGORY_1 | J16: 0198ef6d-8543-020d-44c5-53e813a46714 | K16: =LOWER($J16)&"|"&LOWER($A16) -> 0198ef6d-8543-020d-44c5-53e813a46714|0198ef6d-8543-e70f-7b7c-8e2af8fe9e2d | L16: =LOWER($J16)&"|"&LOWER($B16) -> 0198ef6d-8543-020d-44c5-53e813a46714|25-44 | M16: =LOWER($J16)&"|"&LOWER($C16) -> 0198ef6d-8543-020d-44c5-53e813a46714|age in years, [25, 45[
A17: 0198ef6d-8543-8304-54a7-34542a0a9c33 | B17: =IF($G17=$H17-1,$G17&"",$G17&IF($H17=125,"+","-"&$H17-1)) -> 45-64 | C17: ="Age in years, ["&$G17&", "&$H17&"[" -> Age in years, [45, 65[ | E17: 4 | F17: ="{""lb"":"&$G17&",""lb_in"":true,""ub"":"&$H17&",""ub_in"":false,""unit"":""YEAR""}" -> {"lb":45,"lb_in":true,"ub":65,"ub_in":false,"unit":"YEAR"} | G17: 45 | H17: 65 | I17: =INDEX(ConceptSet!$B:$B,MATCH($J17,ConceptSet!$A:$A,0)) -> AGE_CATEGORY_1 | J17: 0198ef6d-8543-020d-44c5-53e813a46714 | K17: =LOWER($J17)&"|"&LOWER($A17) -> 0198ef6d-8543-020d-44c5-53e813a46714|0198ef6d-8543-8304-54a7-34542a0a9c33 | L17: =LOWER($J17)&"|"&LOWER($B17) -> 0198ef6d-8543-020d-44c5-53e813a46714|45-64 | M17: =LOWER($J17)&"|"&LOWER($C17) -> 0198ef6d-8543-020d-44c5-53e813a46714|age in years, [45, 65[
A18: 0198ef6d-8543-c436-8749-ad1b2a75b4ba | B18: =IF($G18=$H18-1,$G18&"",$G18&IF($H18=125,"+","-"&$H18-1)) -> 65+ | C18: ="Age in years, ["&$G18&", "&$H18&"[" -> Age in years, [65, 125[ | E18: 5 | F18: ="{""lb"":"&$G18&",""lb_in"":true,""ub"":"&$H18&",""ub_in"":false,""unit"":""YEAR""}" -> {"lb":65,"lb_in":true,"ub":125,"ub_in":false,"unit":"YEAR"} | G18: 65 | H18: 125 | I18: =INDEX(ConceptSet!$B:$B,MATCH($J18,ConceptSet!$A:$A,0)) -> AGE_CATEGORY_1 | J18: 0198ef6d-8543-020d-44c5-53e813a46714 | K18: =LOWER($J18)&"|"&LOWER($A18) -> 0198ef6d-8543-020d-44c5-53e813a46714|0198ef6d-8543-c436-8749-ad1b2a75b4ba | L18: =LOWER($J18)&"|"&LOWER($B18) -> 0198ef6d-8543-020d-44c5-53e813a46714|65+ | M18: =LOWER($J18)&"|"&LOWER($C18) -> 0198ef6d-8543-020d-44c5-53e813a46714|age in years, [65, 125[
A19: 0198ef6d-8543-893c-c5e2-73c38bec9ac6 | B19: =IF($G19=$H19-1,$G19&"",$G19&IF($H19=125,"+","-"&$H19-1)) -> 5-18 | C19: ="Age in years, ["&$G19&", "&$H19&"[" -> Age in years, [5, 19[ | E19: 1 | F19: ="{""lb"":"&$G19&",""lb_in"":true,""ub"":"&$H19&",""ub_in"":false,""unit"":""YEAR""}" -> {"lb":5,"lb_in":true,"ub":19,"ub_in":false,"unit":"YEAR"} | G19: 5 | H19: 19 | I19: =INDEX(ConceptSet!$B:$B,MATCH($J19,ConceptSet!$A:$A,0)) -> AGE_CATEGORY_2 | J19: 0198ef6d-8543-2a37-be54-7f7d24e1ed1d | K19: =LOWER($J19)&"|"&LOWER($A19) -> 0198ef6d-8543-2a37-be54-7f7d24e1ed1d|0198ef6d-8543-893c-c5e2-73c38bec9ac6 | L19: =LOWER($J19)&"|"&LOWER($B19) -> 0198ef6d-8543-2a37-be54-7f7d24e1ed1d|5-18 | M19: =LOWER($J19)&"|"&LOWER($C19) -> 0198ef6d-8543-2a37-be54-7f7d24e1ed1d|age in years, [5, 19[
A20: 0198ef6d-8543-626b-c05d-de74547d3621 | B20: =IF($G20=$H20-1,$G20&"",$G20&IF($H20=125,"+","-"&$H20-1)) -> 19-64 | C20: ="Age in years, ["&$G20&", "&$H20&"[" -> Age in years, [19, 65[ | E20: 2 | F20: ="{""lb"":"&$G20&",""lb_in"":true,""ub"":"&$H20&",""ub_in"":false,""unit"":""YEAR""}" -> {"lb":19,"lb_in":true,"ub":65,"ub_in":false,"unit":"YEAR"} | G20: 19 | H20: 65 | I20: =INDEX(ConceptSet!$B:$B,MATCH($J20,ConceptSet!$A:$A,0)) -> AGE_CATEGORY_2 | J20: 0198ef6d-8543-2a37-be54-7f7d24e1ed1d | K20: =LOWER($J20)&"|"&LOWER($A20) -> 0198ef6d-8543-2a37-be54-7f7d24e1ed1d|0198ef6d-8543-626b-c05d-de74547d3621 | L20: =LOWER($J20)&"|"&LOWER($B20) -> 0198ef6d-8543-2a37-be54-7f7d24e1ed1d|19-64 | M20: =LOWER($J20)&"|"&LOWER($C20) -> 0198ef6d-8543-2a37-be54-7f7d24e1ed1d|age in years, [19, 65[
A21: 0198ef6d-8543-1ce7-83c8-e53fe4b7fb8e | B21: =IF($G21=$H21-1,$G21&"",$G21&IF($H21=125,"+","-"&$H21-1)) -> 0-14 | C21: ="Age in years, ["&$G21&", "&$H21&"[" -> Age in years, [0, 15[ | E21: 1 | F21: ="{""lb"":"&$G21&",""lb_in"":true,""ub"":"&$H21&",""ub_in"":false,""unit"":""YEAR""}" -> {"lb":0,"lb_in":true,"ub":15,"ub_in":false,"unit":"YEAR"} | G21: 0 | H21: 15 | I21: =INDEX(ConceptSet!$B:$B,MATCH($J21,ConceptSet!$A:$A,0)) -> AGE_CATEGORY_3 | J21: 0198ef6d-8543-f668-cedc-b78f8e3bc412 | K21: =LOWER($J21)&"|"&LOWER($A21) -> 0198ef6d-8543-f668-cedc-b78f8e3bc412|0198ef6d-8543-1ce7-83c8-e53fe4b7fb8e | L21: =LOWER($J21)&"|"&LOWER($B21) -> 0198ef6d-8543-f668-cedc-b78f8e3bc412|0-14 | M21: =LOWER($J21)&"|"&LOWER($C21) -> 0198ef6d-8543-f668-cedc-b78f8e3bc412|age in years, [0, 15[
A22: 0198ef6d-8543-773c-35de-7133eb350f0c | B22: =IF($G22=$H22-1,$G22&"",$G22&IF($H22=125,"+","-"&$H22-1)) -> 25-34 | C22: ="Age in years, ["&$G22&", "&$H22&"[" -> Age in years, [25, 35[ | E22: 2 | F22: ="{""lb"":"&$G22&",""lb_in"":true,""ub"":"&$H22&",""ub_in"":false,""unit"":""YEAR""}" -> {"lb":25,"lb_in":true,"ub":35,"ub_in":false,"unit":"YEAR"} | G22: 25 | H22: 35 | I22: =INDEX(ConceptSet!$B:$B,MATCH($J22,ConceptSet!$A:$A,0)) -> AGE_CATEGORY_3 | J22: 0198ef6d-8543-f668-cedc-b78f8e3bc412 | K22: =LOWER($J22)&"|"&LOWER($A22) -> 0198ef6d-8543-f668-cedc-b78f8e3bc412|0198ef6d-8543-773c-35de-7133eb350f0c | L22: =LOWER($J22)&"|"&LOWER($B22) -> 0198ef6d-8543-f668-cedc-b78f8e3bc412|25-34 | M22: =LOWER($J22)&"|"&LOWER($C22) -> 0198ef6d-8543-f668-cedc-b78f8e3bc412|age in years, [25, 35[
A23: 0198ef6d-8543-8382-74c3-3094271a22fd | B23: =IF($G23=$H23-1,$G23&"",$G23&IF($H23=125,"+","-"&$H23-1)) -> 35-44 | C23: ="Age in years, ["&$G23&", "&$H23&"[" -> Age in years, [35, 45[ | E23: 3 | F23: ="{""lb"":"&$G23&",""lb_in"":true,""ub"":"&$H23&",""ub_in"":false,""unit"":""YEAR""}" -> {"lb":35,"lb_in":true,"ub":45,"ub_in":false,"unit":"YEAR"} | G23: 35 | H23: 45 | I23: =INDEX(ConceptSet!$B:$B,MATCH($J23,ConceptSet!$A:$A,0)) -> AGE_CATEGORY_3 | J23: 0198ef6d-8543-f668-cedc-b78f8e3bc412 | K23: =LOWER($J23)&"|"&LOWER($A23) -> 0198ef6d-8543-f668-cedc-b78f8e3bc412|0198ef6d-8543-8382-74c3-3094271a22fd | L23: =LOWER($J23)&"|"&LOWER($B23) -> 0198ef6d-8543-f668-cedc-b78f8e3bc412|35-44 | M23: =LOWER($J23)&"|"&LOWER($C23) -> 0198ef6d-8543-f668-cedc-b78f8e3bc412|age in years, [35, 45[
A24: 0198ef6d-8543-9cc1-eca7-e072c2b8acae | B24: =IF($G24=$H24-1,$G24&"",$G24&IF($H24=125,"+","-"&$H24-1)) -> 45+ | C24: ="Age in years, ["&$G24&", "&$H24&"[" -> Age in years, [45, 125[ | E24: 4 | F24: ="{""lb"":"&$G24&",""lb_in"":true,""ub"":"&$H24&",""ub_in"":false,""unit"":""YEAR""}" -> {"lb":45,"lb_in":true,"ub":125,"ub_in":false,"unit":"YEAR"} | G24: 45 | H24: 125 | I24: =INDEX(ConceptSet!$B:$B,MATCH($J24,ConceptSet!$A:$A,0)) -> AGE_CATEGORY_3 | J24: 0198ef6d-8543-f668-cedc-b78f8e3bc412 | K24: =LOWER($J24)&"|"&LOWER($A24) -> 0198ef6d-8543-f668-cedc-b78f8e3bc412|0198ef6d-8543-9cc1-eca7-e072c2b8acae | L24: =LOWER($J24)&"|"&LOWER($B24) -> 0198ef6d-8543-f668-cedc-b78f8e3bc412|45+ | M24: =LOWER($J24)&"|"&LOWER($C24) -> 0198ef6d-8543-f668-cedc-b78f8e3bc412|age in years, [45, 125[
A25: 0198ef6d-8543-98db-539f-d07c72d29ddb | B25: =IF($G25=$H25-1,$G25&"",$G25&IF($H25=125,"+","-"&$H25-1)) -> 0 | C25: ="Age in years, ["&$G25&", "&$H25&"[" -> Age in years, [0, 1[ | E25: 1 | F25: ="{""lb"":"&$G25&",""lb_in"":true,""ub"":"&$H25&",""ub_in"":false,""unit"":""YEAR""}" -> {"lb":0,"lb_in":true,"ub":1,"ub_in":false,"unit":"YEAR"} | G25: 0 | H25: 1 | I25: =INDEX(ConceptSet!$B:$B,MATCH($J25,ConceptSet!$A:$A,0)) -> AGE_CATEGORY_4 | J25: 0198ef6d-8543-2673-a691-fe8584d0695e | K25: =LOWER($J25)&"|"&LOWER($A25) -> 0198ef6d-8543-2673-a691-fe8584d0695e|0198ef6d-8543-98db-539f-d07c72d29ddb | L25: =LOWER($J25)&"|"&LOWER($B25) -> 0198ef6d-8543-2673-a691-fe8584d0695e|0 | M25: =LOWER($J25)&"|"&LOWER($C25) -> 0198ef6d-8543-2673-a691-fe8584d0695e|age in years, [0, 1[
... A28: 0198ef6d-8543-70a1-1296-358b9a16f485 | B28: =IF($G28=$H28-1,$G28&"",$G28&IF($H28=125,"+","-"&$H28-1)) -> 55-64 | C28: ="Age in years, ["&$G28&", "&$H28&"[" -> Age in years, [55, 65[ | E28: 4 | F28: ="{""lb"":"&$G28&",""lb_in"":true,""ub"":"&$H28&",""ub_in"":false,""unit"":""YEAR""}" -> {"lb":55,"lb_in":true,"ub":65,"ub_in":false,"unit":"YEAR"} | G28: 55 | H28: 65 | I28: =INDEX(ConceptSet!$B:$B,MATCH($J28,ConceptSet!$A:$A,0)) -> AGE_CATEGORY_4 | J28: 0198ef6d-8543-2673-a691-fe8584d0695e | K28: =LOWER($J28)&"|"&LOWER($A28) -> 0198ef6d-8543-2673-a691-fe8584d0695e|0198ef6d-8543-70a1-1296-358b9a16f485 | L28: =LOWER($J28)&"|"&LOWER($B28) -> 0198ef6d-8543-2673-a691-fe8584d0695e|55-64 | M28: =LOWER($J28)&"|"&LOWER($C28) -> 0198ef6d-8543-2673-a691-fe8584d0695e|age in years, [55, 65[
A29: 0198ef6d-8543-595a-1fed-0c02d313b824 | B29: =IF($G29=$H29-1,$G29&"",$G29&IF($H29=48,"+","-"&$H29-1))&"M" -> 0M | C29: ="Age in months, ["&$G29&", "&$H29&"[" -> Age in months, [0, 1[ | E29: 1 | F29: ="{""lb"":"&$G29&",""lb_in"":true,""ub"":"&$H29&",""ub_in"":false,""unit"":""MONTH""}" -> {"lb":0,"lb_in":true,"ub":1,"ub_in":false,"unit":"MONTH"} | G29: 0 | H29: 1 | I29: =INDEX(ConceptSet!$B:$B,MATCH($J29,ConceptSet!$A:$A,0)) -> AGE_CATEGORY_5 | J29: 0198ef6d-8543-cb6b-0c98-c2a7e640e10d | K29: =LOWER($J29)&"|"&LOWER($A29) -> 0198ef6d-8543-cb6b-0c98-c2a7e640e10d|0198ef6d-8543-595a-1fed-0c02d313b824 | L29: =LOWER($J29)&"|"&LOWER($B29) -> 0198ef6d-8543-cb6b-0c98-c2a7e640e10d|0m | M29: =LOWER($J29)&"|"&LOWER($C29) -> 0198ef6d-8543-cb6b-0c98-c2a7e640e10d|age in months, [0, 1[
A30: 0198ef6d-8543-9248-0edb-2477c9364381 | B30: =IF($G30=$H30-1,$G30&"",$G30&IF($H30=48,"+","-"&$H30-1))&"M" -> 1M | C30: ="Age in months, ["&$G30&", "&$H30&"[" -> Age in months, [1, 2[ | E30: 2 | F30: ="{""lb"":"&$G30&",""lb_in"":true,""ub"":"&$H30&",""ub_in"":false,""unit"":""MONTH""}" -> {"lb":1,"lb_in":true,"ub":2,"ub_in":false,"unit":"MONTH"} | G30: 1 | H30: 2 | I30: =INDEX(ConceptSet!$B:$B,MATCH($J30,ConceptSet!$A:$A,0)) -> AGE_CATEGORY_5 | J30: 0198ef6d-8543-cb6b-0c98-c2a7e640e10d | K30: =LOWER($J30)&"|"&LOWER($A30) -> 0198ef6d-8543-cb6b-0c98-c2a7e640e10d|0198ef6d-8543-9248-0edb-2477c9364381 | L30: =LOWER($J30)&"|"&LOWER($B30) -> 0198ef6d-8543-cb6b-0c98-c2a7e640e10d|1m | M30: =LOWER($J30)&"|"&LOWER($C30) -> 0198ef6d-8543-cb6b-0c98-c2a7e640e10d|age in months, [1, 2[
A31: 0198ef6d-8543-fa54-4ee1-8145b37ae29c | B31: =IF($G31=$H31-1,$G31&"",$G31&IF($H31=48,"+","-"&$H31-1))&"M" -> 2M | C31: ="Age in months, ["&$G31&", "&$H31&"[" -> Age in months, [2, 3[ | E31: 3 | F31: ="{""lb"":"&$G31&",""lb_in"":true,""ub"":"&$H31&",""ub_in"":false,""unit"":""MONTH""}" -> {"lb":2,"lb_in":true,"ub":3,"ub_in":false,"unit":"MONTH"} | G31: 2 | H31: 3 | I31: =INDEX(ConceptSet!$B:$B,MATCH($J31,ConceptSet!$A:$A,0)) -> AGE_CATEGORY_5 | J31: 0198ef6d-8543-cb6b-0c98-c2a7e640e10d | K31: =LOWER($J31)&"|"&LOWER($A31) -> 0198ef6d-8543-cb6b-0c98-c2a7e640e10d|0198ef6d-8543-fa54-4ee1-8145b37ae29c | L31: =LOWER($J31)&"|"&LOWER($B31) -> 0198ef6d-8543-cb6b-0c98-c2a7e640e10d|2m | M31: =LOWER($J31)&"|"&LOWER($C31) -> 0198ef6d-8543-cb6b-0c98-c2a7e640e10d|age in months, [2, 3[
A32: 0198ef6d-8543-9154-e58f-dd117f762168 | B32: =IF($G32=$H32-1,$G32&"",$G32&IF($H32=48,"+","-"&$H32-1))&"M" -> 3+M | C32: ="Age in months, ["&$G32&", "&$H32&"[" -> Age in months, [3, 48[ | E32: 4 | F32: ="{""lb"":"&$G32&",""lb_in"":true,""ub"":"&$H32&",""ub_in"":false,""unit"":""MONTH""}" -> {"lb":3,"lb_in":true,"ub":48,"ub_in":false,"unit":"MONTH"} | G32: 3 | H32: 48 | I32: =INDEX(ConceptSet!$B:$B,MATCH($J32,ConceptSet!$A:$A,0)) -> AGE_CATEGORY_5 | J32: 0198ef6d-8543-cb6b-0c98-c2a7e640e10d | K32: =LOWER($J32)&"|"&LOWER($A32) -> 0198ef6d-8543-cb6b-0c98-c2a7e640e10d|0198ef6d-8543-9154-e58f-dd117f762168 | L32: =LOWER($J32)&"|"&LOWER($B32) -> 0198ef6d-8543-cb6b-0c98-c2a7e640e10d|3+m | M32: =LOWER($J32)&"|"&LOWER($C32) -> 0198ef6d-8543-cb6b-0c98-c2a7e640e10d|age in months, [3, 48[

Sheet ConceptRelation
A1: id | B1: from_concept_id | C1: to_concept_id | D1: dm.qc.no_identical_from_to | E1: dm.from_concept.name | F1: dm.to_concept.name | G1: dm.from_concept.concept_set.code | H1: dm.to_concept.concept_set.code | I1: relation
A2: 019965ee-523d-8f13-b94b-16fb4469bb06 | B2: 0198ef6d-8543-1558-187c-47880d4b485e | C2: 0198ef6d-8543-6ac9-4915-b0f74393baa3 | D2: =$B2<>$C2 -> TRUE | E2: =INDEX(Concept!$C:$C,MATCH($B2,Concept!$A:$A,0)) -> Category1_1 | F2: =INDEX(Concept!$C:$C,MATCH($C2,Concept!$A:$A,0)) -> Category2_1 | G2: =INDEX(Concept!$I:$I,MATCH($B2,Concept!$A:$A,0)) -> NOMINAL_1 | H2: =INDEX(Concept!$I:$I,MATCH($C2,Concept!$A:$A,0)) -> NOMINAL_2 | I2: CONTAINS
A3: 019965ee-523d-6fda-d1cb-4f3cb8eb8637 | B3: 0198ef6d-8543-1558-187c-47880d4b485e | C3: 0198ef6d-8543-d8eb-6c3e-2b68e40942f8 | D3: =$B3<>$C3 -> TRUE | E3: =INDEX(Concept!$C:$C,MATCH($B3,Concept!$A:$A,0)) -> Category1_1 | F3: =INDEX(Concept!$C:$C,MATCH($C3,Concept!$A:$A,0)) -> Category2_2 | G3: =INDEX(Concept!$I:$I,MATCH($B3,Concept!$A:$A,0)) -> NOMINAL_1 | H3: =INDEX(Concept!$I:$I,MATCH($C3,Concept!$A:$A,0)) -> NOMINAL_2 | I3: CONTAINS

Sheet RegionSet
A1: id | B1: code | C1: name | D1: region_code_as_label
A2: 0198ef6d-8543-92bb-3d7b-9a6b17e52c7d | B2: PC_L4 | C2: Postal codes - Level 4 | D2: TRUE
A3: 0198ef6d-8543-0ad2-6a86-701cc690b0a4 | B3: PC_L3 | C3: Postal codes - Level 3 | D3: TRUE
A4: 0198ef6d-8543-5e3f-5ed0-dd932e32c2aa | B4: MUN | C4: Municipalities | D4: FALSE
A5: 0198ef6d-8543-ca21-8fc9-aac9c10fe055 | B5: PV | C5: Provinces | D5: FALSE

Sheet Region
A1: id | B1: region_set_id | C1: region_set_name | D1: code | E1: name | F1: centroid_lat | G1: centroid_lon | H1: center_lat | I1: center_lon | J1: dm.key.code | K1: dm.key.name
A2: 0198ef6d-8543-98d5-9df4-4ac64d603502 | B2: 0198ef6d-8543-92bb-3d7b-9a6b17e52c7d | C2: =INDEX(RegionSet!$C:$C,MATCH($B2,RegionSet!$A:$A,0)) -> Postal codes - Level 4 | D2: 1011 | E2: ="PC_"&$D2 -> PC_1011 | F2: 1 | G2: 1 | H2: 1 | I2: 1 | J2: =LOWER($B2&"|"&$D2) -> 0198ef6d-8543-92bb-3d7b-9a6b17e52c7d|1011 | K2: =LOWER($B2&"|"&$E2) -> 0198ef6d-8543-92bb-3d7b-9a6b17e52c7d|pc_1011
A3: 0198ef6d-8543-ae94-efef-2be1b23245af | B3: 0198ef6d-8543-92bb-3d7b-9a6b17e52c7d | C3: =INDEX(RegionSet!$C:$C,MATCH($B3,RegionSet!$A:$A,0)) -> Postal codes - Level 4 | D3: 1012 | E3: ="PC_"&$D3 -> PC_1012 | F3: 1 | G3: 1 | H3: 1 | I3: 1 | J3: =LOWER($B3&"|"&$D3) -> 0198ef6d-8543-92bb-3d7b-9a6b17e52c7d|1012 | K3: =LOWER($B3&"|"&$E3) -> 0198ef6d-8543-92bb-3d7b-9a6b17e52c7d|pc_1012
A4: 0198ef6d-8543-8b5f-18fa-1ed57d0932cc | B4: 0198ef6d-8543-92bb-3d7b-9a6b17e52c7d | C4: =INDEX(RegionSet!$C:$C,MATCH($B4,RegionSet!$A:$A,0)) -> Postal codes - Level 4 | D4: 1013 | E4: ="PC_"&$D4 -> PC_1013 | F4: 1 | G4: 1 | H4: 1 | I4: 1 | J4: =LOWER($B4&"|"&$D4) -> 0198ef6d-8543-92bb-3d7b-9a6b17e52c7d|1013 | K4: =LOWER($B4&"|"&$E4) -> 0198ef6d-8543-92bb-3d7b-9a6b17e52c7d|pc_1013
A5: 0198ef6d-8543-a364-ca72-6ec6f635451c | B5: 0198ef6d-8543-92bb-3d7b-9a6b17e52c7d | C5: =INDEX(RegionSet!$C:$C,MATCH($B5,RegionSet!$A:$A,0)) -> Postal codes - Level 4 | D5: 1021 | E5: ="PC_"&$D5 -> PC_1021 | F5: 1 | G5: 1 | H5: 1 | I5: 1 | J5: =LOWER($B5&"|"&$D5) -> 0198ef6d-8543-92bb-3d7b-9a6b17e52c7d|1021 | K5: =LOWER($B5&"|"&$E5) -> 0198ef6d-8543-92bb-3d7b-9a6b17e52c7d|pc_1021
A6: 0198ef6d-8543-36e6-2666-1cd464720c40 | B6: 0198ef6d-8543-92bb-3d7b-9a6b17e52c7d | C6: =INDEX(RegionSet!$C:$C,MATCH($B6,RegionSet!$A:$A,0)) -> Postal codes - Level 4 | D6: 1022 | E6: ="PC_"&$D6 -> PC_1022 | F6: 1 | G6: 1 | H6: 1 | I6: 1 | J6: =LOWER($B6&"|"&$D6) -> 0198ef6d-8543-92bb-3d7b-9a6b17e52c7d|1022 | K6: =LOWER($B6&"|"&$E6) -> 0198ef6d-8543-92bb-3d7b-9a6b17e52c7d|pc_1022
A7: 0198ef6d-8543-6c09-555d-db3403ec2556 | B7: 0198ef6d-8543-92bb-3d7b-9a6b17e52c7d | C7: =INDEX(RegionSet!$C:$C,MATCH($B7,RegionSet!$A:$A,0)) -> Postal codes - Level 4 | D7: 1023 | E7: ="PC_"&$D7 -> PC_1023 | F7: 1 | G7: 1 | H7: 1 | I7: 1 | J7: =LOWER($B7&"|"&$D7) -> 0198ef6d-8543-92bb-3d7b-9a6b17e52c7d|1023 | K7: =LOWER($B7&"|"&$E7) -> 0198ef6d-8543-92bb-3d7b-9a6b17e52c7d|pc_1023
A8: 0198ef6d-8543-dcdc-9496-52bc01e1c56d | B8: 0198ef6d-8543-0ad2-6a86-701cc690b0a4 | C8: =INDEX(RegionSet!$C:$C,MATCH($B8,RegionSet!$A:$A,0)) -> Postal codes - Level 3 | D8: 101 | E8: ="PC_"&$D8 -> PC_101 | F8: 1 | G8: 1 | H8: 1 | I8: 1 | J8: =LOWER($B8&"|"&$D8) -> 0198ef6d-8543-0ad2-6a86-701cc690b0a4|101 | K8: =LOWER($B8&"|"&$E8) -> 0198ef6d-8543-0ad2-6a86-701cc690b0a4|pc_101
A9: 0198ef6d-8543-633c-9a80-b3ee43366dab | B9: 0198ef6d-8543-0ad2-6a86-701cc690b0a4 | C9: =INDEX(RegionSet!$C:$C,MATCH($B9,RegionSet!$A:$A,0)) -> Postal codes - Level 3 | D9: 102 | E9: ="PC_"&$D9 -> PC_102 | F9: 1 | G9: 1 | H9: 1 | I9: 1 | J9: =LOWER($B9&"|"&$D9) -> 0198ef6d-8543-0ad2-6a86-701cc690b0a4|102 | K9: =LOWER($B9&"|"&$E9) -> 0198ef6d-8543-0ad2-6a86-701cc690b0a4|pc_102
A10: 0198ef6d-8543-83bf-6a77-33c7baa8eca4 | B10: 0198ef6d-8543-5e3f-5ed0-dd932e32c2aa | C10: =INDEX(RegionSet!$C:$C,MATCH($B10,RegionSet!$A:$A,0)) -> Municipalities | D10: A | E10: MUN_A | F10: 1 | G10: 1 | H10: 1 | I10: 1 | J10: =LOWER($B10&"|"&$D10) -> 0198ef6d-8543-5e3f-5ed0-dd932e32c2aa|a | K10: =LOWER($B10&"|"&$E10) -> 0198ef6d-8543-5e3f-5ed0-dd932e32c2aa|mun_a
A11: 0198ef6d-8543-5e67-2557-0e2746373e1d | B11: 0198ef6d-8543-5e3f-5ed0-dd932e32c2aa | C11: =INDEX(RegionSet!$C:$C,MATCH($B11,RegionSet!$A:$A,0)) -> Municipalities | D11: B | E11: MUN_B | F11: 1 | G11: 1 | H11: 1 | I11: 1 | J11: =LOWER($B11&"|"&$D11) -> 0198ef6d-8543-5e3f-5ed0-dd932e32c2aa|b | K11: =LOWER($B11&"|"&$E11) -> 0198ef6d-8543-5e3f-5ed0-dd932e32c2aa|mun_b
A12: 0198ef6d-8543-b5ae-6be3-ce46ae7b36cb | B12: 0198ef6d-8543-5e3f-5ed0-dd932e32c2aa | C12: =INDEX(RegionSet!$C:$C,MATCH($B12,RegionSet!$A:$A,0)) -> Municipalities | D12: C | E12: MUN_C | F12: 1 | G12: 1 | H12: 1 | I12: 1 | J12: =LOWER($B12&"|"&$D12) -> 0198ef6d-8543-5e3f-5ed0-dd932e32c2aa|c | K12: =LOWER($B12&"|"&$E12) -> 0198ef6d-8543-5e3f-5ed0-dd932e32c2aa|mun_c
A13: 0198ef6d-8543-2881-ac87-bb85405cfd45 | B13: 0198ef6d-8543-ca21-8fc9-aac9c10fe055 | C13: =INDEX(RegionSet!$C:$C,MATCH($B13,RegionSet!$A:$A,0)) -> Provinces | D13: PV_1 | E13: Province_1 | F13: 1 | G13: 1 | H13: 1 | I13: 1 | J13: =LOWER($B13&"|"&$D13) -> 0198ef6d-8543-ca21-8fc9-aac9c10fe055|pv_1 | K13: =LOWER($B13&"|"&$E13) -> 0198ef6d-8543-ca21-8fc9-aac9c10fe055|province_1
A14: 0198ef6d-8543-492f-605f-9f24aff04b0c | B14: 0198ef6d-8543-ca21-8fc9-aac9c10fe055 | C14: =INDEX(RegionSet!$C:$C,MATCH($B14,RegionSet!$A:$A,0)) -> Provinces | D14: PV_2 | E14: Province_2 | F14: 1 | G14: 1 | H14: 1 | I14: 1 | J14: =LOWER($B14&"|"&$D14) -> 0198ef6d-8543-ca21-8fc9-aac9c10fe055|pv_2 | K14: =LOWER($B14&"|"&$E14) -> 0198ef6d-8543-ca21-8fc9-aac9c10fe055|province_2
A15: 0198ef6d-8543-e169-e90c-b16046775a79 | B15: 0198ef6d-8543-ca21-8fc9-aac9c10fe055 | C15: =INDEX(RegionSet!$C:$C,MATCH($B15,RegionSet!$A:$A,0)) -> Provinces | D15: PV_3 | E15: Province_3 | F15: 1 | G15: 1 | H15: 1 | I15: 1 | J15: =LOWER($B15&"|"&$D15) -> 0198ef6d-8543-ca21-8fc9-aac9c10fe055|pv_3 | K15: =LOWER($B15&"|"&$E15) -> 0198ef6d-8543-ca21-8fc9-aac9c10fe055|province_3

Sheet RegionRelation
A1: id | B1: from_region_id | C1: from_region_name | D1: to_region_id | E1: to_region_name | F1: relation
A2: 0198ef6d-8543-0c0b-4a83-bc5645c27a12 | B2: 0198ef6d-8543-dcdc-9496-52bc01e1c56d | C2: =INDEX(Region!$E:$E,MATCH($B2,Region!$A:$A,0)) -> PC_101 | D2: 0198ef6d-8543-98d5-9df4-4ac64d603502 | E2: =INDEX(Region!$E:$E,MATCH($D2,Region!$A:$A,0)) -> PC_1011 | F2: CONTAINS
A3: 0198ef6d-8543-6900-d021-0a967bc5a835 | B3: 0198ef6d-8543-dcdc-9496-52bc01e1c56d | C3: =INDEX(Region!$E:$E,MATCH($B3,Region!$A:$A,0)) -> PC_101 | D3: 0198ef6d-8543-ae94-efef-2be1b23245af | E3: =INDEX(Region!$E:$E,MATCH($D3,Region!$A:$A,0)) -> PC_1012 | F3: CONTAINS
A4: 0198ef6d-8543-b77a-986a-970332b990bf | B4: 0198ef6d-8543-dcdc-9496-52bc01e1c56d | C4: =INDEX(Region!$E:$E,MATCH($B4,Region!$A:$A,0)) -> PC_101 | D4: 0198ef6d-8543-8b5f-18fa-1ed57d0932cc | E4: =INDEX(Region!$E:$E,MATCH($D4,Region!$A:$A,0)) -> PC_1013 | F4: CONTAINS
A5: 0198ef6d-8543-4356-94fa-71fde8f78147 | B5: 0198ef6d-8543-633c-9a80-b3ee43366dab | C5: =INDEX(Region!$E:$E,MATCH($B5,Region!$A:$A,0)) -> PC_102 | D5: 0198ef6d-8543-a364-ca72-6ec6f635451c | E5: =INDEX(Region!$E:$E,MATCH($D5,Region!$A:$A,0)) -> PC_1021 | F5: CONTAINS
A6: 0198ef6d-8543-446a-e48d-84d9816d7653 | B6: 0198ef6d-8543-633c-9a80-b3ee43366dab | C6: =INDEX(Region!$E:$E,MATCH($B6,Region!$A:$A,0)) -> PC_102 | D6: 0198ef6d-8543-36e6-2666-1cd464720c40 | E6: =INDEX(Region!$E:$E,MATCH($D6,Region!$A:$A,0)) -> PC_1022 | F6: CONTAINS
A7: 0198ef6d-8543-bf0a-5017-971b46110913 | B7: 0198ef6d-8543-633c-9a80-b3ee43366dab | C7: =INDEX(Region!$E:$E,MATCH($B7,Region!$A:$A,0)) -> PC_102 | D7: 0198ef6d-8543-6c09-555d-db3403ec2556 | E7: =INDEX(Region!$E:$E,MATCH($D7,Region!$A:$A,0)) -> PC_1023 | F7: CONTAINS
A8: 0198ef6d-8543-9029-dc48-eaa05a343a26 | B8: 0198ef6d-8543-83bf-6a77-33c7baa8eca4 | C8: =INDEX(Region!$E:$E,MATCH($B8,Region!$A:$A,0)) -> MUN_A | D8: 0198ef6d-8543-98d5-9df4-4ac64d603502 | E8: =INDEX(Region!$E:$E,MATCH($D8,Region!$A:$A,0)) -> PC_1011 | F8: CONTAINS
A9: 0198ef6d-8543-6a58-c520-ee5673f2e787 | B9: 0198ef6d-8543-83bf-6a77-33c7baa8eca4 | C9: =INDEX(Region!$E:$E,MATCH($B9,Region!$A:$A,0)) -> MUN_A | D9: 0198ef6d-8543-ae94-efef-2be1b23245af | E9: =INDEX(Region!$E:$E,MATCH($D9,Region!$A:$A,0)) -> PC_1012 | F9: CONTAINS
A10: 0198ef6d-8543-5d0c-da5a-9488f8a33242 | B10: 0198ef6d-8543-5e67-2557-0e2746373e1d | C10: =INDEX(Region!$E:$E,MATCH($B10,Region!$A:$A,0)) -> MUN_B | D10: 0198ef6d-8543-8b5f-18fa-1ed57d0932cc | E10: =INDEX(Region!$E:$E,MATCH($D10,Region!$A:$A,0)) -> PC_1013 | F10: CONTAINS
A11: 0198ef6d-8543-4f94-dbed-811f8c7fea6e | B11: 0198ef6d-8543-5e67-2557-0e2746373e1d | C11: =INDEX(Region!$E:$E,MATCH($B11,Region!$A:$A,0)) -> MUN_B | D11: 0198ef6d-8543-a364-ca72-6ec6f635451c | E11: =INDEX(Region!$E:$E,MATCH($D11,Region!$A:$A,0)) -> PC_1021 | F11: CONTAINS
A12: 0198ef6d-8543-0012-5a19-386a453bb806 | B12: 0198ef6d-8543-b5ae-6be3-ce46ae7b36cb | C12: =INDEX(Region!$E:$E,MATCH($B12,Region!$A:$A,0)) -> MUN_C | D12: 0198ef6d-8543-36e6-2666-1cd464720c40 | E12: =INDEX(Region!$E:$E,MATCH($D12,Region!$A:$A,0)) -> PC_1022 | F12: CONTAINS
A13: 0198ef6d-8543-9155-eca8-a17eb16e9c36 | B13: 0198ef6d-8543-b5ae-6be3-ce46ae7b36cb | C13: =INDEX(Region!$E:$E,MATCH($B13,Region!$A:$A,0)) -> MUN_C | D13: 0198ef6d-8543-6c09-555d-db3403ec2556 | E13: =INDEX(Region!$E:$E,MATCH($D13,Region!$A:$A,0)) -> PC_1023 | F13: CONTAINS
... A22: 0198ef6d-8543-7e4c-8422-4014740e6a01 | B22: 0198ef6d-8543-492f-605f-9f24aff04b0c | C22: =INDEX(Region!$E:$E,MATCH($B22,Region!$A:$A,0)) -> Province_2 | D22: 0198ef6d-8543-b5ae-6be3-ce46ae7b36cb | E22: =INDEX(Region!$E:$E,MATCH($D22,Region!$A:$A,0)) -> MUN_C | F22: CONTAINS

Sheet Organization
A1: id | B1: name | C1: legal_entity_code | D1: legal_region_id | E1: legal_region
A2: 018d074d-ea0c-e942-07db-a3cc0ba1d653 | B2: org1 | C2: org1
A3: 0195d18c-1c92-0ed4-2e94-b4f66d82baf3 | B3: org2 | C3: org2
A4: 0195d18c-1c92-52b3-93e0-43dc1f2aa037 | B4: org3 | C4: org3
A5: 0195d18c-1c92-d419-4c71-a570f428499b | B5: org4 | C5: org4
A6: 0195d18c-1c93-02a2-6920-7e4dbfb73ce0 | B6: org5 | C6: org5

Sheet DataCollection
A1: id | B1: name | C1: description
A2: 0195d18c-1ca2-a23d-1f64-00271f63199c | B2: data_collection1 | C2: ="dc"&RIGHT($B2,LEN($B2)-15) -> dc1
A3: 0195d18c-1ca2-2a29-96a5-37c6bf87f586 | B3: data_collection2 | C3: ="dc"&RIGHT($B3,LEN($B3)-15) -> dc2
A4: 0195d18c-1ca2-3a4f-1878-fbe3282c9c76 | B4: data_collection3 | C4: ="dc"&RIGHT($B4,LEN($B4)-15) -> dc3
A5: 0195d18c-1ca2-e55a-608d-a42fc6f948e1 | B5: data_collection4 | C5: ="dc"&RIGHT($B5,LEN($B5)-15) -> dc4
A6: 0195d18c-1ca2-b728-a2a1-d2a4cf7b8eb8 | B6: data_collection5 | C6: ="dc"&RIGHT($B6,LEN($B6)-15) -> dc5
A7: 0195d18c-1ca3-f309-f6f1-e4807afe3802 | B7: data_collection6 | C7: ="dc"&RIGHT($B7,LEN($B7)-15) -> dc6
A8: 0195d18c-1ca3-db40-a2a8-6dc905d6c1e9 | B8: data_collection7 | C8: ="dc"&RIGHT($B8,LEN($B8)-15) -> dc7
A9: 0195d18c-1ca3-da0a-44bb-877b3a1eb73e | B9: data_collection8 | C9: ="dc"&RIGHT($B9,LEN($B9)-15) -> dc8
A10: 0195d18c-1ca3-4d34-d0e9-8f024ad8651a | B10: data_collection9 | C10: ="dc"&RIGHT($B10,LEN($B10)-15) -> dc9
A11: 0195d18c-1ca3-11a2-bf20-8eaaa09cc070 | B11: data_collection10 | C11: ="dc"&RIGHT($B11,LEN($B11)-15) -> dc10
A12: 0195d18c-1ca4-e691-7ebd-8ecb1a16a2ed | B12: data_collection11 | C12: ="dc"&RIGHT($B12,LEN($B12)-15) -> dc11

Sheet User
A1: id | B1: key | C1: email | D1: name | E1: is_active | F1: roles | G1: organization_id | H1: dm.organization_name | I1: dm.roles_is_root | J1: dm.roles_is_app_admin | K1: dm.roles_is_refdata_admin | L1: dm.roles_is_org_user | M1: dm.is_ge_app_admin
A2: 019542cc-8225-8f5d-fa30-d9c3f2629703 | B2: root1_1@org1_org | C2: root1_1@org1_org | D2: =LEFT(C2,FIND("@",C2)-1) -> root1_1 | E2: TRUE | F2: ["CASEDB_ROOT"] | G2: 018d074d-ea0c-e942-07db-a3cc0ba1d653 | H2: =INDEX(Organization!$B:$B,MATCH($G2,Organization!$A:$A,0)) -> org1 | I2: =ISNUMBER(SEARCH("ROOT", F2)) -> TRUE | J2: =ISNUMBER(SEARCH("APP_ADMIN", $F2)) -> FALSE | K2: =ISNUMBER(SEARCH("METADATA_ADMIN", $F2)) -> FALSE | L2: =ISNUMBER(SEARCH("ORG_USER", $F2)) -> FALSE | M2: =OR($I2,$J2) -> TRUE
A3: 0195d18c-1c92-110e-81c1-75ba0fec4494 | B3: app_admin1_1@org1_org | C3: app_admin1_1@org1_org | D3: =LEFT(C3,FIND("@",C3)-1) -> app_admin1_1 | E3: TRUE | F3: ["CASEDB_APP_ADMIN"] | G3: 018d074d-ea0c-e942-07db-a3cc0ba1d653 | H3: =INDEX(Organization!$B:$B,MATCH($G3,Organization!$A:$A,0)) -> org1 | I3: =ISNUMBER(SEARCH("ROOT", F3)) -> FALSE | J3: =ISNUMBER(SEARCH("APP_ADMIN", $F3)) -> TRUE | K3: =ISNUMBER(SEARCH("METADATA_ADMIN", $F3)) -> FALSE | L3: =ISNUMBER(SEARCH("ORG_USER", $F3)) -> FALSE | M3: =OR($I3,$J3) -> TRUE
A4: 0195d18c-1c93-bcbb-eea8-94332d77b172 | B4: refdata_admin1_1@org1_org | C4: refdata_admin1_1@org1_org | D4: =LEFT(C4,FIND("@",C4)-1) -> refdata_admin1_1 | E4: TRUE | F4: ["CASEDB_REFDATA_ADMIN"] | G4: 018d074d-ea0c-e942-07db-a3cc0ba1d653 | H4: =INDEX(Organization!$B:$B,MATCH($G4,Organization!$A:$A,0)) -> org1 | I4: =ISNUMBER(SEARCH("ROOT", F4)) -> FALSE | J4: =ISNUMBER(SEARCH("APP_ADMIN", $F4)) -> FALSE | K4: =ISNUMBER(SEARCH("METADATA_ADMIN", $F4)) -> FALSE | L4: =ISNUMBER(SEARCH("ORG_USER", $F4)) -> FALSE | M4: =OR($I4,$J4) -> FALSE
A5: 0195d18c-1c93-1f4b-8c40-19223d6c7a8c | B5: org_admin1_1@org1_org | C5: org_admin1_1@org1_org | D5: =LEFT(C5,FIND("@",C5)-1) -> org_admin1_1 | E5: TRUE | F5: ["CASEDB_ORG_ADMIN"] | G5: 018d074d-ea0c-e942-07db-a3cc0ba1d653 | H5: =INDEX(Organization!$B:$B,MATCH($G5,Organization!$A:$A,0)) -> org1 | I5: =ISNUMBER(SEARCH("ROOT", F5)) -> FALSE | J5: =ISNUMBER(SEARCH("APP_ADMIN", $F5)) -> FALSE | K5: =ISNUMBER(SEARCH("METADATA_ADMIN", $F5)) -> FALSE | L5: =ISNUMBER(SEARCH("ORG_USER", $F5)) -> FALSE | M5: =OR($I5,$J5) -> FALSE
A6: 0195d18c-1c95-2343-576e-0c14e0a4505d | B6: org_admin2_1@org2_org | C6: org_admin2_1@org2_org | D6: =LEFT(C6,FIND("@",C6)-1) -> org_admin2_1 | E6: TRUE | F6: ["CASEDB_ORG_ADMIN"] | G6: 0195d18c-1c92-0ed4-2e94-b4f66d82baf3 | H6: =INDEX(Organization!$B:$B,MATCH($G6,Organization!$A:$A,0)) -> org2 | I6: =ISNUMBER(SEARCH("ROOT", F6)) -> FALSE | J6: =ISNUMBER(SEARCH("APP_ADMIN", $F6)) -> FALSE | K6: =ISNUMBER(SEARCH("METADATA_ADMIN", $F6)) -> FALSE | L6: =ISNUMBER(SEARCH("ORG_USER", $F6)) -> FALSE | M6: =OR($I6,$J6) -> FALSE
A7: 0195d18c-1c96-59a8-d2a6-70a3b13175a1 | B7: org_admin3_1@org3_org | C7: org_admin3_1@org3_org | D7: =LEFT(C7,FIND("@",C7)-1) -> org_admin3_1 | E7: TRUE | F7: ["CASEDB_ORG_ADMIN"] | G7: 0195d18c-1c92-52b3-93e0-43dc1f2aa037 | H7: =INDEX(Organization!$B:$B,MATCH($G7,Organization!$A:$A,0)) -> org3 | I7: =ISNUMBER(SEARCH("ROOT", F7)) -> FALSE | J7: =ISNUMBER(SEARCH("APP_ADMIN", $F7)) -> FALSE | K7: =ISNUMBER(SEARCH("METADATA_ADMIN", $F7)) -> FALSE | L7: =ISNUMBER(SEARCH("ORG_USER", $F7)) -> FALSE | M7: =OR($I7,$J7) -> FALSE
A8: 0195d18c-1c96-08ed-1241-eaf327bd1ffc | B8: org_admin4_1@org4_org | C8: org_admin4_1@org4_org | D8: =LEFT(C8,FIND("@",C8)-1) -> org_admin4_1 | E8: TRUE | F8: ["CASEDB_ORG_ADMIN"] | G8: 0195d18c-1c92-d419-4c71-a570f428499b | H8: =INDEX(Organization!$B:$B,MATCH($G8,Organization!$A:$A,0)) -> org4 | I8: =ISNUMBER(SEARCH("ROOT", F8)) -> FALSE | J8: =ISNUMBER(SEARCH("APP_ADMIN", $F8)) -> FALSE | K8: =ISNUMBER(SEARCH("METADATA_ADMIN", $F8)) -> FALSE | L8: =ISNUMBER(SEARCH("ORG_USER", $F8)) -> FALSE | M8: =OR($I8,$J8) -> FALSE
A9: 0195d18c-1c97-faac-82eb-3e357979b402 | B9: org_admin5_1@org5_org | C9: org_admin5_1@org5_org | D9: =LEFT(C9,FIND("@",C9)-1) -> org_admin5_1 | E9: TRUE | F9: ["CASEDB_ORG_ADMIN"] | G9: 0195d18c-1c93-02a2-6920-7e4dbfb73ce0 | H9: =INDEX(Organization!$B:$B,MATCH($G9,Organization!$A:$A,0)) -> org5 | I9: =ISNUMBER(SEARCH("ROOT", F9)) -> FALSE | J9: =ISNUMBER(SEARCH("APP_ADMIN", $F9)) -> FALSE | K9: =ISNUMBER(SEARCH("METADATA_ADMIN", $F9)) -> FALSE | L9: =ISNUMBER(SEARCH("ORG_USER", $F9)) -> FALSE | M9: =OR($I9,$J9) -> FALSE
A10: 0195d18c-1c98-7e0b-0c91-8cafbdb2c852 | B10: org_user1_1@org1_org | C10: org_user1_1@org1_org | D10: =LEFT(C10,FIND("@",C10)-1) -> org_user1_1 | E10: TRUE | F10: ["CASEDB_ORG_USER"] | G10: 018d074d-ea0c-e942-07db-a3cc0ba1d653 | H10: =INDEX(Organization!$B:$B,MATCH($G10,Organization!$A:$A,0)) -> org1 | I10: =ISNUMBER(SEARCH("ROOT", F10)) -> FALSE | J10: =ISNUMBER(SEARCH("APP_ADMIN", $F10)) -> FALSE | K10: =ISNUMBER(SEARCH("METADATA_ADMIN", $F10)) -> FALSE | L10: =ISNUMBER(SEARCH("ORG_USER", $F10)) -> TRUE | M10: =OR($I10,$J10) -> FALSE
A11: 0195d18c-1c98-5a1e-55b9-67b877813693 | B11: org_user1_2@org1_org | C11: org_user1_2@org1_org | D11: =LEFT(C11,FIND("@",C11)-1) -> org_user1_2 | E11: TRUE | F11: ["CASEDB_ORG_USER"] | G11: 018d074d-ea0c-e942-07db-a3cc0ba1d653 | H11: =INDEX(Organization!$B:$B,MATCH($G11,Organization!$A:$A,0)) -> org1 | I11: =ISNUMBER(SEARCH("ROOT", F11)) -> FALSE | J11: =ISNUMBER(SEARCH("APP_ADMIN", $F11)) -> FALSE | K11: =ISNUMBER(SEARCH("METADATA_ADMIN", $F11)) -> FALSE | L11: =ISNUMBER(SEARCH("ORG_USER", $F11)) -> TRUE | M11: =OR($I11,$J11) -> FALSE
A12: 0195d18c-1c99-03eb-f1b4-a88daae1b74c | B12: org_user1_3@org1_org | C12: org_user1_3@org1_org | D12: =LEFT(C12,FIND("@",C12)-1) -> org_user1_3 | E12: TRUE | F12: ["CASEDB_ORG_USER"] | G12: 018d074d-ea0c-e942-07db-a3cc0ba1d653 | H12: =INDEX(Organization!$B:$B,MATCH($G12,Organization!$A:$A,0)) -> org1 | I12: =ISNUMBER(SEARCH("ROOT", F12)) -> FALSE | J12: =ISNUMBER(SEARCH("APP_ADMIN", $F12)) -> FALSE | K12: =ISNUMBER(SEARCH("METADATA_ADMIN", $F12)) -> FALSE | L12: =ISNUMBER(SEARCH("ORG_USER", $F12)) -> TRUE | M12: =OR($I12,$J12) -> FALSE
A13: 0195d18c-1c99-a68b-99dd-a489908e8df1 | B13: org_user1_4@org1_org | C13: org_user1_4@org1_org | D13: =LEFT(C13,FIND("@",C13)-1) -> org_user1_4 | E13: TRUE | F13: ["CASEDB_ORG_USER"] | G13: 018d074d-ea0c-e942-07db-a3cc0ba1d653 | H13: =INDEX(Organization!$B:$B,MATCH($G13,Organization!$A:$A,0)) -> org1 | I13: =ISNUMBER(SEARCH("ROOT", F13)) -> FALSE | J13: =ISNUMBER(SEARCH("APP_ADMIN", $F13)) -> FALSE | K13: =ISNUMBER(SEARCH("METADATA_ADMIN", $F13)) -> FALSE | L13: =ISNUMBER(SEARCH("ORG_USER", $F13)) -> TRUE | M13: =OR($I13,$J13) -> FALSE
... A29: 0195d18c-1ca1-d3df-24f3-7aac91cc3f3a | B29: org_user5_4@org5_org | C29: org_user5_4@org5_org | D29: =LEFT(C29,FIND("@",C29)-1) -> org_user5_4 | E29: TRUE | F29: ["CASEDB_ORG_USER"] | G29: 0195d18c-1c93-02a2-6920-7e4dbfb73ce0 | H29: =INDEX(Organization!$B:$B,MATCH($G29,Organization!$A:$A,0)) -> org5 | I29: =ISNUMBER(SEARCH("ROOT", F29)) -> FALSE | J29: =ISNUMBER(SEARCH("APP_ADMIN", $F29)) -> FALSE | K29: =ISNUMBER(SEARCH("METADATA_ADMIN", $F29)) -> FALSE | L29: =ISNUMBER(SEARCH("ORG_USER", $F29)) -> TRUE | M29: =OR($I29,$J29) -> FALSE

Sheet UserInvitation
A1: id | B1: key | C1: email | D1: dm.name | E1: token | F1: expires_at | G1: roles | H1: invited_by_user_id | I1: dm.invited_by_user | J1: organization_id | K1: dm.organization
A2: 0195d18c-1c91-417d-6686-2f6cb5ff95b9 | B2: app_admin1_1@org1_org | C2: app_admin1_1@org1_org | D2: =LEFT($C2,LEN($C2)-9) -> app_admin1_1 | E2: 26dcbff8-2925-4078-90ad-bbe74165f6b3 | F2: 45743.391 | G2: ["CASEDB_APP_ADMIN"] | H2: 019542cc-8225-8f5d-fa30-d9c3f2629703 | I2: =INDEX(User!$D:$D,MATCH($H2,User!$A:$A,0)) -> root1_1 | J2: 018d074d-ea0c-e942-07db-a3cc0ba1d653 | K2: =INDEX(Organization!$B:$B,MATCH($J2,Organization!$A:$A,0)) -> org1
A3: 0195d18c-1c93-6939-20ec-9c4c00d851c1 | B3: refdata_admin1_1@org1_org | C3: refdata_admin1_1@org1_org | D3: =LEFT($C3,LEN($C3)-9) -> refdata_admin1_1 | E3: 10ad47a6-0901-408c-bfc0-a05a4e83af4e | F3: 45743.391 | G3: ["CASEDB_REFDATA_ADMIN"] | H3: 0195d18c-1c92-110e-81c1-75ba0fec4494 | I3: =INDEX(User!$D:$D,MATCH($H3,User!$A:$A,0)) -> app_admin1_1 | J3: 018d074d-ea0c-e942-07db-a3cc0ba1d653 | K3: =INDEX(Organization!$B:$B,MATCH($J3,Organization!$A:$A,0)) -> org1
A4: 0195d18c-1c93-ec90-9271-1015b282d4b3 | B4: org_admin1_1@org1_org | C4: org_admin1_1@org1_org | D4: =LEFT($C4,LEN($C4)-9) -> org_admin1_1 | E4: 6f8d5681-2c6c-44ae-9522-178a45deaf16 | F4: 45743.391 | G4: ["CASEDB_ORG_ADMIN"] | H4: 0195d18c-1c92-110e-81c1-75ba0fec4494 | I4: =INDEX(User!$D:$D,MATCH($H4,User!$A:$A,0)) -> app_admin1_1 | J4: 018d074d-ea0c-e942-07db-a3cc0ba1d653 | K4: =INDEX(Organization!$B:$B,MATCH($J4,Organization!$A:$A,0)) -> org1
A5: 0195d18c-1c95-0879-fcf0-17e1131cc29b | B5: org_admin2_1@org2_org | C5: org_admin2_1@org2_org | D5: =LEFT($C5,LEN($C5)-9) -> org_admin2_1 | E5: 839e81a3-3184-4c47-bf1c-7f1f964fe280 | F5: 45743.391 | G5: ["CASEDB_ORG_ADMIN"] | H5: 0195d18c-1c92-110e-81c1-75ba0fec4494 | I5: =INDEX(User!$D:$D,MATCH($H5,User!$A:$A,0)) -> app_admin1_1 | J5: 0195d18c-1c92-0ed4-2e94-b4f66d82baf3 | K5: =INDEX(Organization!$B:$B,MATCH($J5,Organization!$A:$A,0)) -> org2
A6: 0195d18c-1c95-a854-581f-4e9ae9d85b92 | B6: org_admin3_1@org3_org | C6: org_admin3_1@org3_org | D6: =LEFT($C6,LEN($C6)-9) -> org_admin3_1 | E6: 1ad1489c-d661-475a-958d-c6684f5dd5d2 | F6: 45743.391 | G6: ["CASEDB_ORG_ADMIN"] | H6: 0195d18c-1c92-110e-81c1-75ba0fec4494 | I6: =INDEX(User!$D:$D,MATCH($H6,User!$A:$A,0)) -> app_admin1_1 | J6: 0195d18c-1c92-52b3-93e0-43dc1f2aa037 | K6: =INDEX(Organization!$B:$B,MATCH($J6,Organization!$A:$A,0)) -> org3
A7: 0195d18c-1c96-ec9c-d51d-0eec040d7ffd | B7: org_admin4_1@org4_org | C7: org_admin4_1@org4_org | D7: =LEFT($C7,LEN($C7)-9) -> org_admin4_1 | E7: ac3ef8cf-b738-458a-9250-e68a9452546b | F7: 45743.391 | G7: ["CASEDB_ORG_ADMIN"] | H7: 0195d18c-1c92-110e-81c1-75ba0fec4494 | I7: =INDEX(User!$D:$D,MATCH($H7,User!$A:$A,0)) -> app_admin1_1 | J7: 0195d18c-1c92-d419-4c71-a570f428499b | K7: =INDEX(Organization!$B:$B,MATCH($J7,Organization!$A:$A,0)) -> org4
A8: 0195d18c-1c97-bf94-f109-505bfb986995 | B8: org_admin5_1@org5_org | C8: org_admin5_1@org5_org | D8: =LEFT($C8,LEN($C8)-9) -> org_admin5_1 | E8: 2a653a89-2320-41a9-8163-356114c3ba28 | F8: 45743.391 | G8: ["CASEDB_ORG_ADMIN"] | H8: 0195d18c-1c92-110e-81c1-75ba0fec4494 | I8: =INDEX(User!$D:$D,MATCH($H8,User!$A:$A,0)) -> app_admin1_1 | J8: 0195d18c-1c93-02a2-6920-7e4dbfb73ce0 | K8: =INDEX(Organization!$B:$B,MATCH($J8,Organization!$A:$A,0)) -> org5
A9: 0195d18c-1c98-4085-5812-4a69516f59ae | B9: org_user1_1@org1_org | C9: org_user1_1@org1_org | D9: =LEFT($C9,LEN($C9)-9) -> org_user1_1 | E9: feb33345-6e94-4f64-807e-c8f4a6e9e232 | F9: 45743.391 | G9: ["CASEDB_ORG_USER"] | H9: 0195d18c-1c92-110e-81c1-75ba0fec4494 | I9: =INDEX(User!$D:$D,MATCH($H9,User!$A:$A,0)) -> app_admin1_1 | J9: 018d074d-ea0c-e942-07db-a3cc0ba1d653 | K9: =INDEX(Organization!$B:$B,MATCH($J9,Organization!$A:$A,0)) -> org1
A10: 0195d18c-1c98-91f0-72bb-c9c9bbd287c5 | B10: org_user1_2@org1_org | C10: org_user1_2@org1_org | D10: =LEFT($C10,LEN($C10)-9) -> org_user1_2 | E10: e2049ab9-9249-4847-852a-6b43b8d12ff8 | F10: 45743.391 | G10: ["CASEDB_ORG_USER"] | H10: 0195d18c-1c92-110e-81c1-75ba0fec4494 | I10: =INDEX(User!$D:$D,MATCH($H10,User!$A:$A,0)) -> app_admin1_1 | J10: 018d074d-ea0c-e942-07db-a3cc0ba1d653 | K10: =INDEX(Organization!$B:$B,MATCH($J10,Organization!$A:$A,0)) -> org1
A11: 0195d18c-1c98-90fe-f86a-b3ff952dc368 | B11: org_user1_3@org1_org | C11: org_user1_3@org1_org | D11: =LEFT($C11,LEN($C11)-9) -> org_user1_3 | E11: 973418bc-df76-4c74-bf1f-8919b9295848 | F11: 45743.391 | G11: ["CASEDB_ORG_USER"] | H11: 0195d18c-1c92-110e-81c1-75ba0fec4494 | I11: =INDEX(User!$D:$D,MATCH($H11,User!$A:$A,0)) -> app_admin1_1 | J11: 018d074d-ea0c-e942-07db-a3cc0ba1d653 | K11: =INDEX(Organization!$B:$B,MATCH($J11,Organization!$A:$A,0)) -> org1
A12: 0195d18c-1c99-b943-3900-1de44aa64da4 | B12: org_user1_4@org1_org | C12: org_user1_4@org1_org | D12: =LEFT($C12,LEN($C12)-9) -> org_user1_4 | E12: b9782553-9cf2-4fa6-9ad4-aae54307d988 | F12: 45743.391 | G12: ["CASEDB_ORG_USER"] | H12: 0195d18c-1c92-110e-81c1-75ba0fec4494 | I12: =INDEX(User!$D:$D,MATCH($H12,User!$A:$A,0)) -> app_admin1_1 | J12: 018d074d-ea0c-e942-07db-a3cc0ba1d653 | K12: =INDEX(Organization!$B:$B,MATCH($J12,Organization!$A:$A,0)) -> org1
A13: 0195d18c-1c99-ee95-2cb4-c932da0954b7 | B13: org_user2_1@org2_org | C13: org_user2_1@org2_org | D13: =LEFT($C13,LEN($C13)-9) -> org_user2_1 | E13: a3c4d7fd-06b7-43b7-bdfa-0cb99f4d15db | F13: 45743.391 | G13: ["CASEDB_ORG_USER"] | H13: 0195d18c-1c92-110e-81c1-75ba0fec4494 | I13: =INDEX(User!$D:$D,MATCH($H13,User!$A:$A,0)) -> app_admin1_1 | J13: 0195d18c-1c92-0ed4-2e94-b4f66d82baf3 | K13: =INDEX(Organization!$B:$B,MATCH($J13,Organization!$A:$A,0)) -> org2
... A28: 0195d18c-1ca1-507d-514e-7f6784ab639e | B28: org_user5_4@org5_org | C28: org_user5_4@org5_org | D28: =LEFT($C28,LEN($C28)-9) -> org_user5_4 | E28: 2ee7a962-2bc6-4e19-adad-f0c7597a075b | F28: 45743.391 | G28: ["CASEDB_ORG_USER"] | H28: 0195d18c-1c92-110e-81c1-75ba0fec4494 | I28: =INDEX(User!$D:$D,MATCH($H28,User!$A:$A,0)) -> app_admin1_1 | J28: 0195d18c-1c93-02a2-6920-7e4dbfb73ce0 | K28: =INDEX(Organization!$B:$B,MATCH($J28,Organization!$A:$A,0)) -> org5

Sheet Dim
A1: id | B1: dim_type | C1: code | D1: label | E1: rank | F1: col_code_prefix | G1: description | H1: props
A2: 0198ef6d-8543-8d7e-a786-a78961958b68 | B2: TEXT | C2: nominal1 | D2: nominal1 | E2: 1 | G2: =$C2&"("&$B2&")" -> nominal1(TEXT) | H2: {}
A3: 0198ef6d-8543-4e10-dadc-606a590cbf81 | B3: TEXT | C3: nominal2 | D3: nominal2 | E3: =E2+1 -> 2 | G3: =$C3&"("&$B3&")" -> nominal2(TEXT) | H3: {}
A4: 0198ef6d-8543-4b57-ccc7-1e34bcca2de1 | B4: TEXT | C4: ordinal1 | D4: ordinal1 | E4: =E3+1 -> 3 | G4: =$C4&"("&$B4&")" -> ordinal1(TEXT) | H4: {}
A5: 0198ef6d-8543-9c78-54a7-6b4c2ca6ce88 | B5: TEXT | C5: ordinal2 | D5: ordinal2 | E5: =E4+1 -> 4 | G5: =$C5&"("&$B5&")" -> ordinal2(TEXT) | H5: {}
A6: 0198ef6d-8543-6a7f-4553-b7280cc2ab9b | B6: TEXT | C6: regex1 | D6: regex1 | E6: =E5+1 -> 5 | G6: =$C6&"("&$B6&")" -> regex1(TEXT) | H6: {}
A7: 0198ef6d-8543-5e3c-cec3-8db0ccbd38fa | B7: TEXT | C7: regex2 | D7: regex2 | E7: =E6+1 -> 6 | G7: =$C7&"("&$B7&")" -> regex2(TEXT) | H7: {}
A8: 0198ef6d-8543-0b52-87e5-431792f951a2 | B8: TEXT | C8: text1 | D8: text1 | E8: =E7+1 -> 7 | G8: =$C8&"("&$B8&")" -> text1(TEXT) | H8: {}
A9: 0198ef6d-8543-e0a4-1718-6ae19c4f6090 | B9: TEXT | C9: text2 | D9: text2 | E9: =E8+1 -> 8 | G9: =$C9&"("&$B9&")" -> text2(TEXT) | H9: {}
A10: 0198ef6d-8543-b0f3-f8b0-c502bee720e9 | B10: ORGANIZATION | C10: org1 | D10: org1 | E10: =E9+1 -> 9 | G10: =$C10&"("&$B10&")" -> org1(ORGANIZATION) | H10: {}
A11: 0198ef6d-8543-5ea8-9f20-a8177b2d28d2 | B11: ORGANIZATION | C11: org2 | D11: org2 | E11: =E10+1 -> 10 | G11: =$C11&"("&$B11&")" -> org2(ORGANIZATION) | H11: {}
A12: 0198ef6d-8543-d4cb-e9cb-2c352f1baa30 | B12: GEO | C12: geo1 | D12: geo1 | E12: =E11+1 -> 11 | G12: =$C12&"("&$B12&")" -> geo1(GEO) | H12: {}
A13: 0198ef6d-8543-08a5-b8d2-bad85d28ce19 | B13: GEO | C13: geo2 | D13: geo2 | E13: =E12+1 -> 12 | G13: =$C13&"("&$B13&")" -> geo2(GEO) | H13: {}
A14: 0198ef6d-8543-090b-38ba-3d20aff20301 | B14: TIME | C14: time1 | D14: time1 | E14: =E13+1 -> 13 | G14: =$C14&"("&$B14&")" -> time1(TIME) | H14: {}
... A21: 0198ef6d-8543-4209-5045-1bdd507593a7 | B21: OTHER | C21: other2 | D21: other2 | E21: =E20+1 -> 20 | G21: =$C21&"("&$B21&")" -> other2(OTHER) | H21: {}

Sheet Col
A1: id | B1: dim_id | C1: dim_code | D1: code_suffix | E1: code | F1: rank_in_dim | G1: label | H1: col_type | I1: concept_set_id | J1: concept_set_name | K1: region_set_id | L1: region_set_name | M1: genetic_distance_protocol_id | N1: genetic_distance_protocol | O1: description | P1: props
A2: 0198ef6d-8543-eb2b-e8cd-6ad2e7ad4523 | B2: 0198ef6d-8543-8d7e-a786-a78961958b68 | C2: =INDEX(Dim!$C:$C,MATCH($B2,Dim!$A:$A,0)) -> nominal1 | D2: _1 | E2: =$C2&$D2 -> nominal1_1 | F2: =RIGHT($D2,LEN($D2)-1)+1-1 -> 1 | G2: =$E2 -> nominal1_1 | H2: NOMINAL | I2: 0198ef6d-8543-90a8-a647-ae05912c77ba | J2: =IF($I2="","",INDEX(ConceptSet!$C:$C,MATCH($I2,ConceptSet!$A:$A,0))) -> Nominal_1 | L2: =IF($K2="","",INDEX(RegionSet!$B:$B,MATCH($K2,RegionSet!$A:$A,0))) | O2: =$E2&" ("&$H2&(IF($J2="","",";"&$J2)&(IF($L2="","",";"&$L2)))&")" -> nominal1_1 (NOMINAL;Nominal_1) | P2: {}
A3: 0198ef6d-8543-1234-cbf1-9947a51d56ff | B3: 0198ef6d-8543-4e10-dadc-606a590cbf81 | C3: =INDEX(Dim!$C:$C,MATCH($B3,Dim!$A:$A,0)) -> nominal2 | D3: _1 | E3: =$C3&$D3 -> nominal2_1 | F3: =RIGHT($D3,LEN($D3)-1)+1-1 -> 1 | G3: =$E3 -> nominal2_1 | H3: NOMINAL | I3: 0198ef6d-8543-2a99-b3be-b0d2583cb604 | J3: =IF($I3="","",INDEX(ConceptSet!$C:$C,MATCH($I3,ConceptSet!$A:$A,0))) -> Nominal_2 | L3: =IF($K3="","",INDEX(RegionSet!$B:$B,MATCH($K3,RegionSet!$A:$A,0))) | O3: =$E3&" ("&$H3&(IF($J3="","",";"&$J3)&(IF($L3="","",";"&$L3)))&")" -> nominal2_1 (NOMINAL;Nominal_2) | P3: {}
A4: 0198ef6d-8543-50ea-8c7a-9f5c1a8041c4 | B4: 0198ef6d-8543-4b57-ccc7-1e34bcca2de1 | C4: =INDEX(Dim!$C:$C,MATCH($B4,Dim!$A:$A,0)) -> ordinal1 | D4: _1 | E4: =$C4&$D4 -> ordinal1_1 | F4: =RIGHT($D4,LEN($D4)-1)+1-1 -> 1 | G4: =$E4 -> ordinal1_1 | H4: ORDINAL | I4: 0198ef6d-8543-b279-03a6-da9684b42b08 | J4: =IF($I4="","",INDEX(ConceptSet!$C:$C,MATCH($I4,ConceptSet!$A:$A,0))) -> Ordinal_1 | L4: =IF($K4="","",INDEX(RegionSet!$B:$B,MATCH($K4,RegionSet!$A:$A,0))) | O4: =$E4&" ("&$H4&(IF($J4="","",";"&$J4)&(IF($L4="","",";"&$L4)))&")" -> ordinal1_1 (ORDINAL;Ordinal_1) | P4: {}
A5: 0198ef6d-8543-76c4-4fb4-25f7403d7972 | B5: 0198ef6d-8543-9c78-54a7-6b4c2ca6ce88 | C5: =INDEX(Dim!$C:$C,MATCH($B5,Dim!$A:$A,0)) -> ordinal2 | D5: _1 | E5: =$C5&$D5 -> ordinal2_1 | F5: =RIGHT($D5,LEN($D5)-1)+1-1 -> 1 | G5: =$E5 -> ordinal2_1 | H5: ORDINAL | I5: 0198ef6d-8543-d076-3da0-dd48921087f9 | J5: =IF($I5="","",INDEX(ConceptSet!$C:$C,MATCH($I5,ConceptSet!$A:$A,0))) -> Ordinal_2 | L5: =IF($K5="","",INDEX(RegionSet!$B:$B,MATCH($K5,RegionSet!$A:$A,0))) | O5: =$E5&" ("&$H5&(IF($J5="","",";"&$J5)&(IF($L5="","",";"&$L5)))&")" -> ordinal2_1 (ORDINAL;Ordinal_2) | P5: {}
A6: 0198ef6d-8543-479e-1e7a-3428fa97ebc7 | B6: 0198ef6d-8543-6a7f-4553-b7280cc2ab9b | C6: =INDEX(Dim!$C:$C,MATCH($B6,Dim!$A:$A,0)) -> regex1 | D6: _1 | E6: =$C6&$D6 -> regex1_1 | F6: =RIGHT($D6,LEN($D6)-1)+1-1 -> 1 | G6: =$E6 -> regex1_1 | H6: REGULAR_LANGUAGE | I6: 0198ef6d-8543-a151-ab47-0394a80e2a05 | J6: =IF($I6="","",INDEX(ConceptSet!$C:$C,MATCH($I6,ConceptSet!$A:$A,0))) -> Regex_1 | L6: =IF($K6="","",INDEX(RegionSet!$B:$B,MATCH($K6,RegionSet!$A:$A,0))) | O6: =$E6&" ("&$H6&(IF($J6="","",";"&$J6)&(IF($L6="","",";"&$L6)))&")" -> regex1_1 (REGULAR_LANGUAGE;Regex_1) | P6: {}
A7: 0198ef6d-8543-0924-3aca-6065227cd9ef | B7: 0198ef6d-8543-5e3c-cec3-8db0ccbd38fa | C7: =INDEX(Dim!$C:$C,MATCH($B7,Dim!$A:$A,0)) -> regex2 | D7: _1 | E7: =$C7&$D7 -> regex2_1 | F7: =RIGHT($D7,LEN($D7)-1)+1-1 -> 1 | G7: =$E7 -> regex2_1 | H7: REGULAR_LANGUAGE | I7: 0198ef6d-8543-6df8-9098-78280604c758 | J7: =IF($I7="","",INDEX(ConceptSet!$C:$C,MATCH($I7,ConceptSet!$A:$A,0))) -> Regex_2 | L7: =IF($K7="","",INDEX(RegionSet!$B:$B,MATCH($K7,RegionSet!$A:$A,0))) | O7: =$E7&" ("&$H7&(IF($J7="","",";"&$J7)&(IF($L7="","",";"&$L7)))&")" -> regex2_1 (REGULAR_LANGUAGE;Regex_2) | P7: {}
A8: 0198ef6d-8543-78ba-e607-ac65487d273b | B8: 0198ef6d-8543-0b52-87e5-431792f951a2 | C8: =INDEX(Dim!$C:$C,MATCH($B8,Dim!$A:$A,0)) -> text1 | D8: _1 | E8: =$C8&$D8 -> text1_1 | F8: =RIGHT($D8,LEN($D8)-1)+1-1 -> 1 | G8: =$E8 -> text1_1 | H8: TEXT | J8: =IF($I8="","",INDEX(ConceptSet!$C:$C,MATCH($I8,ConceptSet!$A:$A,0))) | L8: =IF($K8="","",INDEX(RegionSet!$B:$B,MATCH($K8,RegionSet!$A:$A,0))) | O8: =$E8&" ("&$H8&(IF($J8="","",";"&$J8)&(IF($L8="","",";"&$L8)))&")" -> text1_1 (TEXT) | P8: {}
A9: 0198ef6d-8543-2d1c-8ae5-fde6579f02e4 | B9: 0198ef6d-8543-e0a4-1718-6ae19c4f6090 | C9: =INDEX(Dim!$C:$C,MATCH($B9,Dim!$A:$A,0)) -> text2 | D9: _1 | E9: =$C9&$D9 -> text2_1 | F9: =RIGHT($D9,LEN($D9)-1)+1-1 -> 1 | G9: =$E9 -> text2_1 | H9: TEXT | J9: =IF($I9="","",INDEX(ConceptSet!$C:$C,MATCH($I9,ConceptSet!$A:$A,0))) | L9: =IF($K9="","",INDEX(RegionSet!$B:$B,MATCH($K9,RegionSet!$A:$A,0))) | O9: =$E9&" ("&$H9&(IF($J9="","",";"&$J9)&(IF($L9="","",";"&$L9)))&")" -> text2_1 (TEXT) | P9: {}
A10: 0198ef6d-8543-9c02-f715-88d1935aca9a | B10: 0198ef6d-8543-b0f3-f8b0-c502bee720e9 | C10: =INDEX(Dim!$C:$C,MATCH($B10,Dim!$A:$A,0)) -> org1 | D10: _1 | E10: =$C10&$D10 -> org1_1 | F10: =RIGHT($D10,LEN($D10)-1)+1-1 -> 1 | G10: =$E10 -> org1_1 | H10: ORGANIZATION | J10: =IF($I10="","",INDEX(ConceptSet!$C:$C,MATCH($I10,ConceptSet!$A:$A,0))) | L10: =IF($K10="","",INDEX(RegionSet!$B:$B,MATCH($K10,RegionSet!$A:$A,0))) | O10: =$E10&" ("&$H10&(IF($J10="","",";"&$J10)&(IF($L10="","",";"&$L10)))&")" -> org1_1 (ORGANIZATION) | P10: {}
A11: 0198ef6d-8543-5be8-beb1-cbc53a476302 | B11: 0198ef6d-8543-5ea8-9f20-a8177b2d28d2 | C11: =INDEX(Dim!$C:$C,MATCH($B11,Dim!$A:$A,0)) -> org2 | D11: _1 | E11: =$C11&$D11 -> org2_1 | F11: =RIGHT($D11,LEN($D11)-1)+1-1 -> 1 | G11: =$E11 -> org2_1 | H11: ORGANIZATION | J11: =IF($I11="","",INDEX(ConceptSet!$C:$C,MATCH($I11,ConceptSet!$A:$A,0))) | L11: =IF($K11="","",INDEX(RegionSet!$B:$B,MATCH($K11,RegionSet!$A:$A,0))) | O11: =$E11&" ("&$H11&(IF($J11="","",";"&$J11)&(IF($L11="","",";"&$L11)))&")" -> org2_1 (ORGANIZATION) | P11: {}
A12: 0198ef6d-8543-13b8-702c-f36c6968d08f | B12: 0198ef6d-8543-d4cb-e9cb-2c352f1baa30 | C12: =INDEX(Dim!$C:$C,MATCH($B12,Dim!$A:$A,0)) -> geo1 | D12: _1 | E12: =$C12&$D12 -> geo1_1 | F12: =RIGHT($D12,LEN($D12)-1)+1-1 -> 1 | G12: =$E12 -> geo1_1 | H12: GEO_REGION | J12: =IF($I12="","",INDEX(ConceptSet!$C:$C,MATCH($I12,ConceptSet!$A:$A,0))) | K12: 0198ef6d-8543-92bb-3d7b-9a6b17e52c7d | L12: =IF($K12="","",INDEX(RegionSet!$B:$B,MATCH($K12,RegionSet!$A:$A,0))) -> PC_L4 | O12: =$E12&" ("&$H12&(IF($J12="","",";"&$J12)&(IF($L12="","",";"&$L12)))&")" -> geo1_1 (GEO_REGION;PC_L4) | P12: {}
A13: 0198ef6d-8543-74d1-8cf2-4f5da375834f | B13: 0198ef6d-8543-d4cb-e9cb-2c352f1baa30 | C13: =INDEX(Dim!$C:$C,MATCH($B13,Dim!$A:$A,0)) -> geo1 | D13: _2 | E13: =$C13&$D13 -> geo1_2 | F13: =RIGHT($D13,LEN($D13)-1)+1-1 -> 2 | G13: =$E13 -> geo1_2 | H13: GEO_REGION | J13: =IF($I13="","",INDEX(ConceptSet!$C:$C,MATCH($I13,ConceptSet!$A:$A,0))) | K13: 0198ef6d-8543-0ad2-6a86-701cc690b0a4 | L13: =IF($K13="","",INDEX(RegionSet!$B:$B,MATCH($K13,RegionSet!$A:$A,0))) -> PC_L3 | O13: =$E13&" ("&$H13&(IF($J13="","",";"&$J13)&(IF($L13="","",";"&$L13)))&")" -> geo1_2 (GEO_REGION;PC_L3) | P13: {}
A14: 0198ef6d-8543-b7d9-c034-47ae7fb11c50 | B14: 0198ef6d-8543-d4cb-e9cb-2c352f1baa30 | C14: =INDEX(Dim!$C:$C,MATCH($B14,Dim!$A:$A,0)) -> geo1 | D14: _3 | E14: =$C14&$D14 -> geo1_3 | F14: =RIGHT($D14,LEN($D14)-1)+1-1 -> 3 | G14: =$E14 -> geo1_3 | H14: GEO_REGION | J14: =IF($I14="","",INDEX(ConceptSet!$C:$C,MATCH($I14,ConceptSet!$A:$A,0))) | K14: 0198ef6d-8543-5e3f-5ed0-dd932e32c2aa | L14: =IF($K14="","",INDEX(RegionSet!$B:$B,MATCH($K14,RegionSet!$A:$A,0))) -> MUN | O14: =$E14&" ("&$H14&(IF($J14="","",";"&$J14)&(IF($L14="","",";"&$L14)))&")" -> geo1_3 (GEO_REGION;MUN) | P14: {}
A15: 0198ef6d-8543-61aa-6bef-ab847c75d5f6 | B15: 0198ef6d-8543-d4cb-e9cb-2c352f1baa30 | C15: =INDEX(Dim!$C:$C,MATCH($B15,Dim!$A:$A,0)) -> geo1 | D15: _4 | E15: =$C15&$D15 -> geo1_4 | F15: =RIGHT($D15,LEN($D15)-1)+1-1 -> 4 | G15: =$E15 -> geo1_4 | H15: GEO_REGION | J15: =IF($I15="","",INDEX(ConceptSet!$C:$C,MATCH($I15,ConceptSet!$A:$A,0))) | K15: 0198ef6d-8543-ca21-8fc9-aac9c10fe055 | L15: =IF($K15="","",INDEX(RegionSet!$B:$B,MATCH($K15,RegionSet!$A:$A,0))) -> PV | O15: =$E15&" ("&$H15&(IF($J15="","",";"&$J15)&(IF($L15="","",";"&$L15)))&")" -> geo1_4 (GEO_REGION;PV) | P15: {}
A16: 0198ef6d-8543-c6b8-13b1-618c88c659c4 | B16: 0198ef6d-8543-08a5-b8d2-bad85d28ce19 | C16: =INDEX(Dim!$C:$C,MATCH($B16,Dim!$A:$A,0)) -> geo2 | D16: _1 | E16: =$C16&$D16 -> geo2_1 | F16: =RIGHT($D16,LEN($D16)-1)+1-1 -> 1 | G16: =$E16 -> geo2_1 | H16: GEO_REGION | J16: =IF($I16="","",INDEX(ConceptSet!$C:$C,MATCH($I16,ConceptSet!$A:$A,0))) | K16: 0198ef6d-8543-92bb-3d7b-9a6b17e52c7d | L16: =IF($K16="","",INDEX(RegionSet!$B:$B,MATCH($K16,RegionSet!$A:$A,0))) -> PC_L4 | O16: =$E16&" ("&$H16&(IF($J16="","",";"&$J16)&(IF($L16="","",";"&$L16)))&")" -> geo2_1 (GEO_REGION;PC_L4) | P16: {}
A17: 0198ef6d-8543-1f4e-e4ff-26b349afa1da | B17: 0198ef6d-8543-08a5-b8d2-bad85d28ce19 | C17: =INDEX(Dim!$C:$C,MATCH($B17,Dim!$A:$A,0)) -> geo2 | D17: _2 | E17: =$C17&$D17 -> geo2_2 | F17: =RIGHT($D17,LEN($D17)-1)+1-1 -> 2 | G17: =$E17 -> geo2_2 | H17: GEO_REGION | J17: =IF($I17="","",INDEX(ConceptSet!$C:$C,MATCH($I17,ConceptSet!$A:$A,0))) | K17: 0198ef6d-8543-0ad2-6a86-701cc690b0a4 | L17: =IF($K17="","",INDEX(RegionSet!$B:$B,MATCH($K17,RegionSet!$A:$A,0))) -> PC_L3 | O17: =$E17&" ("&$H17&(IF($J17="","",";"&$J17)&(IF($L17="","",";"&$L17)))&")" -> geo2_2 (GEO_REGION;PC_L3) | P17: {}
A18: 0198ef6d-8543-1d52-5bac-f77d1900a8dd | B18: 0198ef6d-8543-08a5-b8d2-bad85d28ce19 | C18: =INDEX(Dim!$C:$C,MATCH($B18,Dim!$A:$A,0)) -> geo2 | D18: _3 | E18: =$C18&$D18 -> geo2_3 | F18: =RIGHT($D18,LEN($D18)-1)+1-1 -> 3 | G18: =$E18 -> geo2_3 | H18: GEO_REGION | J18: =IF($I18="","",INDEX(ConceptSet!$C:$C,MATCH($I18,ConceptSet!$A:$A,0))) | K18: 0198ef6d-8543-5e3f-5ed0-dd932e32c2aa | L18: =IF($K18="","",INDEX(RegionSet!$B:$B,MATCH($K18,RegionSet!$A:$A,0))) -> MUN | O18: =$E18&" ("&$H18&(IF($J18="","",";"&$J18)&(IF($L18="","",";"&$L18)))&")" -> geo2_3 (GEO_REGION;MUN) | P18: {}
A19: 0198ef6d-8543-d807-f0b2-816adb66b0e2 | B19: 0198ef6d-8543-08a5-b8d2-bad85d28ce19 | C19: =INDEX(Dim!$C:$C,MATCH($B19,Dim!$A:$A,0)) -> geo2 | D19: _4 | E19: =$C19&$D19 -> geo2_4 | F19: =RIGHT($D19,LEN($D19)-1)+1-1 -> 4 | G19: =$E19 -> geo2_4 | H19: GEO_REGION | J19: =IF($I19="","",INDEX(ConceptSet!$C:$C,MATCH($I19,ConceptSet!$A:$A,0))) | K19: 0198ef6d-8543-ca21-8fc9-aac9c10fe055 | L19: =IF($K19="","",INDEX(RegionSet!$B:$B,MATCH($K19,RegionSet!$A:$A,0))) -> PV | O19: =$E19&" ("&$H19&(IF($J19="","",";"&$J19)&(IF($L19="","",";"&$L19)))&")" -> geo2_4 (GEO_REGION;PV) | P19: {}
A20: 0198ef6d-8543-1ccc-3ca5-8e5804b351d7 | B20: 0198ef6d-8543-090b-38ba-3d20aff20301 | C20: =INDEX(Dim!$C:$C,MATCH($B20,Dim!$A:$A,0)) -> time1 | D20: _1 | E20: =$C20&$D20 -> time1_1 | F20: =RIGHT($D20,LEN($D20)-1)+1-1 -> 1 | G20: =$E20 -> time1_1 | H20: TIME_DAY | J20: =IF($I20="","",INDEX(ConceptSet!$C:$C,MATCH($I20,ConceptSet!$A:$A,0))) | L20: =IF($K20="","",INDEX(RegionSet!$B:$B,MATCH($K20,RegionSet!$A:$A,0))) | O20: =$E20&" ("&$H20&(IF($J20="","",";"&$J20)&(IF($L20="","",";"&$L20)))&")" -> time1_1 (TIME_DAY) | P20: {}
A21: 0198ef6d-8543-a1f2-8fe1-01a845acbff0 | B21: 0198ef6d-8543-090b-38ba-3d20aff20301 | C21: =INDEX(Dim!$C:$C,MATCH($B21,Dim!$A:$A,0)) -> time1 | D21: _2 | E21: =$C21&$D21 -> time1_2 | F21: =RIGHT($D21,LEN($D21)-1)+1-1 -> 2 | G21: =$E21 -> time1_2 | H21: TIME_WEEK | J21: =IF($I21="","",INDEX(ConceptSet!$C:$C,MATCH($I21,ConceptSet!$A:$A,0))) | L21: =IF($K21="","",INDEX(RegionSet!$B:$B,MATCH($K21,RegionSet!$A:$A,0))) | O21: =$E21&" ("&$H21&(IF($J21="","",";"&$J21)&(IF($L21="","",";"&$L21)))&")" -> time1_2 (TIME_WEEK) | P21: {}
A22: 0198ef6d-8543-3ef0-e88e-3e695cf2445e | B22: 0198ef6d-8543-090b-38ba-3d20aff20301 | C22: =INDEX(Dim!$C:$C,MATCH($B22,Dim!$A:$A,0)) -> time1 | D22: _3 | E22: =$C22&$D22 -> time1_3 | F22: =RIGHT($D22,LEN($D22)-1)+1-1 -> 3 | G22: =$E22 -> time1_3 | H22: TIME_MONTH | J22: =IF($I22="","",INDEX(ConceptSet!$C:$C,MATCH($I22,ConceptSet!$A:$A,0))) | L22: =IF($K22="","",INDEX(RegionSet!$B:$B,MATCH($K22,RegionSet!$A:$A,0))) | O22: =$E22&" ("&$H22&(IF($J22="","",";"&$J22)&(IF($L22="","",";"&$L22)))&")" -> time1_3 (TIME_MONTH) | P22: {}
A23: 0198ef6d-8543-36a5-2583-d111be64cfe5 | B23: 0198ef6d-8543-090b-38ba-3d20aff20301 | C23: =INDEX(Dim!$C:$C,MATCH($B23,Dim!$A:$A,0)) -> time1 | D23: _4 | E23: =$C23&$D23 -> time1_4 | F23: =RIGHT($D23,LEN($D23)-1)+1-1 -> 4 | G23: =$E23 -> time1_4 | H23: TIME_QUARTER | J23: =IF($I23="","",INDEX(ConceptSet!$C:$C,MATCH($I23,ConceptSet!$A:$A,0))) | L23: =IF($K23="","",INDEX(RegionSet!$B:$B,MATCH($K23,RegionSet!$A:$A,0))) | O23: =$E23&" ("&$H23&(IF($J23="","",";"&$J23)&(IF($L23="","",";"&$L23)))&")" -> time1_4 (TIME_QUARTER) | P23: {}
A24: 0198ef6d-8543-0602-3b9b-8074754ce32f | B24: 0198ef6d-8543-090b-38ba-3d20aff20301 | C24: =INDEX(Dim!$C:$C,MATCH($B24,Dim!$A:$A,0)) -> time1 | D24: _5 | E24: =$C24&$D24 -> time1_5 | F24: =RIGHT($D24,LEN($D24)-1)+1-1 -> 5 | G24: =$E24 -> time1_5 | H24: TIME_YEAR | J24: =IF($I24="","",INDEX(ConceptSet!$C:$C,MATCH($I24,ConceptSet!$A:$A,0))) | L24: =IF($K24="","",INDEX(RegionSet!$B:$B,MATCH($K24,RegionSet!$A:$A,0))) | O24: =$E24&" ("&$H24&(IF($J24="","",";"&$J24)&(IF($L24="","",";"&$L24)))&")" -> time1_5 (TIME_YEAR) | P24: {}
A25: 0198ef6d-8543-4c94-0bf9-94599fca001d | B25: 0198ef6d-8543-9464-8125-c57e62e81fa8 | C25: =INDEX(Dim!$C:$C,MATCH($B25,Dim!$A:$A,0)) -> time2 | D25: _1 | E25: =$C25&$D25 -> time2_1 | F25: =RIGHT($D25,LEN($D25)-1)+1-1 -> 1 | G25: =$E25 -> time2_1 | H25: TIME_DAY | J25: =IF($I25="","",INDEX(ConceptSet!$C:$C,MATCH($I25,ConceptSet!$A:$A,0))) | L25: =IF($K25="","",INDEX(RegionSet!$B:$B,MATCH($K25,RegionSet!$A:$A,0))) | O25: =$E25&" ("&$H25&(IF($J25="","",";"&$J25)&(IF($L25="","",";"&$L25)))&")" -> time2_1 (TIME_DAY) | P25: {}
A26: 0198ef6d-8543-97b5-1037-1371f120aa8d | B26: 0198ef6d-8543-9464-8125-c57e62e81fa8 | C26: =INDEX(Dim!$C:$C,MATCH($B26,Dim!$A:$A,0)) -> time2 | D26: _2 | E26: =$C26&$D26 -> time2_2 | F26: =RIGHT($D26,LEN($D26)-1)+1-1 -> 2 | G26: =$E26 -> time2_2 | H26: TIME_WEEK | J26: =IF($I26="","",INDEX(ConceptSet!$C:$C,MATCH($I26,ConceptSet!$A:$A,0))) | L26: =IF($K26="","",INDEX(RegionSet!$B:$B,MATCH($K26,RegionSet!$A:$A,0))) | O26: =$E26&" ("&$H26&(IF($J26="","",";"&$J26)&(IF($L26="","",";"&$L26)))&")" -> time2_2 (TIME_WEEK) | P26: {}
A27: 0198ef6d-8543-3174-2105-15a6851c5148 | B27: 0198ef6d-8543-9464-8125-c57e62e81fa8 | C27: =INDEX(Dim!$C:$C,MATCH($B27,Dim!$A:$A,0)) -> time2 | D27: _3 | E27: =$C27&$D27 -> time2_3 | F27: =RIGHT($D27,LEN($D27)-1)+1-1 -> 3 | G27: =$E27 -> time2_3 | H27: TIME_MONTH | J27: =IF($I27="","",INDEX(ConceptSet!$C:$C,MATCH($I27,ConceptSet!$A:$A,0))) | L27: =IF($K27="","",INDEX(RegionSet!$B:$B,MATCH($K27,RegionSet!$A:$A,0))) | O27: =$E27&" ("&$H27&(IF($J27="","",";"&$J27)&(IF($L27="","",";"&$L27)))&")" -> time2_3 (TIME_MONTH) | P27: {}
A28: 0198ef6d-8543-d0b2-a670-f7d735fbf952 | B28: 0198ef6d-8543-9464-8125-c57e62e81fa8 | C28: =INDEX(Dim!$C:$C,MATCH($B28,Dim!$A:$A,0)) -> time2 | D28: _4 | E28: =$C28&$D28 -> time2_4 | F28: =RIGHT($D28,LEN($D28)-1)+1-1 -> 4 | G28: =$E28 -> time2_4 | H28: TIME_QUARTER | J28: =IF($I28="","",INDEX(ConceptSet!$C:$C,MATCH($I28,ConceptSet!$A:$A,0))) | L28: =IF($K28="","",INDEX(RegionSet!$B:$B,MATCH($K28,RegionSet!$A:$A,0))) | O28: =$E28&" ("&$H28&(IF($J28="","",";"&$J28)&(IF($L28="","",";"&$L28)))&")" -> time2_4 (TIME_QUARTER) | P28: {}
A29: 0198ef6d-8543-70f1-d18e-7b3cd6948bd7 | B29: 0198ef6d-8543-9464-8125-c57e62e81fa8 | C29: =INDEX(Dim!$C:$C,MATCH($B29,Dim!$A:$A,0)) -> time2 | D29: _5 | E29: =$C29&$D29 -> time2_5 | F29: =RIGHT($D29,LEN($D29)-1)+1-1 -> 5 | G29: =$E29 -> time2_5 | H29: TIME_YEAR | J29: =IF($I29="","",INDEX(ConceptSet!$C:$C,MATCH($I29,ConceptSet!$A:$A,0))) | L29: =IF($K29="","",INDEX(RegionSet!$B:$B,MATCH($K29,RegionSet!$A:$A,0))) | O29: =$E29&" ("&$H29&(IF($J29="","",";"&$J29)&(IF($L29="","",";"&$L29)))&")" -> time2_5 (TIME_YEAR) | P29: {}
A30: 0198ef6d-8543-ab8a-bde3-659597476ba5 | B30: 0198ef6d-8543-f771-bae1-9ddd35630976 | C30: =INDEX(Dim!$C:$C,MATCH($B30,Dim!$A:$A,0)) -> id1 | D30: _1 | E30: =$C30&$D30 -> id1_1 | F30: =RIGHT($D30,LEN($D30)-1)+1-1 -> 1 | G30: =$E30 -> id1_1 | H30: ID_PSEUDONYMISED | J30: =IF($I30="","",INDEX(ConceptSet!$C:$C,MATCH($I30,ConceptSet!$A:$A,0))) | L30: =IF($K30="","",INDEX(RegionSet!$B:$B,MATCH($K30,RegionSet!$A:$A,0))) | O30: =$E30&" ("&$H30&(IF($J30="","",";"&$J30)&(IF($L30="","",";"&$L30)))&")" -> id1_1 (ID_PSEUDONYMISED) | P30: {}
A31: 0198ef6d-8543-7878-8fbe-0ddd72dfc52c | B31: 0198ef6d-8543-c781-d5a1-ba5569aaaf92 | C31: =INDEX(Dim!$C:$C,MATCH($B31,Dim!$A:$A,0)) -> id2 | D31: _1 | E31: =$C31&$D31 -> id2_1 | F31: =RIGHT($D31,LEN($D31)-1)+1-1 -> 1 | G31: =$E31 -> id2_1 | H31: ID_PSEUDONYMISED | J31: =IF($I31="","",INDEX(ConceptSet!$C:$C,MATCH($I31,ConceptSet!$A:$A,0))) | L31: =IF($K31="","",INDEX(RegionSet!$B:$B,MATCH($K31,RegionSet!$A:$A,0))) | O31: =$E31&" ("&$H31&(IF($J31="","",";"&$J31)&(IF($L31="","",";"&$L31)))&")" -> id2_1 (ID_PSEUDONYMISED) | P31: {}
A32: 0198ef6d-8543-c616-5348-1a00a03f4c57 | B32: 0198ef6d-8543-2e3c-58fa-85eca2a977c1 | C32: =INDEX(Dim!$C:$C,MATCH($B32,Dim!$A:$A,0)) -> number1 | D32: _1 | E32: =$C32&$D32 -> number1_1 | F32: =RIGHT($D32,LEN($D32)-1)+1-1 -> 1 | G32: =$E32 -> number1_1 | H32: DECIMAL_0 | J32: =IF($I32="","",INDEX(ConceptSet!$C:$C,MATCH($I32,ConceptSet!$A:$A,0))) | L32: =IF($K32="","",INDEX(RegionSet!$B:$B,MATCH($K32,RegionSet!$A:$A,0))) | O32: =$E32&" ("&$H32&(IF($J32="","",";"&$J32)&(IF($L32="","",";"&$L32)))&")" -> number1_1 (DECIMAL_0) | P32: {}
A33: 0198ef6d-8543-d80f-bded-2df4b7df993d | B33: 0198ef6d-8543-2e3c-58fa-85eca2a977c1 | C33: =INDEX(Dim!$C:$C,MATCH($B33,Dim!$A:$A,0)) -> number1 | D33: _1 | E33: =$C33&$D33 -> number1_1 | F33: =RIGHT($D33,LEN($D33)-1)+1-1 -> 1 | G33: =$E33 -> number1_1 | H33: INTERVAL | I33: 0198ef6d-8543-020d-44c5-53e813a46714 | J33: =IF($I33="","",INDEX(ConceptSet!$C:$C,MATCH($I33,ConceptSet!$A:$A,0))) -> Age in years, intervals 0, 5, 15, 25, 45, 65 | L33: =IF($K33="","",INDEX(RegionSet!$B:$B,MATCH($K33,RegionSet!$A:$A,0))) | O33: =$E33&" ("&$H33&(IF($J33="","",";"&$J33)&(IF($L33="","",";"&$L33)))&")" -> number1_1 (INTERVAL;Age in years, intervals 0, 5, 15, 25, 45, 65) | P33: {}
A34: 0198ef6d-8543-7e88-f9a1-238ceac18124 | B34: 0198ef6d-8543-2e3c-58fa-85eca2a977c1 | C34: =INDEX(Dim!$C:$C,MATCH($B34,Dim!$A:$A,0)) -> number1 | D34: _1 | E34: =$C34&$D34 -> number1_1 | F34: =RIGHT($D34,LEN($D34)-1)+1-1 -> 1 | G34: =$E34 -> number1_1 | H34: INTERVAL | I34: 0198ef6d-8543-2a37-be54-7f7d24e1ed1d | J34: =IF($I34="","",INDEX(ConceptSet!$C:$C,MATCH($I34,ConceptSet!$A:$A,0))) -> Age in years, intervals 0, 5, 19, 65 | L34: =IF($K34="","",INDEX(RegionSet!$B:$B,MATCH($K34,RegionSet!$A:$A,0))) | O34: =$E34&" ("&$H34&(IF($J34="","",";"&$J34)&(IF($L34="","",";"&$L34)))&")" -> number1_1 (INTERVAL;Age in years, intervals 0, 5, 19, 65) | P34: {}
A35: 0198ef6d-8543-e39d-276c-4184424fa3b7 | B35: 0198ef6d-8543-ca89-d050-715e4e6f5013 | C35: =INDEX(Dim!$C:$C,MATCH($B35,Dim!$A:$A,0)) -> number2 | D35: _1 | E35: =$C35&$D35 -> number2_1 | F35: =RIGHT($D35,LEN($D35)-1)+1-1 -> 1 | G35: =$E35 -> number2_1 | H35: DECIMAL_2 | J35: =IF($I35="","",INDEX(ConceptSet!$C:$C,MATCH($I35,ConceptSet!$A:$A,0))) | L35: =IF($K35="","",INDEX(RegionSet!$B:$B,MATCH($K35,RegionSet!$A:$A,0))) | O35: =$E35&" ("&$H35&(IF($J35="","",";"&$J35)&(IF($L35="","",";"&$L35)))&")" -> number2_1 (DECIMAL_2) | P35: {}
A36: 0198ef6d-8543-4cc4-3dfd-ec8b31c48f5d | B36: 0198ef6d-8543-ca89-d050-715e4e6f5013 | C36: =INDEX(Dim!$C:$C,MATCH($B36,Dim!$A:$A,0)) -> number2 | D36: _1 | E36: =$C36&$D36 -> number2_1 | F36: =RIGHT($D36,LEN($D36)-1)+1-1 -> 1 | G36: =$E36 -> number2_1 | H36: INTERVAL | I36: 0198ef6d-8543-cb6b-0c98-c2a7e640e10d | J36: =IF($I36="","",INDEX(ConceptSet!$C:$C,MATCH($I36,ConceptSet!$A:$A,0))) -> Age in months, intervals 0, 1, 2, 3 | L36: =IF($K36="","",INDEX(RegionSet!$B:$B,MATCH($K36,RegionSet!$A:$A,0))) | O36: =$E36&" ("&$H36&(IF($J36="","",";"&$J36)&(IF($L36="","",";"&$L36)))&")" -> number2_1 (INTERVAL;Age in months, intervals 0, 1, 2, 3) | P36: {}
A37: 0198ef6d-8543-5969-bc68-05db01d72683 | B37: 0198ef6d-8543-ca89-d050-715e4e6f5013 | C37: =INDEX(Dim!$C:$C,MATCH($B37,Dim!$A:$A,0)) -> number2 | D37: _1 | E37: =$C37&$D37 -> number2_1 | F37: =RIGHT($D37,LEN($D37)-1)+1-1 -> 1 | G37: =$E37 -> number2_1 | H37: INTERVAL | I37: 0198ef6d-8543-f668-cedc-b78f8e3bc412 | J37: =IF($I37="","",INDEX(ConceptSet!$C:$C,MATCH($I37,ConceptSet!$A:$A,0))) -> Age in years, intervals 0, 15, 25, 35, 45 | L37: =IF($K37="","",INDEX(RegionSet!$B:$B,MATCH($K37,RegionSet!$A:$A,0))) | O37: =$E37&" ("&$H37&(IF($J37="","",";"&$J37)&(IF($L37="","",";"&$L37)))&")" -> number2_1 (INTERVAL;Age in years, intervals 0, 15, 25, 35, 45) | P37: {}
A38: 0198ef6d-8543-48c7-ff84-ba2c574cb664 | B38: 0198ef6d-8543-464e-e152-42bb0dc00713 | C38: =INDEX(Dim!$C:$C,MATCH($B38,Dim!$A:$A,0)) -> other1 | D38: _1 | E38: =$C38&$D38 -> other1_1 | F38: =RIGHT($D38,LEN($D38)-1)+1-1 -> 1 | G38: =$E38 -> other1_1 | H38: OTHER | J38: =IF($I38="","",INDEX(ConceptSet!$C:$C,MATCH($I38,ConceptSet!$A:$A,0))) | L38: =IF($K38="","",INDEX(RegionSet!$B:$B,MATCH($K38,RegionSet!$A:$A,0))) | O38: =$E38&" ("&$H38&(IF($J38="","",";"&$J38)&(IF($L38="","",";"&$L38)))&")" -> other1_1 (OTHER) | P38: {}
A39: 0198ef6d-8543-6928-904b-2f24d48dec5d | B39: 0198ef6d-8543-4209-5045-1bdd507593a7 | C39: =INDEX(Dim!$C:$C,MATCH($B39,Dim!$A:$A,0)) -> other2 | D39: _1 | E39: =$C39&$D39 -> other2_1 | F39: =RIGHT($D39,LEN($D39)-1)+1-1 -> 1 | G39: =$E39 -> other2_1 | H39: OTHER | J39: =IF($I39="","",INDEX(ConceptSet!$C:$C,MATCH($I39,ConceptSet!$A:$A,0))) | L39: =IF($K39="","",INDEX(RegionSet!$B:$B,MATCH($K39,RegionSet!$A:$A,0))) | O39: =$E39&" ("&$H39&(IF($J39="","",";"&$J39)&(IF($L39="","",";"&$L39)))&")" -> other2_1 (OTHER) | P39: {}

Sheet Disease
A1: id | B1: name | C1: icd_code
A2: 0195d18c-1ca4-6d4f-99b8-10458cd57f32 | B2: disease1
A3: 0195d18c-1ca4-2098-2e1c-1f2c2d58cd41 | B3: disease2
A4: 0195d18c-1ca4-9f3c-a017-a8f11202fb1c | B4: disease3
A5: 0195d18c-1ca4-86bf-f4e7-8c2a92ff370d | B5: disease4
A6: 0195d18c-1ca4-6a53-af25-e4cd2ea0545a | B6: disease5

Sheet EtiologicalAgent
A1: id | B1: name | C1: type
A2: 0195d18c-1ca4-82bc-c40f-054b28401ddd | B2: etiological_agent1 | C2: ORGANISM
A3: 0195d18c-1ca4-d963-1fbd-e9bf6dbb100c | B3: etiological_agent2 | C3: ORGANISM
A4: 0195d18c-1ca5-5802-0739-33f87df230d4 | B4: etiological_agent3 | C4: ORGANISM
A5: 0195d18c-1ca5-6d25-b2ad-a663425c8c15 | B5: etiological_agent4 | C5: ORGANISM
A6: 0195d18c-1ca5-49ab-b2c2-6e8556234b5c | B6: etiological_agent5 | C6: ORGANISM

Sheet CaseType
A1: id | B1: name | C1: description | D1: disease_id | E1: dm.disease_name | F1: disease | G1: etiological_agent_id | H1: dm.etiological_agent_name | I1: etiological_agent
A2: 0195d18c-1ca6-fd99-9d76-fcfa0c0cf400 | B2: case_type1 | D2: 0195d18c-1ca4-6d4f-99b8-10458cd57f32 | E2: =INDEX(Disease!$B:$B,MATCH($D2,Disease!$A:$A,0)) -> disease1 | G2: 0195d18c-1ca4-82bc-c40f-054b28401ddd | H2: =INDEX(EtiologicalAgent!$B:$B,MATCH($G2,EtiologicalAgent!$A:$A,0)) -> etiological_agent1
A3: 0195d18c-1ca6-752a-ec56-ed1b3d0cb095 | B3: case_type2 | D3: 0195d18c-1ca4-2098-2e1c-1f2c2d58cd41 | E3: =INDEX(Disease!$B:$B,MATCH($D3,Disease!$A:$A,0)) -> disease2 | G3: 0195d18c-1ca4-d963-1fbd-e9bf6dbb100c | H3: =INDEX(EtiologicalAgent!$B:$B,MATCH($G3,EtiologicalAgent!$A:$A,0)) -> etiological_agent2
A4: 0195d18c-1ca6-0243-1762-326add8a5d71 | B4: case_type3 | D4: 0195d18c-1ca4-9f3c-a017-a8f11202fb1c | E4: =INDEX(Disease!$B:$B,MATCH($D4,Disease!$A:$A,0)) -> disease3 | G4: 0195d18c-1ca5-5802-0739-33f87df230d4 | H4: =INDEX(EtiologicalAgent!$B:$B,MATCH($G4,EtiologicalAgent!$A:$A,0)) -> etiological_agent3
A5: 0195d18c-1ca7-7209-a21c-556dc4fd3057 | B5: case_type4 | D5: 0195d18c-1ca4-86bf-f4e7-8c2a92ff370d | E5: =INDEX(Disease!$B:$B,MATCH($D5,Disease!$A:$A,0)) -> disease4 | G5: 0195d18c-1ca5-6d25-b2ad-a663425c8c15 | H5: =INDEX(EtiologicalAgent!$B:$B,MATCH($G5,EtiologicalAgent!$A:$A,0)) -> etiological_agent4
A6: 0195d18c-1ca7-ae33-0f89-bd1fd65da091 | B6: case_type5 | D6: 0195d18c-1ca4-6a53-af25-e4cd2ea0545a | E6: =INDEX(Disease!$B:$B,MATCH($D6,Disease!$A:$A,0)) -> disease5 | G6: 0195d18c-1ca5-49ab-b2c2-6e8556234b5c | H6: =INDEX(EtiologicalAgent!$B:$B,MATCH($G6,EtiologicalAgent!$A:$A,0)) -> etiological_agent5

Sheet CaseTypeSetCategory
A1: id | B1: name | C1: description | D1: rank | E1: purpose
A2: 0195d18c-1cb8-a47f-3df5-ebefd976f759 | B2: case_type_set_category1 | D2: 0 | E2: CONTENT

Sheet CaseTypeSet
A1: id | B1: name | C1: description | D1: case_type_set_category_id | E1: dm.case_type_set_category_name | F1: case_type_set_category | G1: rank
A2: 0195d18c-1cb8-5af5-9939-74dc8b5d3b5b | B2: case_type_set1 | D2: 0195d18c-1cb8-a47f-3df5-ebefd976f759 | E2: =INDEX(CaseTypeSetCategory!$B:$B,MATCH($D2,CaseTypeSetCategory!$A:$A,0)) -> case_type_set_category1 | G2: 0
A3: 0195d18c-1cb9-5e89-a2b4-e8204c332fd3 | B3: case_type_set2 | D3: 0195d18c-1cb8-a47f-3df5-ebefd976f759 | E3: =INDEX(CaseTypeSetCategory!$B:$B,MATCH($D3,CaseTypeSetCategory!$A:$A,0)) -> case_type_set_category1 | G3: 0
A4: 0195d18c-1cb9-7277-79d2-a96535256e4a | B4: case_type_set3 | D4: 0195d18c-1cb8-a47f-3df5-ebefd976f759 | E4: =INDEX(CaseTypeSetCategory!$B:$B,MATCH($D4,CaseTypeSetCategory!$A:$A,0)) -> case_type_set_category1 | G4: 0
A5: 0195d18c-1cba-e53b-6f58-f412630c05e2 | B5: case_type_set4 | D5: 0195d18c-1cb8-a47f-3df5-ebefd976f759 | E5: =INDEX(CaseTypeSetCategory!$B:$B,MATCH($D5,CaseTypeSetCategory!$A:$A,0)) -> case_type_set_category1 | G5: 0
A6: 0195d18c-1cba-2679-11a9-d71fc494b25a | B6: case_type_set5 | D6: 0195d18c-1cb8-a47f-3df5-ebefd976f759 | E6: =INDEX(CaseTypeSetCategory!$B:$B,MATCH($D6,CaseTypeSetCategory!$A:$A,0)) -> case_type_set_category1 | G6: 0
A7: 0195d18c-1cbb-d7b8-d852-987a801e0ad5 | B7: case_type_set1,2 | D7: 0195d18c-1cb8-a47f-3df5-ebefd976f759 | E7: =INDEX(CaseTypeSetCategory!$B:$B,MATCH($D7,CaseTypeSetCategory!$A:$A,0)) -> case_type_set_category1 | G7: 0
A8: 0195d18c-1cbb-5047-ab67-71cb2cb84047 | B8: case_type_set1,3 | D8: 0195d18c-1cb8-a47f-3df5-ebefd976f759 | E8: =INDEX(CaseTypeSetCategory!$B:$B,MATCH($D8,CaseTypeSetCategory!$A:$A,0)) -> case_type_set_category1 | G8: 0
A9: 0195d18c-1cbc-41fb-3ad7-2eed31140bd6 | B9: case_type_set1,4 | D9: 0195d18c-1cb8-a47f-3df5-ebefd976f759 | E9: =INDEX(CaseTypeSetCategory!$B:$B,MATCH($D9,CaseTypeSetCategory!$A:$A,0)) -> case_type_set_category1 | G9: 0
A10: 0195d18c-1cbc-cf9a-b28d-bd77d3b30365 | B10: case_type_set1,5 | D10: 0195d18c-1cb8-a47f-3df5-ebefd976f759 | E10: =INDEX(CaseTypeSetCategory!$B:$B,MATCH($D10,CaseTypeSetCategory!$A:$A,0)) -> case_type_set_category1 | G10: 0
A11: 0195d18c-1cbd-f948-2304-f178298dbc48 | B11: case_type_set2,3 | D11: 0195d18c-1cb8-a47f-3df5-ebefd976f759 | E11: =INDEX(CaseTypeSetCategory!$B:$B,MATCH($D11,CaseTypeSetCategory!$A:$A,0)) -> case_type_set_category1 | G11: 0
A12: 0195d18c-1cbe-394f-58eb-6d327092ba44 | B12: case_type_set2,4 | D12: 0195d18c-1cb8-a47f-3df5-ebefd976f759 | E12: =INDEX(CaseTypeSetCategory!$B:$B,MATCH($D12,CaseTypeSetCategory!$A:$A,0)) -> case_type_set_category1 | G12: 0
A13: 0195d18c-1cbe-fcd0-15db-737a74dff6fa | B13: case_type_set2,5 | D13: 0195d18c-1cb8-a47f-3df5-ebefd976f759 | E13: =INDEX(CaseTypeSetCategory!$B:$B,MATCH($D13,CaseTypeSetCategory!$A:$A,0)) -> case_type_set_category1 | G13: 0
... A16: 0195d18c-1cc0-1fae-3a05-50f42b0128fc | B16: case_type_set4,5 | D16: 0195d18c-1cb8-a47f-3df5-ebefd976f759 | E16: =INDEX(CaseTypeSetCategory!$B:$B,MATCH($D16,CaseTypeSetCategory!$A:$A,0)) -> case_type_set_category1 | G16: 0

Sheet CaseTypeSetMember
A1: id | B1: case_type_set_id | C1: dm.case_type_set_name | D1: case_type_set | E1: case_type_id | F1: dm.case_type_code | G1: case_type | H1: dm.key
A2: 0195d18c-1cb8-ac82-67f2-bc32a6368340 | B2: 0195d18c-1cb8-5af5-9939-74dc8b5d3b5b | C2: =INDEX(CaseTypeSet!$B:$B,MATCH($B2,CaseTypeSet!$A:$A,0)) -> case_type_set1 | E2: 0195d18c-1ca6-fd99-9d76-fcfa0c0cf400 | F2: =INDEX(CaseType!$B:$B,MATCH($E2,CaseType!$A:$A,0)) -> case_type1 | H2: =$B2&"|"&$E2 -> 0195d18c-1cb8-5af5-9939-74dc8b5d3b5b|0195d18c-1ca6-fd99-9d76-fcfa0c0cf400
A3: 0195d18c-1cb9-04cf-ee83-d2e14f70e6f7 | B3: 0195d18c-1cb9-5e89-a2b4-e8204c332fd3 | C3: =INDEX(CaseTypeSet!$B:$B,MATCH($B3,CaseTypeSet!$A:$A,0)) -> case_type_set2 | E3: 0195d18c-1ca6-752a-ec56-ed1b3d0cb095 | F3: =INDEX(CaseType!$B:$B,MATCH($E3,CaseType!$A:$A,0)) -> case_type2
A4: 0195d18c-1cb9-0db7-dd63-2f5c66ce2096 | B4: 0195d18c-1cb9-7277-79d2-a96535256e4a | C4: =INDEX(CaseTypeSet!$B:$B,MATCH($B4,CaseTypeSet!$A:$A,0)) -> case_type_set3 | E4: 0195d18c-1ca6-0243-1762-326add8a5d71 | F4: =INDEX(CaseType!$B:$B,MATCH($E4,CaseType!$A:$A,0)) -> case_type3
A5: 0195d18c-1cba-d75a-4f52-be8189bfd480 | B5: 0195d18c-1cba-e53b-6f58-f412630c05e2 | C5: =INDEX(CaseTypeSet!$B:$B,MATCH($B5,CaseTypeSet!$A:$A,0)) -> case_type_set4 | E5: 0195d18c-1ca7-7209-a21c-556dc4fd3057 | F5: =INDEX(CaseType!$B:$B,MATCH($E5,CaseType!$A:$A,0)) -> case_type4
A6: 0195d18c-1cba-880a-4d3d-9231b03e604d | B6: 0195d18c-1cba-2679-11a9-d71fc494b25a | C6: =INDEX(CaseTypeSet!$B:$B,MATCH($B6,CaseTypeSet!$A:$A,0)) -> case_type_set5 | E6: 0195d18c-1ca7-ae33-0f89-bd1fd65da091 | F6: =INDEX(CaseType!$B:$B,MATCH($E6,CaseType!$A:$A,0)) -> case_type5
A7: 0195d18c-1cbb-4d56-8309-26658e320187 | B7: 0195d18c-1cbb-d7b8-d852-987a801e0ad5 | C7: =INDEX(CaseTypeSet!$B:$B,MATCH($B7,CaseTypeSet!$A:$A,0)) -> case_type_set1,2 | E7: 0195d18c-1ca6-fd99-9d76-fcfa0c0cf400 | F7: =INDEX(CaseType!$B:$B,MATCH($E7,CaseType!$A:$A,0)) -> case_type1 | H7: =$B7&"|"&$E7 -> 0195d18c-1cbb-d7b8-d852-987a801e0ad5|0195d18c-1ca6-fd99-9d76-fcfa0c0cf400
A8: 0195d18c-1cbb-e8cf-b7a9-624604063760 | B8: 0195d18c-1cbb-d7b8-d852-987a801e0ad5 | C8: =INDEX(CaseTypeSet!$B:$B,MATCH($B8,CaseTypeSet!$A:$A,0)) -> case_type_set1,2 | E8: 0195d18c-1ca6-752a-ec56-ed1b3d0cb095 | F8: =INDEX(CaseType!$B:$B,MATCH($E8,CaseType!$A:$A,0)) -> case_type2
A9: 0195d18c-1cbc-34b5-25b1-15430bfc43cb | B9: 0195d18c-1cbb-5047-ab67-71cb2cb84047 | C9: =INDEX(CaseTypeSet!$B:$B,MATCH($B9,CaseTypeSet!$A:$A,0)) -> case_type_set1,3 | E9: 0195d18c-1ca6-0243-1762-326add8a5d71 | F9: =INDEX(CaseType!$B:$B,MATCH($E9,CaseType!$A:$A,0)) -> case_type3
A10: 0195d18c-1cbc-42ec-af5d-d0c541b3c295 | B10: 0195d18c-1cbb-5047-ab67-71cb2cb84047 | C10: =INDEX(CaseTypeSet!$B:$B,MATCH($B10,CaseTypeSet!$A:$A,0)) -> case_type_set1,3 | E10: 0195d18c-1ca6-fd99-9d76-fcfa0c0cf400 | F10: =INDEX(CaseType!$B:$B,MATCH($E10,CaseType!$A:$A,0)) -> case_type1 | H10: =$B10&"|"&$E10 -> 0195d18c-1cbb-5047-ab67-71cb2cb84047|0195d18c-1ca6-fd99-9d76-fcfa0c0cf400
A11: 0195d18c-1cbc-93ea-ba50-3ea9ab23cfcf | B11: 0195d18c-1cbc-41fb-3ad7-2eed31140bd6 | C11: =INDEX(CaseTypeSet!$B:$B,MATCH($B11,CaseTypeSet!$A:$A,0)) -> case_type_set1,4 | E11: 0195d18c-1ca6-fd99-9d76-fcfa0c0cf400 | F11: =INDEX(CaseType!$B:$B,MATCH($E11,CaseType!$A:$A,0)) -> case_type1 | H11: =$B11&"|"&$E11 -> 0195d18c-1cbc-41fb-3ad7-2eed31140bd6|0195d18c-1ca6-fd99-9d76-fcfa0c0cf400
A12: 0195d18c-1cbc-5d27-ec6f-91a2b6d7fba6 | B12: 0195d18c-1cbc-41fb-3ad7-2eed31140bd6 | C12: =INDEX(CaseTypeSet!$B:$B,MATCH($B12,CaseTypeSet!$A:$A,0)) -> case_type_set1,4 | E12: 0195d18c-1ca7-7209-a21c-556dc4fd3057 | F12: =INDEX(CaseType!$B:$B,MATCH($E12,CaseType!$A:$A,0)) -> case_type4
A13: 0195d18c-1cbd-afb8-4103-44bd3d6db520 | B13: 0195d18c-1cbc-cf9a-b28d-bd77d3b30365 | C13: =INDEX(CaseTypeSet!$B:$B,MATCH($B13,CaseTypeSet!$A:$A,0)) -> case_type_set1,5 | E13: 0195d18c-1ca7-ae33-0f89-bd1fd65da091 | F13: =INDEX(CaseType!$B:$B,MATCH($E13,CaseType!$A:$A,0)) -> case_type5
A14: 0195d18c-1cbd-598d-2fbc-ab1a86b38c7b | B14: 0195d18c-1cbc-cf9a-b28d-bd77d3b30365 | C14: =INDEX(CaseTypeSet!$B:$B,MATCH($B14,CaseTypeSet!$A:$A,0)) -> case_type_set1,5 | E14: 0195d18c-1ca6-fd99-9d76-fcfa0c0cf400 | F14: =INDEX(CaseType!$B:$B,MATCH($E14,CaseType!$A:$A,0)) -> case_type1 | H14: =$B14&"|"&$E14 -> 0195d18c-1cbc-cf9a-b28d-bd77d3b30365|0195d18c-1ca6-fd99-9d76-fcfa0c0cf400
A15: 0195d18c-1cbd-64ee-0053-12e519dbaea2 | B15: 0195d18c-1cbd-f948-2304-f178298dbc48 | C15: =INDEX(CaseTypeSet!$B:$B,MATCH($B15,CaseTypeSet!$A:$A,0)) -> case_type_set2,3 | E15: 0195d18c-1ca6-0243-1762-326add8a5d71 | F15: =INDEX(CaseType!$B:$B,MATCH($E15,CaseType!$A:$A,0)) -> case_type3
A16: 0195d18c-1cbd-e5e4-5e2c-49dcc5a54ec2 | B16: 0195d18c-1cbd-f948-2304-f178298dbc48 | C16: =INDEX(CaseTypeSet!$B:$B,MATCH($B16,CaseTypeSet!$A:$A,0)) -> case_type_set2,3 | E16: 0195d18c-1ca6-752a-ec56-ed1b3d0cb095 | F16: =INDEX(CaseType!$B:$B,MATCH($E16,CaseType!$A:$A,0)) -> case_type2
A17: 0195d18c-1cbe-25ec-3c13-b743a72fe44e | B17: 0195d18c-1cbe-394f-58eb-6d327092ba44 | C17: =INDEX(CaseTypeSet!$B:$B,MATCH($B17,CaseTypeSet!$A:$A,0)) -> case_type_set2,4 | E17: 0195d18c-1ca7-7209-a21c-556dc4fd3057 | F17: =INDEX(CaseType!$B:$B,MATCH($E17,CaseType!$A:$A,0)) -> case_type4
A18: 0195d18c-1cbe-ccf9-b1b3-31b52fe304c2 | B18: 0195d18c-1cbe-394f-58eb-6d327092ba44 | C18: =INDEX(CaseTypeSet!$B:$B,MATCH($B18,CaseTypeSet!$A:$A,0)) -> case_type_set2,4 | E18: 0195d18c-1ca6-752a-ec56-ed1b3d0cb095 | F18: =INDEX(CaseType!$B:$B,MATCH($E18,CaseType!$A:$A,0)) -> case_type2
A19: 0195d18c-1cbf-6781-d8e6-4821a8cca56f | B19: 0195d18c-1cbe-fcd0-15db-737a74dff6fa | C19: =INDEX(CaseTypeSet!$B:$B,MATCH($B19,CaseTypeSet!$A:$A,0)) -> case_type_set2,5 | E19: 0195d18c-1ca7-ae33-0f89-bd1fd65da091 | F19: =INDEX(CaseType!$B:$B,MATCH($E19,CaseType!$A:$A,0)) -> case_type5
A20: 0195d18c-1cbf-2af9-365a-9fcfc6325153 | B20: 0195d18c-1cbe-fcd0-15db-737a74dff6fa | C20: =INDEX(CaseTypeSet!$B:$B,MATCH($B20,CaseTypeSet!$A:$A,0)) -> case_type_set2,5 | E20: 0195d18c-1ca6-752a-ec56-ed1b3d0cb095 | F20: =INDEX(CaseType!$B:$B,MATCH($E20,CaseType!$A:$A,0)) -> case_type2
A21: 0195d18c-1cbf-cab5-f26b-de1986258d80 | B21: 0195d18c-1cbf-2a22-b845-fb9a44b67a96 | C21: =INDEX(CaseTypeSet!$B:$B,MATCH($B21,CaseTypeSet!$A:$A,0)) -> case_type_set3,4 | E21: 0195d18c-1ca6-0243-1762-326add8a5d71 | F21: =INDEX(CaseType!$B:$B,MATCH($E21,CaseType!$A:$A,0)) -> case_type3
A22: 0195d18c-1cbf-3ae8-57bc-297cbb3e0b04 | B22: 0195d18c-1cbf-2a22-b845-fb9a44b67a96 | C22: =INDEX(CaseTypeSet!$B:$B,MATCH($B22,CaseTypeSet!$A:$A,0)) -> case_type_set3,4 | E22: 0195d18c-1ca7-7209-a21c-556dc4fd3057 | F22: =INDEX(CaseType!$B:$B,MATCH($E22,CaseType!$A:$A,0)) -> case_type4
A23: 0195d18c-1cc0-5142-d6dc-6a0d5b641c6b | B23: 0195d18c-1cc0-9f98-c18d-367b41358c49 | C23: =INDEX(CaseTypeSet!$B:$B,MATCH($B23,CaseTypeSet!$A:$A,0)) -> case_type_set3,5 | E23: 0195d18c-1ca6-0243-1762-326add8a5d71 | F23: =INDEX(CaseType!$B:$B,MATCH($E23,CaseType!$A:$A,0)) -> case_type3
A24: 0195d18c-1cc0-212b-34ce-e734d4976333 | B24: 0195d18c-1cc0-9f98-c18d-367b41358c49 | C24: =INDEX(CaseTypeSet!$B:$B,MATCH($B24,CaseTypeSet!$A:$A,0)) -> case_type_set3,5 | E24: 0195d18c-1ca7-ae33-0f89-bd1fd65da091 | F24: =INDEX(CaseType!$B:$B,MATCH($E24,CaseType!$A:$A,0)) -> case_type5
A25: 0195d18c-1cc0-6108-5b6c-a68da2f4a40c | B25: 0195d18c-1cc0-1fae-3a05-50f42b0128fc | C25: =INDEX(CaseTypeSet!$B:$B,MATCH($B25,CaseTypeSet!$A:$A,0)) -> case_type_set4,5 | E25: 0195d18c-1ca7-ae33-0f89-bd1fd65da091 | F25: =INDEX(CaseType!$B:$B,MATCH($E25,CaseType!$A:$A,0)) -> case_type5
A26: 0195d18c-1cc0-3596-3a3f-e4a37028e9f8 | B26: 0195d18c-1cc0-1fae-3a05-50f42b0128fc | C26: =INDEX(CaseTypeSet!$B:$B,MATCH($B26,CaseTypeSet!$A:$A,0)) -> case_type_set4,5 | E26: 0195d18c-1ca7-7209-a21c-556dc4fd3057 | F26: =INDEX(CaseType!$B:$B,MATCH($E26,CaseType!$A:$A,0)) -> case_type4

Sheet CaseTypeCol
A1: id | B1: case_type_id | C1: case_type_name | D1: col_id | E1: col_description | F1: occurrence | G1: code | H1: rank | I1: label | J1: description | K1: min_value | L1: max_value | M1: min_datetime | N1: max_datetime | O1: min_length | P1: max_length | Q1: pattern | R1: genetic_sequence_case_type_col_id | S1: tree_algorithm_codes | T1: props
A2: 0198ef6d-8543-a221-af7e-774497e4801a | B2: 0195d18c-1ca6-fd99-9d76-fcfa0c0cf400 | C2: =INDEX(CaseType!$B:$B,MATCH($B2,CaseType!$A:$A,0)) -> case_type1 | D2: 0198ef6d-8543-eb2b-e8cd-6ad2e7ad4523 | E2: =INDEX(Col!$O:$O,MATCH($D2,Col!$A:$A,0)) -> nominal1_1 (NOMINAL;Nominal_1) | G2: =$C2&"."&$E2 -> case_type1.nominal1_1 (NOMINAL;Nominal_1) | T2: {}
A3: 0198ef6d-8543-987d-80eb-fb29936d633c | B3: 0195d18c-1ca6-fd99-9d76-fcfa0c0cf400 | C3: =INDEX(CaseType!$B:$B,MATCH($B3,CaseType!$A:$A,0)) -> case_type1 | D3: 0198ef6d-8543-1234-cbf1-9947a51d56ff | E3: =INDEX(Col!$O:$O,MATCH($D3,Col!$A:$A,0)) -> nominal2_1 (NOMINAL;Nominal_2) | G3: =$C3&"."&$E3 -> case_type1.nominal2_1 (NOMINAL;Nominal_2) | T3: {}
A4: 0198ef6d-8543-ce42-568c-c8e8405533a1 | B4: 0195d18c-1ca6-fd99-9d76-fcfa0c0cf400 | C4: =INDEX(CaseType!$B:$B,MATCH($B4,CaseType!$A:$A,0)) -> case_type1 | D4: 0198ef6d-8543-50ea-8c7a-9f5c1a8041c4 | E4: =INDEX(Col!$O:$O,MATCH($D4,Col!$A:$A,0)) -> ordinal1_1 (ORDINAL;Ordinal_1) | G4: =$C4&"."&$E4 -> case_type1.ordinal1_1 (ORDINAL;Ordinal_1) | T4: {}
A5: 0198ef6d-8543-8bc8-93ea-2f4c7e8626f2 | B5: 0195d18c-1ca6-fd99-9d76-fcfa0c0cf400 | C5: =INDEX(CaseType!$B:$B,MATCH($B5,CaseType!$A:$A,0)) -> case_type1 | D5: 0198ef6d-8543-76c4-4fb4-25f7403d7972 | E5: =INDEX(Col!$O:$O,MATCH($D5,Col!$A:$A,0)) -> ordinal2_1 (ORDINAL;Ordinal_2) | G5: =$C5&"."&$E5 -> case_type1.ordinal2_1 (ORDINAL;Ordinal_2) | T5: {}
A6: 0198ef6d-8543-1062-3f54-74f967fd95da | B6: 0195d18c-1ca6-fd99-9d76-fcfa0c0cf400 | C6: =INDEX(CaseType!$B:$B,MATCH($B6,CaseType!$A:$A,0)) -> case_type1 | D6: 0198ef6d-8543-479e-1e7a-3428fa97ebc7 | E6: =INDEX(Col!$O:$O,MATCH($D6,Col!$A:$A,0)) -> regex1_1 (REGULAR_LANGUAGE;Regex_1) | G6: =$C6&"."&$E6 -> case_type1.regex1_1 (REGULAR_LANGUAGE;Regex_1) | T6: {}
A7: 0198ef6d-8543-3bfd-fcb0-c5698a1b2d9a | B7: 0195d18c-1ca6-fd99-9d76-fcfa0c0cf400 | C7: =INDEX(CaseType!$B:$B,MATCH($B7,CaseType!$A:$A,0)) -> case_type1 | D7: 0198ef6d-8543-0924-3aca-6065227cd9ef | E7: =INDEX(Col!$O:$O,MATCH($D7,Col!$A:$A,0)) -> regex2_1 (REGULAR_LANGUAGE;Regex_2) | G7: =$C7&"."&$E7 -> case_type1.regex2_1 (REGULAR_LANGUAGE;Regex_2) | T7: {}
A8: 0198ef6d-8543-f372-ce25-38616e4c214d | B8: 0195d18c-1ca6-fd99-9d76-fcfa0c0cf400 | C8: =INDEX(CaseType!$B:$B,MATCH($B8,CaseType!$A:$A,0)) -> case_type1 | D8: 0198ef6d-8543-78ba-e607-ac65487d273b | E8: =INDEX(Col!$O:$O,MATCH($D8,Col!$A:$A,0)) -> text1_1 (TEXT) | G8: =$C8&"."&$E8 -> case_type1.text1_1 (TEXT) | T8: {}
A9: 0198ef6d-8543-d9b1-6322-01cffb585d60 | B9: 0195d18c-1ca6-fd99-9d76-fcfa0c0cf400 | C9: =INDEX(CaseType!$B:$B,MATCH($B9,CaseType!$A:$A,0)) -> case_type1 | D9: 0198ef6d-8543-2d1c-8ae5-fde6579f02e4 | E9: =INDEX(Col!$O:$O,MATCH($D9,Col!$A:$A,0)) -> text2_1 (TEXT) | G9: =$C9&"."&$E9 -> case_type1.text2_1 (TEXT) | T9: {}
A10: 0198ef6d-8543-b8fc-9de5-72be815082e0 | B10: 0195d18c-1ca6-fd99-9d76-fcfa0c0cf400 | C10: =INDEX(CaseType!$B:$B,MATCH($B10,CaseType!$A:$A,0)) -> case_type1 | D10: 0198ef6d-8543-9c02-f715-88d1935aca9a | E10: =INDEX(Col!$O:$O,MATCH($D10,Col!$A:$A,0)) -> org1_1 (ORGANIZATION) | G10: =$C10&"."&$E10 -> case_type1.org1_1 (ORGANIZATION) | T10: {}
A11: 0198ef6d-8543-f0ab-b028-4f183545ce97 | B11: 0195d18c-1ca6-fd99-9d76-fcfa0c0cf400 | C11: =INDEX(CaseType!$B:$B,MATCH($B11,CaseType!$A:$A,0)) -> case_type1 | D11: 0198ef6d-8543-5be8-beb1-cbc53a476302 | E11: =INDEX(Col!$O:$O,MATCH($D11,Col!$A:$A,0)) -> org2_1 (ORGANIZATION) | G11: =$C11&"."&$E11 -> case_type1.org2_1 (ORGANIZATION) | T11: {}
A12: 0198ef6d-8543-371a-179d-9c036f8c66f2 | B12: 0195d18c-1ca6-fd99-9d76-fcfa0c0cf400 | C12: =INDEX(CaseType!$B:$B,MATCH($B12,CaseType!$A:$A,0)) -> case_type1 | D12: 0198ef6d-8543-13b8-702c-f36c6968d08f | E12: =INDEX(Col!$O:$O,MATCH($D12,Col!$A:$A,0)) -> geo1_1 (GEO_REGION;PC_L4) | G12: =$C12&"."&$E12 -> case_type1.geo1_1 (GEO_REGION;PC_L4) | T12: {}
A13: 0198ef6d-8543-7325-a3c3-0be3c6d6193b | B13: 0195d18c-1ca6-fd99-9d76-fcfa0c0cf400 | C13: =INDEX(CaseType!$B:$B,MATCH($B13,CaseType!$A:$A,0)) -> case_type1 | D13: 0198ef6d-8543-74d1-8cf2-4f5da375834f | E13: =INDEX(Col!$O:$O,MATCH($D13,Col!$A:$A,0)) -> geo1_2 (GEO_REGION;PC_L3) | G13: =$C13&"."&$E13 -> case_type1.geo1_2 (GEO_REGION;PC_L3) | T13: {}
... A61: 0198ef6d-8543-9692-4d73-8baa6656fb8d | B61: 0195d18c-1ca7-ae33-0f89-bd1fd65da091 | C61: =INDEX(CaseType!$B:$B,MATCH($B61,CaseType!$A:$A,0)) -> case_type5 | D61: 0198ef6d-8543-eb2b-e8cd-6ad2e7ad4523 | E61: =INDEX(Col!$O:$O,MATCH($D61,Col!$A:$A,0)) -> nominal1_1 (NOMINAL;Nominal_1) | G61: =$C61&"."&$E61 -> case_type5.nominal1_1 (NOMINAL;Nominal_1) | T61: {}

Sheet ValidateCasesCommand
A1: index | B1: dm.is_active | C1: user.id | D1: user.name | E1: is_allowed | F1: dm.organization_id | G1: dm.user_roles_is_ge_app_admin | H1: dm.organization_access_case_policy_row | I1: dm.organization_access_case_policy_case_type_set_contains_case_type | J1: dm.organization_access_case_policy_add_case | K1: dm.organization_access_case_policy_remove_case | L1: dm.user_access_case_policy_row | M1: dm.user_access_case_policy_case_type_set_contains_case_type | N1: dm.user_access_case_policy_add_case | O1: dm.user_access_case_policy_remove_case | P1: case_type_id | Q1: dm.case_type_name | R1: created_in_data_collection_id | S1: dm.created_in_data_collection_name | T1: is_update | U1: case_id1 | V1: case_case_type_id1 | W1: case_created_in_data_collection_id1 | X1: dm.case_case_type_matches1 | Y1: dm.case_created_in_data_collection_matches1
A2: 1 | B2: TRUE | C2: 019542cc-8225-8f5d-fa30-d9c3f2629703 | D2: =INDEX(User!$D:$D,MATCH($C2,User!$A:$A,0)) -> root1_1 | E2: =OR($G2,AND($I2,$J2,$M2,$N2)) -> TRUE | F2: =INDEX(User!$G:$G,MATCH($C2,User!$A:$A,0)) -> 018d074d-ea0c-e942-07db-a3cc0ba1d653 | G2: =INDEX(User!$M:$M,MATCH($C2,User!$A:$A,0)) -> TRUE | H2: =IF(ISNA(MATCH($F2&"|"&$R2,OrganizationAccessCasePolicy!$V:$V,0)),"",MATCH($F2&"|"&$R2,OrganizationAccessCasePolicy!$V:$V,0)) -> 2 | I2: {=IF($H2="",FALSE,NOT(ISNA(MATCH(INDIRECT("OrganizationAccessCasePolicy!D"&$H2)&"|"&$V2,CaseTypeSetMember!$H:$H,0))))} -> TRUE | J2: {=IF($H2="",FALSE,AND(INDIRECT("OrganizationAccessCasePolicy!H"&$H2),NOT(ISNA(MATCH(INDIRECT("OrganizationAccessCasePolicy!D"&$H2)&"|"&$V2,CaseTypeSetMember!$H:$H,0)))))} -> TRUE | K2: {=IF($H2="",FALSE,AND(INDIRECT("OrganizationAccessCasePolicy!I"&$H2),NOT(ISNA(MATCH(INDIRECT("OrganizationAccessCasePolicy!D"&$H2)&"|"&$V2,CaseTypeSetMember!$H:$H,0)))))} -> TRUE | L2: =IF(ISNA(MATCH($C2&"|"&$R2,UserAccessCasePolicy!$W:$W,0)),"",MATCH($C2&"|"&$R2,UserAccessCasePolicy!$W:$W,0)) | M2: {=IF($L2="",FALSE,NOT(ISNA(MATCH(INDIRECT("UserAccessCasePolicy!D"&$L2)&"|"&$V2,CaseTypeSetMember!$H:$H,0))))} -> FALSE | N2: {=IF($L2="",FALSE,AND(INDIRECT("UserAccessCasePolicy!G"&$L2),NOT(ISNA(MATCH(INDIRECT("UserAccessCasePolicy!D"&$L2)&"|"&$V2,CaseTypeSetMember!$H:$H,0)))))} -> FALSE | O2: {=IF($L2="",FALSE,AND(INDIRECT("UserAccessCasePolicy!H"&$L2),NOT(ISNA(MATCH(INDIRECT("UserAccessCasePolicy!D"&$L2)&"|"&$V2,CaseTypeSetMember!$H:$H,0)))))} -> FALSE | P2: 0195d18c-1ca6-fd99-9d76-fcfa0c0cf400 | Q2: =INDEX(CaseType!$B:$B,MATCH($P2,CaseType!$A:$A,0)) -> case_type1 | R2: 0195d18c-1ca2-a23d-1f64-00271f63199c | S2: =INDEX(DataCollection!$B:$B,MATCH($R2,DataCollection!$A:$A,0)) -> data_collection1 | T2: FALSE | U2: 0198ef6d-8543-d4c1-b8e7-b6f93524b895 | V2: =INDEX(_CaseData!$B:$B,MATCH($U2,_CaseData!$A:$A,0)) -> 0195d18c-1ca6-fd99-9d76-fcfa0c0cf400 | W2: 0195d18c-1ca2-a23d-1f64-00271f63199c | X2: =$V2=$P2 -> TRUE | Y2: =$W2=$R2 -> TRUE
A3: 2 | B3: TRUE | C3: 0195d18c-1c92-110e-81c1-75ba0fec4494 | D3: =INDEX(User!$D:$D,MATCH($C3,User!$A:$A,0)) -> app_admin1_1 | E3: =OR($G3,AND($I3,$J3,$M3,$N3)) -> TRUE | F3: =INDEX(User!$G:$G,MATCH($C3,User!$A:$A,0)) -> 018d074d-ea0c-e942-07db-a3cc0ba1d653 | G3: =INDEX(User!$M:$M,MATCH($C3,User!$A:$A,0)) -> TRUE | H3: =IF(ISNA(MATCH($F3&"|"&$R3,OrganizationAccessCasePolicy!$V:$V,0)),"",MATCH($F3&"|"&$R3,OrganizationAccessCasePolicy!$V:$V,0)) -> 2 | I3: {=IF($H3="",FALSE,NOT(ISNA(MATCH(INDIRECT("OrganizationAccessCasePolicy!D"&$H3)&"|"&$V3,CaseTypeSetMember!$H:$H,0))))} -> TRUE | J3: {=IF($H3="",FALSE,AND(INDIRECT("OrganizationAccessCasePolicy!H"&$H3),NOT(ISNA(MATCH(INDIRECT("OrganizationAccessCasePolicy!D"&$H3)&"|"&$V3,CaseTypeSetMember!$H:$H,0)))))} -> TRUE | K3: {=IF($H3="",FALSE,AND(INDIRECT("OrganizationAccessCasePolicy!I"&$H3),NOT(ISNA(MATCH(INDIRECT("OrganizationAccessCasePolicy!D"&$H3)&"|"&$V3,CaseTypeSetMember!$H:$H,0)))))} -> TRUE | L3: =IF(ISNA(MATCH($C3&"|"&$R3,UserAccessCasePolicy!$W:$W,0)),"",MATCH($C3&"|"&$R3,UserAccessCasePolicy!$W:$W,0)) | M3: {=IF($L3="",FALSE,NOT(ISNA(MATCH(INDIRECT("UserAccessCasePolicy!D"&$L3)&"|"&$V3,CaseTypeSetMember!$H:$H,0))))} -> FALSE | N3: {=IF($L3="",FALSE,AND(INDIRECT("UserAccessCasePolicy!G"&$L3),NOT(ISNA(MATCH(INDIRECT("UserAccessCasePolicy!D"&$L3)&"|"&$V3,CaseTypeSetMember!$H:$H,0)))))} -> FALSE | O3: {=IF($L3="",FALSE,AND(INDIRECT("UserAccessCasePolicy!H"&$L3),NOT(ISNA(MATCH(INDIRECT("UserAccessCasePolicy!D"&$L3)&"|"&$V3,CaseTypeSetMember!$H:$H,0)))))} -> FALSE | P3: 0195d18c-1ca6-fd99-9d76-fcfa0c0cf400 | Q3: =INDEX(CaseType!$B:$B,MATCH($P3,CaseType!$A:$A,0)) -> case_type1 | R3: 0195d18c-1ca2-a23d-1f64-00271f63199c | S3: =INDEX(DataCollection!$B:$B,MATCH($R3,DataCollection!$A:$A,0)) -> data_collection1 | T3: FALSE | U3: 0198ef6d-8543-d4c1-b8e7-b6f93524b895 | V3: =INDEX(_CaseData!$B:$B,MATCH($U3,_CaseData!$A:$A,0)) -> 0195d18c-1ca6-fd99-9d76-fcfa0c0cf400 | W3: 0195d18c-1ca2-a23d-1f64-00271f63199c | X3: =$V3=$P3 -> TRUE | Y3: =$W3=$R3 -> TRUE
A4: 3 | B4: TRUE | C4: 0195d18c-1c93-bcbb-eea8-94332d77b172 | D4: =INDEX(User!$D:$D,MATCH($C4,User!$A:$A,0)) -> refdata_admin1_1 | E4: =OR($G4,AND($I4,$J4,$M4,$N4)) -> FALSE | F4: =INDEX(User!$G:$G,MATCH($C4,User!$A:$A,0)) -> 018d074d-ea0c-e942-07db-a3cc0ba1d653 | G4: =INDEX(User!$M:$M,MATCH($C4,User!$A:$A,0)) -> FALSE | H4: =IF(ISNA(MATCH($F4&"|"&$R4,OrganizationAccessCasePolicy!$V:$V,0)),"",MATCH($F4&"|"&$R4,OrganizationAccessCasePolicy!$V:$V,0)) -> 2 | I4: {=IF($H4="",FALSE,NOT(ISNA(MATCH(INDIRECT("OrganizationAccessCasePolicy!D"&$H4)&"|"&$V4,CaseTypeSetMember!$H:$H,0))))} -> TRUE | J4: {=IF($H4="",FALSE,AND(INDIRECT("OrganizationAccessCasePolicy!H"&$H4),NOT(ISNA(MATCH(INDIRECT("OrganizationAccessCasePolicy!D"&$H4)&"|"&$V4,CaseTypeSetMember!$H:$H,0)))))} -> TRUE | K4: {=IF($H4="",FALSE,AND(INDIRECT("OrganizationAccessCasePolicy!I"&$H4),NOT(ISNA(MATCH(INDIRECT("OrganizationAccessCasePolicy!D"&$H4)&"|"&$V4,CaseTypeSetMember!$H:$H,0)))))} -> TRUE | L4: =IF(ISNA(MATCH($C4&"|"&$R4,UserAccessCasePolicy!$W:$W,0)),"",MATCH($C4&"|"&$R4,UserAccessCasePolicy!$W:$W,0)) | M4: {=IF($L4="",FALSE,NOT(ISNA(MATCH(INDIRECT("UserAccessCasePolicy!D"&$L4)&"|"&$V4,CaseTypeSetMember!$H:$H,0))))} -> FALSE | N4: {=IF($L4="",FALSE,AND(INDIRECT("UserAccessCasePolicy!G"&$L4),NOT(ISNA(MATCH(INDIRECT("UserAccessCasePolicy!D"&$L4)&"|"&$V4,CaseTypeSetMember!$H:$H,0)))))} -> FALSE | O4: {=IF($L4="",FALSE,AND(INDIRECT("UserAccessCasePolicy!H"&$L4),NOT(ISNA(MATCH(INDIRECT("UserAccessCasePolicy!D"&$L4)&"|"&$V4,CaseTypeSetMember!$H:$H,0)))))} -> FALSE | P4: 0195d18c-1ca6-fd99-9d76-fcfa0c0cf400 | Q4: =INDEX(CaseType!$B:$B,MATCH($P4,CaseType!$A:$A,0)) -> case_type1 | R4: 0195d18c-1ca2-a23d-1f64-00271f63199c | S4: =INDEX(DataCollection!$B:$B,MATCH($R4,DataCollection!$A:$A,0)) -> data_collection1 | T4: FALSE | U4: 0198ef6d-8543-d4c1-b8e7-b6f93524b895 | V4: =INDEX(_CaseData!$B:$B,MATCH($U4,_CaseData!$A:$A,0)) -> 0195d18c-1ca6-fd99-9d76-fcfa0c0cf400 | W4: 0195d18c-1ca2-a23d-1f64-00271f63199c | X4: =$V4=$P4 -> TRUE | Y4: =$W4=$R4 -> TRUE
A5: 4 | B5: TRUE | C5: 0195d18c-1c93-1f4b-8c40-19223d6c7a8c | D5: =INDEX(User!$D:$D,MATCH($C5,User!$A:$A,0)) -> org_admin1_1 | E5: =OR($G5,AND($I5,$J5,$M5,$N5)) -> FALSE | F5: =INDEX(User!$G:$G,MATCH($C5,User!$A:$A,0)) -> 018d074d-ea0c-e942-07db-a3cc0ba1d653 | G5: =INDEX(User!$M:$M,MATCH($C5,User!$A:$A,0)) -> FALSE | H5: =IF(ISNA(MATCH($F5&"|"&$R5,OrganizationAccessCasePolicy!$V:$V,0)),"",MATCH($F5&"|"&$R5,OrganizationAccessCasePolicy!$V:$V,0)) -> 2 | I5: {=IF($H5="",FALSE,NOT(ISNA(MATCH(INDIRECT("OrganizationAccessCasePolicy!D"&$H5)&"|"&$V5,CaseTypeSetMember!$H:$H,0))))} -> TRUE | J5: {=IF($H5="",FALSE,AND(INDIRECT("OrganizationAccessCasePolicy!H"&$H5),NOT(ISNA(MATCH(INDIRECT("OrganizationAccessCasePolicy!D"&$H5)&"|"&$V5,CaseTypeSetMember!$H:$H,0)))))} -> TRUE | K5: {=IF($H5="",FALSE,AND(INDIRECT("OrganizationAccessCasePolicy!I"&$H5),NOT(ISNA(MATCH(INDIRECT("OrganizationAccessCasePolicy!D"&$H5)&"|"&$V5,CaseTypeSetMember!$H:$H,0)))))} -> TRUE | L5: =IF(ISNA(MATCH($C5&"|"&$R5,UserAccessCasePolicy!$W:$W,0)),"",MATCH($C5&"|"&$R5,UserAccessCasePolicy!$W:$W,0)) | M5: {=IF($L5="",FALSE,NOT(ISNA(MATCH(INDIRECT("UserAccessCasePolicy!D"&$L5)&"|"&$V5,CaseTypeSetMember!$H:$H,0))))} -> FALSE | N5: {=IF($L5="",FALSE,AND(INDIRECT("UserAccessCasePolicy!G"&$L5),NOT(ISNA(MATCH(INDIRECT("UserAccessCasePolicy!D"&$L5)&"|"&$V5,CaseTypeSetMember!$H:$H,0)))))} -> FALSE | O5: {=IF($L5="",FALSE,AND(INDIRECT("UserAccessCasePolicy!H"&$L5),NOT(ISNA(MATCH(INDIRECT("UserAccessCasePolicy!D"&$L5)&"|"&$V5,CaseTypeSetMember!$H:$H,0)))))} -> FALSE | P5: 0195d18c-1ca6-fd99-9d76-fcfa0c0cf400 | Q5: =INDEX(CaseType!$B:$B,MATCH($P5,CaseType!$A:$A,0)) -> case_type1 | R5: 0195d18c-1ca2-a23d-1f64-00271f63199c | S5: =INDEX(DataCollection!$B:$B,MATCH($R5,DataCollection!$A:$A,0)) -> data_collection1 | T5: FALSE | U5: 0198ef6d-8543-d4c1-b8e7-b6f93524b895 | V5: =INDEX(_CaseData!$B:$B,MATCH($U5,_CaseData!$A:$A,0)) -> 0195d18c-1ca6-fd99-9d76-fcfa0c0cf400 | W5: 0195d18c-1ca2-a23d-1f64-00271f63199c | X5: =$V5=$P5 -> TRUE | Y5: =$W5=$R5 -> TRUE
A6: 5 | B6: TRUE | C6: 0195d18c-1c98-7e0b-0c91-8cafbdb2c852 | D6: =INDEX(User!$D:$D,MATCH($C6,User!$A:$A,0)) -> org_user1_1 | E6: =OR($G6,AND($I6,$J6,$M6,$N6)) -> TRUE | F6: =INDEX(User!$G:$G,MATCH($C6,User!$A:$A,0)) -> 018d074d-ea0c-e942-07db-a3cc0ba1d653 | G6: =INDEX(User!$M:$M,MATCH($C6,User!$A:$A,0)) -> FALSE | H6: =IF(ISNA(MATCH($F6&"|"&$R6,OrganizationAccessCasePolicy!$V:$V,0)),"",MATCH($F6&"|"&$R6,OrganizationAccessCasePolicy!$V:$V,0)) -> 2 | I6: {=IF($H6="",FALSE,NOT(ISNA(MATCH(INDIRECT("OrganizationAccessCasePolicy!D"&$H6)&"|"&$V6,CaseTypeSetMember!$H:$H,0))))} -> TRUE | J6: {=IF($H6="",FALSE,AND(INDIRECT("OrganizationAccessCasePolicy!H"&$H6),NOT(ISNA(MATCH(INDIRECT("OrganizationAccessCasePolicy!D"&$H6)&"|"&$V6,CaseTypeSetMember!$H:$H,0)))))} -> TRUE | K6: {=IF($H6="",FALSE,AND(INDIRECT("OrganizationAccessCasePolicy!I"&$H6),NOT(ISNA(MATCH(INDIRECT("OrganizationAccessCasePolicy!D"&$H6)&"|"&$V6,CaseTypeSetMember!$H:$H,0)))))} -> TRUE | L6: =IF(ISNA(MATCH($C6&"|"&$R6,UserAccessCasePolicy!$W:$W,0)),"",MATCH($C6&"|"&$R6,UserAccessCasePolicy!$W:$W,0)) -> 2 | M6: {=IF($L6="",FALSE,NOT(ISNA(MATCH(INDIRECT("UserAccessCasePolicy!D"&$L6)&"|"&$V6,CaseTypeSetMember!$H:$H,0))))} -> TRUE | N6: {=IF($L6="",FALSE,AND(INDIRECT("UserAccessCasePolicy!G"&$L6),NOT(ISNA(MATCH(INDIRECT("UserAccessCasePolicy!D"&$L6)&"|"&$V6,CaseTypeSetMember!$H:$H,0)))))} -> TRUE | O6: {=IF($L6="",FALSE,AND(INDIRECT("UserAccessCasePolicy!H"&$L6),NOT(ISNA(MATCH(INDIRECT("UserAccessCasePolicy!D"&$L6)&"|"&$V6,CaseTypeSetMember!$H:$H,0)))))} -> TRUE | P6: 0195d18c-1ca6-fd99-9d76-fcfa0c0cf400 | Q6: =INDEX(CaseType!$B:$B,MATCH($P6,CaseType!$A:$A,0)) -> case_type1 | R6: 0195d18c-1ca2-a23d-1f64-00271f63199c | S6: =INDEX(DataCollection!$B:$B,MATCH($R6,DataCollection!$A:$A,0)) -> data_collection1 | T6: FALSE | U6: 0198ef6d-8543-d4c1-b8e7-b6f93524b895 | V6: =INDEX(_CaseData!$B:$B,MATCH($U6,_CaseData!$A:$A,0)) -> 0195d18c-1ca6-fd99-9d76-fcfa0c0cf400 | W6: 0195d18c-1ca2-a23d-1f64-00271f63199c | X6: =$V6=$P6 -> TRUE | Y6: =$W6=$R6 -> TRUE
A7: 6 | B7: TRUE | C7: 019542cc-8225-8f5d-fa30-d9c3f2629703 | D7: =INDEX(User!$D:$D,MATCH($C7,User!$A:$A,0)) -> root1_1 | E7: =OR($G7,AND($I7,$J7,$M7,$N7)) -> TRUE | F7: =INDEX(User!$G:$G,MATCH($C7,User!$A:$A,0)) -> 018d074d-ea0c-e942-07db-a3cc0ba1d653 | G7: =INDEX(User!$M:$M,MATCH($C7,User!$A:$A,0)) -> TRUE | H7: =IF(ISNA(MATCH($F7&"|"&$R7,OrganizationAccessCasePolicy!$V:$V,0)),"",MATCH($F7&"|"&$R7,OrganizationAccessCasePolicy!$V:$V,0)) -> 2 | I7: {=IF($H7="",FALSE,NOT(ISNA(MATCH(INDIRECT("OrganizationAccessCasePolicy!D"&$H7)&"|"&$V7,CaseTypeSetMember!$H:$H,0))))} -> TRUE | J7: {=IF($H7="",FALSE,AND(INDIRECT("OrganizationAccessCasePolicy!H"&$H7),NOT(ISNA(MATCH(INDIRECT("OrganizationAccessCasePolicy!D"&$H7)&"|"&$V7,CaseTypeSetMember!$H:$H,0)))))} -> TRUE | K7: {=IF($H7="",FALSE,AND(INDIRECT("OrganizationAccessCasePolicy!I"&$H7),NOT(ISNA(MATCH(INDIRECT("OrganizationAccessCasePolicy!D"&$H7)&"|"&$V7,CaseTypeSetMember!$H:$H,0)))))} -> TRUE | L7: =IF(ISNA(MATCH($C7&"|"&$R7,UserAccessCasePolicy!$W:$W,0)),"",MATCH($C7&"|"&$R7,UserAccessCasePolicy!$W:$W,0)) | M7: {=IF($L7="",FALSE,NOT(ISNA(MATCH(INDIRECT("UserAccessCasePolicy!D"&$L7)&"|"&$V7,CaseTypeSetMember!$H:$H,0))))} -> FALSE | N7: {=IF($L7="",FALSE,AND(INDIRECT("UserAccessCasePolicy!G"&$L7),NOT(ISNA(MATCH(INDIRECT("UserAccessCasePolicy!D"&$L7)&"|"&$V7,CaseTypeSetMember!$H:$H,0)))))} -> FALSE | O7: {=IF($L7="",FALSE,AND(INDIRECT("UserAccessCasePolicy!H"&$L7),NOT(ISNA(MATCH(INDIRECT("UserAccessCasePolicy!D"&$L7)&"|"&$V7,CaseTypeSetMember!$H:$H,0)))))} -> FALSE | P7: 0195d18c-1ca6-fd99-9d76-fcfa0c0cf400 | Q7: =INDEX(CaseType!$B:$B,MATCH($P7,CaseType!$A:$A,0)) -> case_type1 | R7: 0195d18c-1ca2-a23d-1f64-00271f63199c | S7: =INDEX(DataCollection!$B:$B,MATCH($R7,DataCollection!$A:$A,0)) -> data_collection1 | T7: FALSE | U7: 0198ef6d-8543-d4c1-b8e7-b6f93524b895 | V7: =INDEX(_CaseData!$B:$B,MATCH($U7,_CaseData!$A:$A,0)) -> 0195d18c-1ca6-fd99-9d76-fcfa0c0cf400 | W7: 0195d18c-1ca2-a23d-1f64-00271f63199c | X7: =$V7=$P7 -> TRUE | Y7: =$W7=$R7 -> TRUE
A8: 7 | B8: TRUE | C8: 0195d18c-1c92-110e-81c1-75ba0fec4494 | D8: =INDEX(User!$D:$D,MATCH($C8,User!$A:$A,0)) -> app_admin1_1 | E8: =OR($G8,AND($I8,$J8,$M8,$N8)) -> TRUE | F8: =INDEX(User!$G:$G,MATCH($C8,User!$A:$A,0)) -> 018d074d-ea0c-e942-07db-a3cc0ba1d653 | G8: =INDEX(User!$M:$M,MATCH($C8,User!$A:$A,0)) -> TRUE | H8: =IF(ISNA(MATCH($F8&"|"&$R8,OrganizationAccessCasePolicy!$V:$V,0)),"",MATCH($F8&"|"&$R8,OrganizationAccessCasePolicy!$V:$V,0)) -> 2 | I8: {=IF($H8="",FALSE,NOT(ISNA(MATCH(INDIRECT("OrganizationAccessCasePolicy!D"&$H8)&"|"&$V8,CaseTypeSetMember!$H:$H,0))))} -> TRUE | J8: {=IF($H8="",FALSE,AND(INDIRECT("OrganizationAccessCasePolicy!H"&$H8),NOT(ISNA(MATCH(INDIRECT("OrganizationAccessCasePolicy!D"&$H8)&"|"&$V8,CaseTypeSetMember!$H:$H,0)))))} -> TRUE | K8: {=IF($H8="",FALSE,AND(INDIRECT("OrganizationAccessCasePolicy!I"&$H8),NOT(ISNA(MATCH(INDIRECT("OrganizationAccessCasePolicy!D"&$H8)&"|"&$V8,CaseTypeSetMember!$H:$H,0)))))} -> TRUE | L8: =IF(ISNA(MATCH($C8&"|"&$R8,UserAccessCasePolicy!$W:$W,0)),"",MATCH($C8&"|"&$R8,UserAccessCasePolicy!$W:$W,0)) | M8: {=IF($L8="",FALSE,NOT(ISNA(MATCH(INDIRECT("UserAccessCasePolicy!D"&$L8)&"|"&$V8,CaseTypeSetMember!$H:$H,0))))} -> FALSE | N8: {=IF($L8="",FALSE,AND(INDIRECT("UserAccessCasePolicy!G"&$L8),NOT(ISNA(MATCH(INDIRECT("UserAccessCasePolicy!D"&$L8)&"|"&$V8,CaseTypeSetMember!$H:$H,0)))))} -> FALSE | O8: {=IF($L8="",FALSE,AND(INDIRECT("UserAccessCasePolicy!H"&$L8),NOT(ISNA(MATCH(INDIRECT("UserAccessCasePolicy!D"&$L8)&"|"&$V8,CaseTypeSetMember!$H:$H,0)))))} -> FALSE | P8: 0195d18c-1ca6-fd99-9d76-fcfa0c0cf400 | Q8: =INDEX(CaseType!$B:$B,MATCH($P8,CaseType!$A:$A,0)) -> case_type1 | R8: 0195d18c-1ca2-a23d-1f64-00271f63199c | S8: =INDEX(DataCollection!$B:$B,MATCH($R8,DataCollection!$A:$A,0)) -> data_collection1 | T8: FALSE | U8: 0198ef6d-8543-d4c1-b8e7-b6f93524b895 | V8: =INDEX(_CaseData!$B:$B,MATCH($U8,_CaseData!$A:$A,0)) -> 0195d18c-1ca6-fd99-9d76-fcfa0c0cf400 | W8: 0195d18c-1ca2-a23d-1f64-00271f63199c | X8: =$V8=$P8 -> TRUE | Y8: =$W8=$R8 -> TRUE
A9: 8 | B9: TRUE | C9: 0195d18c-1c93-1f4b-8c40-19223d6c7a8c | D9: =INDEX(User!$D:$D,MATCH($C9,User!$A:$A,0)) -> org_admin1_1 | E9: =OR($G9,AND($I9,$J9,$M9,$N9)) -> FALSE | F9: =INDEX(User!$G:$G,MATCH($C9,User!$A:$A,0)) -> 018d074d-ea0c-e942-07db-a3cc0ba1d653 | G9: =INDEX(User!$M:$M,MATCH($C9,User!$A:$A,0)) -> FALSE | H9: =IF(ISNA(MATCH($F9&"|"&$R9,OrganizationAccessCasePolicy!$V:$V,0)),"",MATCH($F9&"|"&$R9,OrganizationAccessCasePolicy!$V:$V,0)) -> 2 | I9: {=IF($H9="",FALSE,NOT(ISNA(MATCH(INDIRECT("OrganizationAccessCasePolicy!D"&$H9)&"|"&$V9,CaseTypeSetMember!$H:$H,0))))} -> TRUE | J9: {=IF($H9="",FALSE,AND(INDIRECT("OrganizationAccessCasePolicy!H"&$H9),NOT(ISNA(MATCH(INDIRECT("OrganizationAccessCasePolicy!D"&$H9)&"|"&$V9,CaseTypeSetMember!$H:$H,0)))))} -> TRUE | K9: {=IF($H9="",FALSE,AND(INDIRECT("OrganizationAccessCasePolicy!I"&$H9),NOT(ISNA(MATCH(INDIRECT("OrganizationAccessCasePolicy!D"&$H9)&"|"&$V9,CaseTypeSetMember!$H:$H,0)))))} -> TRUE | L9: =IF(ISNA(MATCH($C9&"|"&$R9,UserAccessCasePolicy!$W:$W,0)),"",MATCH($C9&"|"&$R9,UserAccessCasePolicy!$W:$W,0)) | M9: {=IF($L9="",FALSE,NOT(ISNA(MATCH(INDIRECT("UserAccessCasePolicy!D"&$L9)&"|"&$V9,CaseTypeSetMember!$H:$H,0))))} -> FALSE | N9: {=IF($L9="",FALSE,AND(INDIRECT("UserAccessCasePolicy!G"&$L9),NOT(ISNA(MATCH(INDIRECT("UserAccessCasePolicy!D"&$L9)&"|"&$V9,CaseTypeSetMember!$H:$H,0)))))} -> FALSE | O9: {=IF($L9="",FALSE,AND(INDIRECT("UserAccessCasePolicy!H"&$L9),NOT(ISNA(MATCH(INDIRECT("UserAccessCasePolicy!D"&$L9)&"|"&$V9,CaseTypeSetMember!$H:$H,0)))))} -> FALSE | P9: 0195d18c-1ca6-fd99-9d76-fcfa0c0cf400 | Q9: =INDEX(CaseType!$B:$B,MATCH($P9,CaseType!$A:$A,0)) -> case_type1 | R9: 0195d18c-1ca2-a23d-1f64-00271f63199c | S9: =INDEX(DataCollection!$B:$B,MATCH($R9,DataCollection!$A:$A,0)) -> data_collection1 | T9: FALSE | U9: 0198ef6d-8543-d4c1-b8e7-b6f93524b895 | V9: =INDEX(_CaseData!$B:$B,MATCH($U9,_CaseData!$A:$A,0)) -> 0195d18c-1ca6-fd99-9d76-fcfa0c0cf400 | W9: 0195d18c-1ca2-a23d-1f64-00271f63199c | X9: =$V9=$P9 -> TRUE | Y9: =$W9=$R9 -> TRUE
A10: 9 | B10: TRUE | C10: 0195d18c-1c95-2343-576e-0c14e0a4505d | D10: =INDEX(User!$D:$D,MATCH($C10,User!$A:$A,0)) -> org_admin2_1 | E10: =OR($G10,AND($I10,$J10,$M10,$N10)) -> FALSE | F10: =INDEX(User!$G:$G,MATCH($C10,User!$A:$A,0)) -> 0195d18c-1c92-0ed4-2e94-b4f66d82baf3 | G10: =INDEX(User!$M:$M,MATCH($C10,User!$A:$A,0)) -> FALSE | H10: =IF(ISNA(MATCH($F10&"|"&$R10,OrganizationAccessCasePolicy!$V:$V,0)),"",MATCH($F10&"|"&$R10,OrganizationAccessCasePolicy!$V:$V,0)) | I10: {=IF($H10="",FALSE,NOT(ISNA(MATCH(INDIRECT("OrganizationAccessCasePolicy!D"&$H10)&"|"&$V10,CaseTypeSetMember!$H:$H,0))))} -> FALSE | J10: {=IF($H10="",FALSE,AND(INDIRECT("OrganizationAccessCasePolicy!H"&$H10),NOT(ISNA(MATCH(INDIRECT("OrganizationAccessCasePolicy!D"&$H10)&"|"&$V10,CaseTypeSetMember!$H:$H,0)))))} -> FALSE | K10: {=IF($H10="",FALSE,AND(INDIRECT("OrganizationAccessCasePolicy!I"&$H10),NOT(ISNA(MATCH(INDIRECT("OrganizationAccessCasePolicy!D"&$H10)&"|"&$V10,CaseTypeSetMember!$H:$H,0)))))} -> FALSE | L10: =IF(ISNA(MATCH($C10&"|"&$R10,UserAccessCasePolicy!$W:$W,0)),"",MATCH($C10&"|"&$R10,UserAccessCasePolicy!$W:$W,0)) | M10: {=IF($L10="",FALSE,NOT(ISNA(MATCH(INDIRECT("UserAccessCasePolicy!D"&$L10)&"|"&$V10,CaseTypeSetMember!$H:$H,0))))} -> FALSE | N10: {=IF($L10="",FALSE,AND(INDIRECT("UserAccessCasePolicy!G"&$L10),NOT(ISNA(MATCH(INDIRECT("UserAccessCasePolicy!D"&$L10)&"|"&$V10,CaseTypeSetMember!$H:$H,0)))))} -> FALSE | O10: {=IF($L10="",FALSE,AND(INDIRECT("UserAccessCasePolicy!H"&$L10),NOT(ISNA(MATCH(INDIRECT("UserAccessCasePolicy!D"&$L10)&"|"&$V10,CaseTypeSetMember!$H:$H,0)))))} -> FALSE | P10: 0195d18c-1ca6-fd99-9d76-fcfa0c0cf400 | Q10: =INDEX(CaseType!$B:$B,MATCH($P10,CaseType!$A:$A,0)) -> case_type1 | R10: 0195d18c-1ca2-a23d-1f64-00271f63199c | S10: =INDEX(DataCollection!$B:$B,MATCH($R10,DataCollection!$A:$A,0)) -> data_collection1 | T10: FALSE | U10: 0198ef6d-8543-d4c1-b8e7-b6f93524b895 | V10: =INDEX(_CaseData!$B:$B,MATCH($U10,_CaseData!$A:$A,0)) -> 0195d18c-1ca6-fd99-9d76-fcfa0c0cf400 | W10: 0195d18c-1ca2-a23d-1f64-00271f63199c | X10: =$V10=$P10 -> TRUE | Y10: =$W10=$R10 -> TRUE
A11: 10 | B11: TRUE | C11: 0195d18c-1c96-59a8-d2a6-70a3b13175a1 | D11: =INDEX(User!$D:$D,MATCH($C11,User!$A:$A,0)) -> org_admin3_1 | E11: =OR($G11,AND($I11,$J11,$M11,$N11)) -> FALSE | F11: =INDEX(User!$G:$G,MATCH($C11,User!$A:$A,0)) -> 0195d18c-1c92-52b3-93e0-43dc1f2aa037 | G11: =INDEX(User!$M:$M,MATCH($C11,User!$A:$A,0)) -> FALSE | H11: =IF(ISNA(MATCH($F11&"|"&$R11,OrganizationAccessCasePolicy!$V:$V,0)),"",MATCH($F11&"|"&$R11,OrganizationAccessCasePolicy!$V:$V,0)) | I11: {=IF($H11="",FALSE,NOT(ISNA(MATCH(INDIRECT("OrganizationAccessCasePolicy!D"&$H11)&"|"&$V11,CaseTypeSetMember!$H:$H,0))))} -> FALSE | J11: {=IF($H11="",FALSE,AND(INDIRECT("OrganizationAccessCasePolicy!H"&$H11),NOT(ISNA(MATCH(INDIRECT("OrganizationAccessCasePolicy!D"&$H11)&"|"&$V11,CaseTypeSetMember!$H:$H,0)))))} -> FALSE | K11: {=IF($H11="",FALSE,AND(INDIRECT("OrganizationAccessCasePolicy!I"&$H11),NOT(ISNA(MATCH(INDIRECT("OrganizationAccessCasePolicy!D"&$H11)&"|"&$V11,CaseTypeSetMember!$H:$H,0)))))} -> FALSE | L11: =IF(ISNA(MATCH($C11&"|"&$R11,UserAccessCasePolicy!$W:$W,0)),"",MATCH($C11&"|"&$R11,UserAccessCasePolicy!$W:$W,0)) | M11: {=IF($L11="",FALSE,NOT(ISNA(MATCH(INDIRECT("UserAccessCasePolicy!D"&$L11)&"|"&$V11,CaseTypeSetMember!$H:$H,0))))} -> FALSE | N11: {=IF($L11="",FALSE,AND(INDIRECT("UserAccessCasePolicy!G"&$L11),NOT(ISNA(MATCH(INDIRECT("UserAccessCasePolicy!D"&$L11)&"|"&$V11,CaseTypeSetMember!$H:$H,0)))))} -> FALSE | O11: {=IF($L11="",FALSE,AND(INDIRECT("UserAccessCasePolicy!H"&$L11),NOT(ISNA(MATCH(INDIRECT("UserAccessCasePolicy!D"&$L11)&"|"&$V11,CaseTypeSetMember!$H:$H,0)))))} -> FALSE | P11: 0195d18c-1ca6-fd99-9d76-fcfa0c0cf400 | Q11: =INDEX(CaseType!$B:$B,MATCH($P11,CaseType!$A:$A,0)) -> case_type1 | R11: 0195d18c-1ca2-a23d-1f64-00271f63199c | S11: =INDEX(DataCollection!$B:$B,MATCH($R11,DataCollection!$A:$A,0)) -> data_collection1 | T11: FALSE | U11: 0198ef6d-8543-d4c1-b8e7-b6f93524b895 | V11: =INDEX(_CaseData!$B:$B,MATCH($U11,_CaseData!$A:$A,0)) -> 0195d18c-1ca6-fd99-9d76-fcfa0c0cf400 | W11: 0195d18c-1ca2-a23d-1f64-00271f63199c | X11: =$V11=$P11 -> TRUE | Y11: =$W11=$R11 -> TRUE
A12: 11 | B12: TRUE | C12: 0195d18c-1c96-08ed-1241-eaf327bd1ffc | D12: =INDEX(User!$D:$D,MATCH($C12,User!$A:$A,0)) -> org_admin4_1 | E12: =OR($G12,AND($I12,$J12,$M12,$N12)) -> FALSE | F12: =INDEX(User!$G:$G,MATCH($C12,User!$A:$A,0)) -> 0195d18c-1c92-d419-4c71-a570f428499b | G12: =INDEX(User!$M:$M,MATCH($C12,User!$A:$A,0)) -> FALSE | H12: =IF(ISNA(MATCH($F12&"|"&$R12,OrganizationAccessCasePolicy!$V:$V,0)),"",MATCH($F12&"|"&$R12,OrganizationAccessCasePolicy!$V:$V,0)) | I12: {=IF($H12="",FALSE,NOT(ISNA(MATCH(INDIRECT("OrganizationAccessCasePolicy!D"&$H12)&"|"&$V12,CaseTypeSetMember!$H:$H,0))))} -> FALSE | J12: {=IF($H12="",FALSE,AND(INDIRECT("OrganizationAccessCasePolicy!H"&$H12),NOT(ISNA(MATCH(INDIRECT("OrganizationAccessCasePolicy!D"&$H12)&"|"&$V12,CaseTypeSetMember!$H:$H,0)))))} -> FALSE | K12: {=IF($H12="",FALSE,AND(INDIRECT("OrganizationAccessCasePolicy!I"&$H12),NOT(ISNA(MATCH(INDIRECT("OrganizationAccessCasePolicy!D"&$H12)&"|"&$V12,CaseTypeSetMember!$H:$H,0)))))} -> FALSE | L12: =IF(ISNA(MATCH($C12&"|"&$R12,UserAccessCasePolicy!$W:$W,0)),"",MATCH($C12&"|"&$R12,UserAccessCasePolicy!$W:$W,0)) | M12: {=IF($L12="",FALSE,NOT(ISNA(MATCH(INDIRECT("UserAccessCasePolicy!D"&$L12)&"|"&$V12,CaseTypeSetMember!$H:$H,0))))} -> FALSE | N12: {=IF($L12="",FALSE,AND(INDIRECT("UserAccessCasePolicy!G"&$L12),NOT(ISNA(MATCH(INDIRECT("UserAccessCasePolicy!D"&$L12)&"|"&$V12,CaseTypeSetMember!$H:$H,0)))))} -> FALSE | O12: {=IF($L12="",FALSE,AND(INDIRECT("UserAccessCasePolicy!H"&$L12),NOT(ISNA(MATCH(INDIRECT("UserAccessCasePolicy!D"&$L12)&"|"&$V12,CaseTypeSetMember!$H:$H,0)))))} -> FALSE | P12: 0195d18c-1ca6-fd99-9d76-fcfa0c0cf400 | Q12: =INDEX(CaseType!$B:$B,MATCH($P12,CaseType!$A:$A,0)) -> case_type1 | R12: 0195d18c-1ca2-a23d-1f64-00271f63199c | S12: =INDEX(DataCollection!$B:$B,MATCH($R12,DataCollection!$A:$A,0)) -> data_collection1 | T12: FALSE | U12: 0198ef6d-8543-d4c1-b8e7-b6f93524b895 | V12: =INDEX(_CaseData!$B:$B,MATCH($U12,_CaseData!$A:$A,0)) -> 0195d18c-1ca6-fd99-9d76-fcfa0c0cf400 | W12: 0195d18c-1ca2-a23d-1f64-00271f63199c | X12: =$V12=$P12 -> TRUE | Y12: =$W12=$R12 -> TRUE
A13: 12 | B13: TRUE | C13: 0195d18c-1c97-faac-82eb-3e357979b402 | D13: =INDEX(User!$D:$D,MATCH($C13,User!$A:$A,0)) -> org_admin5_1 | E13: =OR($G13,AND($I13,$J13,$M13,$N13)) -> FALSE | F13: =INDEX(User!$G:$G,MATCH($C13,User!$A:$A,0)) -> 0195d18c-1c93-02a2-6920-7e4dbfb73ce0 | G13: =INDEX(User!$M:$M,MATCH($C13,User!$A:$A,0)) -> FALSE | H13: =IF(ISNA(MATCH($F13&"|"&$R13,OrganizationAccessCasePolicy!$V:$V,0)),"",MATCH($F13&"|"&$R13,OrganizationAccessCasePolicy!$V:$V,0)) | I13: {=IF($H13="",FALSE,NOT(ISNA(MATCH(INDIRECT("OrganizationAccessCasePolicy!D"&$H13)&"|"&$V13,CaseTypeSetMember!$H:$H,0))))} -> FALSE | J13: {=IF($H13="",FALSE,AND(INDIRECT("OrganizationAccessCasePolicy!H"&$H13),NOT(ISNA(MATCH(INDIRECT("OrganizationAccessCasePolicy!D"&$H13)&"|"&$V13,CaseTypeSetMember!$H:$H,0)))))} -> FALSE | K13: {=IF($H13="",FALSE,AND(INDIRECT("OrganizationAccessCasePolicy!I"&$H13),NOT(ISNA(MATCH(INDIRECT("OrganizationAccessCasePolicy!D"&$H13)&"|"&$V13,CaseTypeSetMember!$H:$H,0)))))} -> FALSE | L13: =IF(ISNA(MATCH($C13&"|"&$R13,UserAccessCasePolicy!$W:$W,0)),"",MATCH($C13&"|"&$R13,UserAccessCasePolicy!$W:$W,0)) | M13: {=IF($L13="",FALSE,NOT(ISNA(MATCH(INDIRECT("UserAccessCasePolicy!D"&$L13)&"|"&$V13,CaseTypeSetMember!$H:$H,0))))} -> FALSE | N13: {=IF($L13="",FALSE,AND(INDIRECT("UserAccessCasePolicy!G"&$L13),NOT(ISNA(MATCH(INDIRECT("UserAccessCasePolicy!D"&$L13)&"|"&$V13,CaseTypeSetMember!$H:$H,0)))))} -> FALSE | O13: {=IF($L13="",FALSE,AND(INDIRECT("UserAccessCasePolicy!H"&$L13),NOT(ISNA(MATCH(INDIRECT("UserAccessCasePolicy!D"&$L13)&"|"&$V13,CaseTypeSetMember!$H:$H,0)))))} -> FALSE | P13: 0195d18c-1ca6-fd99-9d76-fcfa0c0cf400 | Q13: =INDEX(CaseType!$B:$B,MATCH($P13,CaseType!$A:$A,0)) -> case_type1 | R13: 0195d18c-1ca2-a23d-1f64-00271f63199c | S13: =INDEX(DataCollection!$B:$B,MATCH($R13,DataCollection!$A:$A,0)) -> data_collection1 | T13: FALSE | U13: 0198ef6d-8543-d4c1-b8e7-b6f93524b895 | V13: =INDEX(_CaseData!$B:$B,MATCH($U13,_CaseData!$A:$A,0)) -> 0195d18c-1ca6-fd99-9d76-fcfa0c0cf400 | W13: 0195d18c-1ca2-a23d-1f64-00271f63199c | X13: =$V13=$P13 -> TRUE | Y13: =$W13=$R13 -> TRUE
... A33: 32 | B33: TRUE | C33: 0195d18c-1ca1-d3df-24f3-7aac91cc3f3a | D33: =INDEX(User!$D:$D,MATCH($C33,User!$A:$A,0)) -> org_user5_4 | E33: =OR($G33,AND($I33,$J33,$M33,$N33)) -> FALSE | F33: =INDEX(User!$G:$G,MATCH($C33,User!$A:$A,0)) -> 0195d18c-1c93-02a2-6920-7e4dbfb73ce0 | G33: =INDEX(User!$M:$M,MATCH($C33,User!$A:$A,0)) -> FALSE | H33: =IF(ISNA(MATCH($F33&"|"&$R33,OrganizationAccessCasePolicy!$V:$V,0)),"",MATCH($F33&"|"&$R33,OrganizationAccessCasePolicy!$V:$V,0)) | I33: {=IF($H33="",FALSE,NOT(ISNA(MATCH(INDIRECT("OrganizationAccessCasePolicy!D"&$H33)&"|"&$V33,CaseTypeSetMember!$H:$H,0))))} -> FALSE | J33: {=IF($H33="",FALSE,AND(INDIRECT("OrganizationAccessCasePolicy!H"&$H33),NOT(ISNA(MATCH(INDIRECT("OrganizationAccessCasePolicy!D"&$H33)&"|"&$V33,CaseTypeSetMember!$H:$H,0)))))} -> FALSE | K33: {=IF($H33="",FALSE,AND(INDIRECT("OrganizationAccessCasePolicy!I"&$H33),NOT(ISNA(MATCH(INDIRECT("OrganizationAccessCasePolicy!D"&$H33)&"|"&$V33,CaseTypeSetMember!$H:$H,0)))))} -> FALSE | L33: =IF(ISNA(MATCH($C33&"|"&$R33,UserAccessCasePolicy!$W:$W,0)),"",MATCH($C33&"|"&$R33,UserAccessCasePolicy!$W:$W,0)) | M33: {=IF($L33="",FALSE,NOT(ISNA(MATCH(INDIRECT("UserAccessCasePolicy!D"&$L33)&"|"&$V33,CaseTypeSetMember!$H:$H,0))))} -> FALSE | N33: {=IF($L33="",FALSE,AND(INDIRECT("UserAccessCasePolicy!G"&$L33),NOT(ISNA(MATCH(INDIRECT("UserAccessCasePolicy!D"&$L33)&"|"&$V33,CaseTypeSetMember!$H:$H,0)))))} -> FALSE | O33: {=IF($L33="",FALSE,AND(INDIRECT("UserAccessCasePolicy!H"&$L33),NOT(ISNA(MATCH(INDIRECT("UserAccessCasePolicy!D"&$L33)&"|"&$V33,CaseTypeSetMember!$H:$H,0)))))} -> FALSE | P33: 0195d18c-1ca6-fd99-9d76-fcfa0c0cf400 | Q33: =INDEX(CaseType!$B:$B,MATCH($P33,CaseType!$A:$A,0)) -> case_type1 | R33: 0195d18c-1ca2-a23d-1f64-00271f63199c | S33: =INDEX(DataCollection!$B:$B,MATCH($R33,DataCollection!$A:$A,0)) -> data_collection1 | T33: FALSE | U33: 0198ef6d-8543-d4c1-b8e7-b6f93524b895 | V33: =INDEX(_CaseData!$B:$B,MATCH($U33,_CaseData!$A:$A,0)) -> 0195d18c-1ca6-fd99-9d76-fcfa0c0cf400 | W33: 0195d18c-1ca2-a23d-1f64-00271f63199c | X33: =$V33=$P33 -> TRUE | Y33: =$W33=$R33 -> TRUE

Sheet _CaseData
A1: id | B1: case_type_id | C1: created_in_data_collection_id | D1: dm.created_in_data_collection.name | E1: count | F1: case_date | G1: dm.case_type_name | H1: is_allowed | I1: dm.is_allowed_content
A2: 0198ef6d-8543-d4c1-b8e7-b6f93524b895 | B2: 0195d18c-1ca6-fd99-9d76-fcfa0c0cf400 | C2: 0195d18c-1ca2-a23d-1f64-00271f63199c | D2: =INDEX(DataCollection!$B:$B,MATCH($C2,DataCollection!$A:$A,0)) -> data_collection1 | F2: 36526 | G2: =INDEX(CaseType!$B:$B,MATCH($B2,CaseType!$A:$A,0)) -> case_type1 | H2: =AND($I2) -> TRUE | I2: =COUNTIFS(_CaseContentData!$A:$A,$A2,_CaseContentData!$H:$H,FALSE)=0 -> TRUE
A3: 0198ef6d-8543-9674-3177-8a8c8da8bc3f | B3: 0195d18c-1ca6-752a-ec56-ed1b3d0cb095 | C3: 0195d18c-1ca2-a23d-1f64-00271f63199c | D3: =INDEX(DataCollection!$B:$B,MATCH($C3,DataCollection!$A:$A,0)) -> data_collection1 | F3: 36526 | G3: =INDEX(CaseType!$B:$B,MATCH($B3,CaseType!$A:$A,0)) -> case_type2 | H3: =AND($I3) -> TRUE | I3: =COUNTIFS(_CaseContentData!$A:$A,$A3,_CaseContentData!$H:$H,FALSE)=0 -> TRUE

Sheet _CaseContentData
A1: case_id | B1: dm.case_case_type_name | C1: case_type_col_id | D1: dm.case_type_col_code | E1: value | F1: comment | G1: validated_value | H1: is_allowed | I1: dm.is_allowed_value | J1: dm.is_allowed.case_type | K1: dm.case.case_type_id | L1: dm.case_type_col.case_type_id | M1: dm.case_type_col.col_id | N1: dm.case_type_col.col.col_type | O1: dm.case_type_col.col.concept_set_id | P1: dm.case_type_col.col.region_set_id | Q1: dm.concept_id | R1: dm.region_id | S1: dm.organization_id | T1: dm.case_type_col.col.dim.id | U1: dm.case_type_col.col.dim.name | V1: dm.case_type_col.col.dim.type | W1: dm.has_override_validated_value | X1: dm.override_validated_value
A2: 0198ef6d-8543-d4c1-b8e7-b6f93524b895 | B2: =INDEX(_CaseData!$G:$G,MATCH($A2,_CaseData!$A:$A,0)) -> case_type1 | C2: 0198ef6d-8543-a221-af7e-774497e4801a | D2: =INDEX(CaseTypeCol!$G:$G,MATCH($C2,CaseTypeCol!$A:$A,0)) -> case_type1.nominal1_1 (NOMINAL;Nominal_1) | E2: CATEGORY1_1 | G2: =IF($W2,$X2,IF($E2="","",IF($N2="REGULAR_LANGUAGE",$E2,IF(OR($N2="NOMINAL",$N2="ORDINAL",$N2="INTERVAL"),$Q2,IF($N2="GEO_REGION",$R2,IF($N2="ORGANIZATION",$S2,$E2)))))) -> 0198ef6d-8543-1558-187c-47880d4b485e | H2: =AND($I2:$J2) -> TRUE | I2: TRUE | J2: =K2=L2 -> TRUE | K2: =INDEX(_CaseData!$B:$B,MATCH($A2,_CaseData!$A:$A,0)) -> 0195d18c-1ca6-fd99-9d76-fcfa0c0cf400 | L2: =INDEX(CaseTypeCol!$B:$B,MATCH($C2,CaseTypeCol!$A:$A,0)) -> 0195d18c-1ca6-fd99-9d76-fcfa0c0cf400 | M2: =INDEX(CaseTypeCol!$D:$D,MATCH($C2,CaseTypeCol!$A:$A,0)) -> 0198ef6d-8543-eb2b-e8cd-6ad2e7ad4523 | N2: =INDEX(Col!$H:$H,MATCH($M2,Col!$A:$A,0)) -> NOMINAL | O2: =IF(INDEX(Col!$I:$I,MATCH($M2,Col!$A:$A,0))="","",INDEX(Col!$I:$I,MATCH($M2,Col!$A:$A,0))) -> 0198ef6d-8543-90a8-a647-ae05912c77ba | P2: =IF(INDEX(Col!$K:$K,MATCH($M2,Col!$A:$A,0))="","",INDEX(Col!$K:$K,MATCH($M2,Col!$A:$A,0))) | Q2: =IF($O2="","",IF(NOT(ISNA(MATCH(LOWER($O2&"|"&$E2),Concept!$K:$K,0))),INDEX(Concept!$A:$A,MATCH(LOWER($O2&"|"&$E2),Concept!$K:$K,0)),IF(NOT(ISNA(MATCH(LOWER($O2&"|"&$E2),Concept!$L:$L,0))),INDEX(Concept!$A:$A,MATCH(LOWER($O2&"|"&$E2),Concept!$L:$L,0)),IF(NOT(ISNA(MATCH(LOWER($O2&"|"&$E2),Concept!$M:$M,0))),INDEX(Concept!$A:$A,MATCH(LOWER($O2&"|"&$E2),Concept!$M:$M,0)),"")))) -> 0198ef6d-8543-1558-187c-47880d4b485e | R2: =IF($P2="","",IF(NOT(ISNA(MATCH(LOWER($P2&"|"&$E2),Region!$J:$J,0))),INDEX(Region!$A:$A,MATCH(LOWER($P2&"|"&$E2),Region!$J:$J,0)),IF(NOT(ISNA(MATCH(LOWER($P2&"|"&$E2),Region!$K:$K,0))),INDEX(Region!$A:$A,MATCH(LOWER($P2&"|"&$E2),Region!$K:$K,0)),""))) | S2: =IF($N2<>"ORGANIZATION","",IF(NOT(ISNA(MATCH($E2,Organization!$A:$A,0))),INDEX(Organization!$A:$A,MATCH($E2,Organization!$A:$A,0)),IF(NOT(ISNA(MATCH($E2,Organization!$B:$B,0))),INDEX(Organization!$A:$A,MATCH($E2,Organization!$B:$B,0)),IF(NOT(ISNA(MATCH($E2,Organization!$A:$A,0))),INDEX(Organization!$C:$C,MATCH($E2,Organization!$C:$C,0)),"")))) | T2: =INDEX(Col!$B:$B,MATCH($M2,Col!$A:$A,0)) -> 0198ef6d-8543-8d7e-a786-a78961958b68 | U2: =INDEX(Dim!$C:$C,MATCH($T2,Dim!$A:$A,0)) -> nominal1 | V2: =INDEX(Dim!$B:$B,MATCH($T2,Dim!$A:$A,0)) -> TEXT | W2: FALSE
A3: 0198ef6d-8543-d4c1-b8e7-b6f93524b895 | B3: =INDEX(_CaseData!$G:$G,MATCH($A3,_CaseData!$A:$A,0)) -> case_type1 | C3: 0198ef6d-8543-987d-80eb-fb29936d633c | D3: =INDEX(CaseTypeCol!$G:$G,MATCH($C3,CaseTypeCol!$A:$A,0)) -> case_type1.nominal2_1 (NOMINAL;Nominal_2) | E3: CATEGORY2_1 | G3: =IF($W3,$X3,IF($E3="","",IF($N3="REGULAR_LANGUAGE",$E3,IF(OR($N3="NOMINAL",$N3="ORDINAL",$N3="INTERVAL"),$Q3,IF($N3="GEO_REGION",$R3,IF($N3="ORGANIZATION",$S3,$E3)))))) -> 0198ef6d-8543-6ac9-4915-b0f74393baa3 | H3: =AND($I3:$J3) -> TRUE | I3: TRUE | J3: =K3=L3 -> TRUE | K3: =INDEX(_CaseData!$B:$B,MATCH($A3,_CaseData!$A:$A,0)) -> 0195d18c-1ca6-fd99-9d76-fcfa0c0cf400 | L3: =INDEX(CaseTypeCol!$B:$B,MATCH($C3,CaseTypeCol!$A:$A,0)) -> 0195d18c-1ca6-fd99-9d76-fcfa0c0cf400 | M3: =INDEX(CaseTypeCol!$D:$D,MATCH($C3,CaseTypeCol!$A:$A,0)) -> 0198ef6d-8543-1234-cbf1-9947a51d56ff | N3: =INDEX(Col!$H:$H,MATCH($M3,Col!$A:$A,0)) -> NOMINAL | O3: =IF(INDEX(Col!$I:$I,MATCH($M3,Col!$A:$A,0))="","",INDEX(Col!$I:$I,MATCH($M3,Col!$A:$A,0))) -> 0198ef6d-8543-2a99-b3be-b0d2583cb604 | P3: =IF(INDEX(Col!$K:$K,MATCH($M3,Col!$A:$A,0))="","",INDEX(Col!$K:$K,MATCH($M3,Col!$A:$A,0))) | Q3: =IF($O3="","",IF(NOT(ISNA(MATCH(LOWER($O3&"|"&$E3),Concept!$K:$K,0))),INDEX(Concept!$A:$A,MATCH(LOWER($O3&"|"&$E3),Concept!$K:$K,0)),IF(NOT(ISNA(MATCH(LOWER($O3&"|"&$E3),Concept!$L:$L,0))),INDEX(Concept!$A:$A,MATCH(LOWER($O3&"|"&$E3),Concept!$L:$L,0)),IF(NOT(ISNA(MATCH(LOWER($O3&"|"&$E3),Concept!$M:$M,0))),INDEX(Concept!$A:$A,MATCH(LOWER($O3&"|"&$E3),Concept!$M:$M,0)),"")))) -> 0198ef6d-8543-6ac9-4915-b0f74393baa3 | R3: =IF($P3="","",IF(NOT(ISNA(MATCH(LOWER($P3&"|"&$E3),Region!$J:$J,0))),INDEX(Region!$A:$A,MATCH(LOWER($P3&"|"&$E3),Region!$J:$J,0)),IF(NOT(ISNA(MATCH(LOWER($P3&"|"&$E3),Region!$K:$K,0))),INDEX(Region!$A:$A,MATCH(LOWER($P3&"|"&$E3),Region!$K:$K,0)),""))) | S3: =IF($N3<>"ORGANIZATION","",IF(NOT(ISNA(MATCH($E3,Organization!$A:$A,0))),INDEX(Organization!$A:$A,MATCH($E3,Organization!$A:$A,0)),IF(NOT(ISNA(MATCH($E3,Organization!$B:$B,0))),INDEX(Organization!$A:$A,MATCH($E3,Organization!$B:$B,0)),IF(NOT(ISNA(MATCH($E3,Organization!$A:$A,0))),INDEX(Organization!$C:$C,MATCH($E3,Organization!$C:$C,0)),"")))) | T3: =INDEX(Col!$B:$B,MATCH($M3,Col!$A:$A,0)) -> 0198ef6d-8543-4e10-dadc-606a590cbf81 | U3: =INDEX(Dim!$C:$C,MATCH($T3,Dim!$A:$A,0)) -> nominal2 | V3: =INDEX(Dim!$B:$B,MATCH($T3,Dim!$A:$A,0)) -> TEXT | W3: FALSE
A4: 0198ef6d-8543-d4c1-b8e7-b6f93524b895 | B4: =INDEX(_CaseData!$G:$G,MATCH($A4,_CaseData!$A:$A,0)) -> case_type1 | C4: 0198ef6d-8543-ce42-568c-c8e8405533a1 | D4: =INDEX(CaseTypeCol!$G:$G,MATCH($C4,CaseTypeCol!$A:$A,0)) -> case_type1.ordinal1_1 (ORDINAL;Ordinal_1) | E4: RANK1_1 | G4: =IF($W4,$X4,IF($E4="","",IF($N4="REGULAR_LANGUAGE",$E4,IF(OR($N4="NOMINAL",$N4="ORDINAL",$N4="INTERVAL"),$Q4,IF($N4="GEO_REGION",$R4,IF($N4="ORGANIZATION",$S4,$E4)))))) -> 0198ef6d-8543-73c8-d3af-92aa66e44b8c | H4: =AND($I4:$J4) -> TRUE | I4: TRUE | J4: =K4=L4 -> TRUE | K4: =INDEX(_CaseData!$B:$B,MATCH($A4,_CaseData!$A:$A,0)) -> 0195d18c-1ca6-fd99-9d76-fcfa0c0cf400 | L4: =INDEX(CaseTypeCol!$B:$B,MATCH($C4,CaseTypeCol!$A:$A,0)) -> 0195d18c-1ca6-fd99-9d76-fcfa0c0cf400 | M4: =INDEX(CaseTypeCol!$D:$D,MATCH($C4,CaseTypeCol!$A:$A,0)) -> 0198ef6d-8543-50ea-8c7a-9f5c1a8041c4 | N4: =INDEX(Col!$H:$H,MATCH($M4,Col!$A:$A,0)) -> ORDINAL | O4: =IF(INDEX(Col!$I:$I,MATCH($M4,Col!$A:$A,0))="","",INDEX(Col!$I:$I,MATCH($M4,Col!$A:$A,0))) -> 0198ef6d-8543-b279-03a6-da9684b42b08 | P4: =IF(INDEX(Col!$K:$K,MATCH($M4,Col!$A:$A,0))="","",INDEX(Col!$K:$K,MATCH($M4,Col!$A:$A,0))) | Q4: =IF($O4="","",IF(NOT(ISNA(MATCH(LOWER($O4&"|"&$E4),Concept!$K:$K,0))),INDEX(Concept!$A:$A,MATCH(LOWER($O4&"|"&$E4),Concept!$K:$K,0)),IF(NOT(ISNA(MATCH(LOWER($O4&"|"&$E4),Concept!$L:$L,0))),INDEX(Concept!$A:$A,MATCH(LOWER($O4&"|"&$E4),Concept!$L:$L,0)),IF(NOT(ISNA(MATCH(LOWER($O4&"|"&$E4),Concept!$M:$M,0))),INDEX(Concept!$A:$A,MATCH(LOWER($O4&"|"&$E4),Concept!$M:$M,0)),"")))) -> 0198ef6d-8543-73c8-d3af-92aa66e44b8c | R4: =IF($P4="","",IF(NOT(ISNA(MATCH(LOWER($P4&"|"&$E4),Region!$J:$J,0))),INDEX(Region!$A:$A,MATCH(LOWER($P4&"|"&$E4),Region!$J:$J,0)),IF(NOT(ISNA(MATCH(LOWER($P4&"|"&$E4),Region!$K:$K,0))),INDEX(Region!$A:$A,MATCH(LOWER($P4&"|"&$E4),Region!$K:$K,0)),""))) | S4: =IF($N4<>"ORGANIZATION","",IF(NOT(ISNA(MATCH($E4,Organization!$A:$A,0))),INDEX(Organization!$A:$A,MATCH($E4,Organization!$A:$A,0)),IF(NOT(ISNA(MATCH($E4,Organization!$B:$B,0))),INDEX(Organization!$A:$A,MATCH($E4,Organization!$B:$B,0)),IF(NOT(ISNA(MATCH($E4,Organization!$A:$A,0))),INDEX(Organization!$C:$C,MATCH($E4,Organization!$C:$C,0)),"")))) | T4: =INDEX(Col!$B:$B,MATCH($M4,Col!$A:$A,0)) -> 0198ef6d-8543-4b57-ccc7-1e34bcca2de1 | U4: =INDEX(Dim!$C:$C,MATCH($T4,Dim!$A:$A,0)) -> ordinal1 | V4: =INDEX(Dim!$B:$B,MATCH($T4,Dim!$A:$A,0)) -> TEXT | W4: FALSE
A5: 0198ef6d-8543-d4c1-b8e7-b6f93524b895 | B5: =INDEX(_CaseData!$G:$G,MATCH($A5,_CaseData!$A:$A,0)) -> case_type1 | C5: 0198ef6d-8543-8bc8-93ea-2f4c7e8626f2 | D5: =INDEX(CaseTypeCol!$G:$G,MATCH($C5,CaseTypeCol!$A:$A,0)) -> case_type1.ordinal2_1 (ORDINAL;Ordinal_2) | E5: RANK2_1 | G5: =IF($W5,$X5,IF($E5="","",IF($N5="REGULAR_LANGUAGE",$E5,IF(OR($N5="NOMINAL",$N5="ORDINAL",$N5="INTERVAL"),$Q5,IF($N5="GEO_REGION",$R5,IF($N5="ORGANIZATION",$S5,$E5)))))) -> 0198ef6d-8543-1842-1575-0be542168d82 | H5: =AND($I5:$J5) -> TRUE | I5: TRUE | J5: =K5=L5 -> TRUE | K5: =INDEX(_CaseData!$B:$B,MATCH($A5,_CaseData!$A:$A,0)) -> 0195d18c-1ca6-fd99-9d76-fcfa0c0cf400 | L5: =INDEX(CaseTypeCol!$B:$B,MATCH($C5,CaseTypeCol!$A:$A,0)) -> 0195d18c-1ca6-fd99-9d76-fcfa0c0cf400 | M5: =INDEX(CaseTypeCol!$D:$D,MATCH($C5,CaseTypeCol!$A:$A,0)) -> 0198ef6d-8543-76c4-4fb4-25f7403d7972 | N5: =INDEX(Col!$H:$H,MATCH($M5,Col!$A:$A,0)) -> ORDINAL | O5: =IF(INDEX(Col!$I:$I,MATCH($M5,Col!$A:$A,0))="","",INDEX(Col!$I:$I,MATCH($M5,Col!$A:$A,0))) -> 0198ef6d-8543-d076-3da0-dd48921087f9 | P5: =IF(INDEX(Col!$K:$K,MATCH($M5,Col!$A:$A,0))="","",INDEX(Col!$K:$K,MATCH($M5,Col!$A:$A,0))) | Q5: =IF($O5="","",IF(NOT(ISNA(MATCH(LOWER($O5&"|"&$E5),Concept!$K:$K,0))),INDEX(Concept!$A:$A,MATCH(LOWER($O5&"|"&$E5),Concept!$K:$K,0)),IF(NOT(ISNA(MATCH(LOWER($O5&"|"&$E5),Concept!$L:$L,0))),INDEX(Concept!$A:$A,MATCH(LOWER($O5&"|"&$E5),Concept!$L:$L,0)),IF(NOT(ISNA(MATCH(LOWER($O5&"|"&$E5),Concept!$M:$M,0))),INDEX(Concept!$A:$A,MATCH(LOWER($O5&"|"&$E5),Concept!$M:$M,0)),"")))) -> 0198ef6d-8543-1842-1575-0be542168d82 | R5: =IF($P5="","",IF(NOT(ISNA(MATCH(LOWER($P5&"|"&$E5),Region!$J:$J,0))),INDEX(Region!$A:$A,MATCH(LOWER($P5&"|"&$E5),Region!$J:$J,0)),IF(NOT(ISNA(MATCH(LOWER($P5&"|"&$E5),Region!$K:$K,0))),INDEX(Region!$A:$A,MATCH(LOWER($P5&"|"&$E5),Region!$K:$K,0)),""))) | S5: =IF($N5<>"ORGANIZATION","",IF(NOT(ISNA(MATCH($E5,Organization!$A:$A,0))),INDEX(Organization!$A:$A,MATCH($E5,Organization!$A:$A,0)),IF(NOT(ISNA(MATCH($E5,Organization!$B:$B,0))),INDEX(Organization!$A:$A,MATCH($E5,Organization!$B:$B,0)),IF(NOT(ISNA(MATCH($E5,Organization!$A:$A,0))),INDEX(Organization!$C:$C,MATCH($E5,Organization!$C:$C,0)),"")))) | T5: =INDEX(Col!$B:$B,MATCH($M5,Col!$A:$A,0)) -> 0198ef6d-8543-9c78-54a7-6b4c2ca6ce88 | U5: =INDEX(Dim!$C:$C,MATCH($T5,Dim!$A:$A,0)) -> ordinal2 | V5: =INDEX(Dim!$B:$B,MATCH($T5,Dim!$A:$A,0)) -> TEXT | W5: FALSE
A6: 0198ef6d-8543-d4c1-b8e7-b6f93524b895 | B6: =INDEX(_CaseData!$G:$G,MATCH($A6,_CaseData!$A:$A,0)) -> case_type1 | C6: 0198ef6d-8543-1062-3f54-74f967fd95da | D6: =INDEX(CaseTypeCol!$G:$G,MATCH($C6,CaseTypeCol!$A:$A,0)) -> case_type1.regex1_1 (REGULAR_LANGUAGE;Regex_1) | E6: A1 | G6: =IF($W6,$X6,IF($E6="","",IF($N6="REGULAR_LANGUAGE",$E6,IF(OR($N6="NOMINAL",$N6="ORDINAL",$N6="INTERVAL"),$Q6,IF($N6="GEO_REGION",$R6,IF($N6="ORGANIZATION",$S6,$E6)))))) -> A1 | H6: =AND($I6:$J6) -> TRUE | I6: TRUE | J6: =K6=L6 -> TRUE | K6: =INDEX(_CaseData!$B:$B,MATCH($A6,_CaseData!$A:$A,0)) -> 0195d18c-1ca6-fd99-9d76-fcfa0c0cf400 | L6: =INDEX(CaseTypeCol!$B:$B,MATCH($C6,CaseTypeCol!$A:$A,0)) -> 0195d18c-1ca6-fd99-9d76-fcfa0c0cf400 | M6: =INDEX(CaseTypeCol!$D:$D,MATCH($C6,CaseTypeCol!$A:$A,0)) -> 0198ef6d-8543-479e-1e7a-3428fa97ebc7 | N6: =INDEX(Col!$H:$H,MATCH($M6,Col!$A:$A,0)) -> REGULAR_LANGUAGE | O6: =IF(INDEX(Col!$I:$I,MATCH($M6,Col!$A:$A,0))="","",INDEX(Col!$I:$I,MATCH($M6,Col!$A:$A,0))) -> 0198ef6d-8543-a151-ab47-0394a80e2a05 | P6: =IF(INDEX(Col!$K:$K,MATCH($M6,Col!$A:$A,0))="","",INDEX(Col!$K:$K,MATCH($M6,Col!$A:$A,0))) | Q6: =IF($O6="","",IF(NOT(ISNA(MATCH(LOWER($O6&"|"&$E6),Concept!$K:$K,0))),INDEX(Concept!$A:$A,MATCH(LOWER($O6&"|"&$E6),Concept!$K:$K,0)),IF(NOT(ISNA(MATCH(LOWER($O6&"|"&$E6),Concept!$L:$L,0))),INDEX(Concept!$A:$A,MATCH(LOWER($O6&"|"&$E6),Concept!$L:$L,0)),IF(NOT(ISNA(MATCH(LOWER($O6&"|"&$E6),Concept!$M:$M,0))),INDEX(Concept!$A:$A,MATCH(LOWER($O6&"|"&$E6),Concept!$M:$M,0)),"")))) | R6: =IF($P6="","",IF(NOT(ISNA(MATCH(LOWER($P6&"|"&$E6),Region!$J:$J,0))),INDEX(Region!$A:$A,MATCH(LOWER($P6&"|"&$E6),Region!$J:$J,0)),IF(NOT(ISNA(MATCH(LOWER($P6&"|"&$E6),Region!$K:$K,0))),INDEX(Region!$A:$A,MATCH(LOWER($P6&"|"&$E6),Region!$K:$K,0)),""))) | S6: =IF($N6<>"ORGANIZATION","",IF(NOT(ISNA(MATCH($E6,Organization!$A:$A,0))),INDEX(Organization!$A:$A,MATCH($E6,Organization!$A:$A,0)),IF(NOT(ISNA(MATCH($E6,Organization!$B:$B,0))),INDEX(Organization!$A:$A,MATCH($E6,Organization!$B:$B,0)),IF(NOT(ISNA(MATCH($E6,Organization!$A:$A,0))),INDEX(Organization!$C:$C,MATCH($E6,Organization!$C:$C,0)),"")))) | T6: =INDEX(Col!$B:$B,MATCH($M6,Col!$A:$A,0)) -> 0198ef6d-8543-6a7f-4553-b7280cc2ab9b | U6: =INDEX(Dim!$C:$C,MATCH($T6,Dim!$A:$A,0)) -> regex1 | V6: =INDEX(Dim!$B:$B,MATCH($T6,Dim!$A:$A,0)) -> TEXT | W6: FALSE
A7: 0198ef6d-8543-d4c1-b8e7-b6f93524b895 | B7: =INDEX(_CaseData!$G:$G,MATCH($A7,_CaseData!$A:$A,0)) -> case_type1 | C7: 0198ef6d-8543-3bfd-fcb0-c5698a1b2d9a | D7: =INDEX(CaseTypeCol!$G:$G,MATCH($C7,CaseTypeCol!$A:$A,0)) -> case_type1.regex2_1 (REGULAR_LANGUAGE;Regex_2) | E7: B1 | G7: =IF($W7,$X7,IF($E7="","",IF($N7="REGULAR_LANGUAGE",$E7,IF(OR($N7="NOMINAL",$N7="ORDINAL",$N7="INTERVAL"),$Q7,IF($N7="GEO_REGION",$R7,IF($N7="ORGANIZATION",$S7,$E7)))))) -> B1 | H7: =AND($I7:$J7) -> TRUE | I7: TRUE | J7: =K7=L7 -> TRUE | K7: =INDEX(_CaseData!$B:$B,MATCH($A7,_CaseData!$A:$A,0)) -> 0195d18c-1ca6-fd99-9d76-fcfa0c0cf400 | L7: =INDEX(CaseTypeCol!$B:$B,MATCH($C7,CaseTypeCol!$A:$A,0)) -> 0195d18c-1ca6-fd99-9d76-fcfa0c0cf400 | M7: =INDEX(CaseTypeCol!$D:$D,MATCH($C7,CaseTypeCol!$A:$A,0)) -> 0198ef6d-8543-0924-3aca-6065227cd9ef | N7: =INDEX(Col!$H:$H,MATCH($M7,Col!$A:$A,0)) -> REGULAR_LANGUAGE | O7: =IF(INDEX(Col!$I:$I,MATCH($M7,Col!$A:$A,0))="","",INDEX(Col!$I:$I,MATCH($M7,Col!$A:$A,0))) -> 0198ef6d-8543-6df8-9098-78280604c758 | P7: =IF(INDEX(Col!$K:$K,MATCH($M7,Col!$A:$A,0))="","",INDEX(Col!$K:$K,MATCH($M7,Col!$A:$A,0))) | Q7: =IF($O7="","",IF(NOT(ISNA(MATCH(LOWER($O7&"|"&$E7),Concept!$K:$K,0))),INDEX(Concept!$A:$A,MATCH(LOWER($O7&"|"&$E7),Concept!$K:$K,0)),IF(NOT(ISNA(MATCH(LOWER($O7&"|"&$E7),Concept!$L:$L,0))),INDEX(Concept!$A:$A,MATCH(LOWER($O7&"|"&$E7),Concept!$L:$L,0)),IF(NOT(ISNA(MATCH(LOWER($O7&"|"&$E7),Concept!$M:$M,0))),INDEX(Concept!$A:$A,MATCH(LOWER($O7&"|"&$E7),Concept!$M:$M,0)),"")))) | R7: =IF($P7="","",IF(NOT(ISNA(MATCH(LOWER($P7&"|"&$E7),Region!$J:$J,0))),INDEX(Region!$A:$A,MATCH(LOWER($P7&"|"&$E7),Region!$J:$J,0)),IF(NOT(ISNA(MATCH(LOWER($P7&"|"&$E7),Region!$K:$K,0))),INDEX(Region!$A:$A,MATCH(LOWER($P7&"|"&$E7),Region!$K:$K,0)),""))) | S7: =IF($N7<>"ORGANIZATION","",IF(NOT(ISNA(MATCH($E7,Organization!$A:$A,0))),INDEX(Organization!$A:$A,MATCH($E7,Organization!$A:$A,0)),IF(NOT(ISNA(MATCH($E7,Organization!$B:$B,0))),INDEX(Organization!$A:$A,MATCH($E7,Organization!$B:$B,0)),IF(NOT(ISNA(MATCH($E7,Organization!$A:$A,0))),INDEX(Organization!$C:$C,MATCH($E7,Organization!$C:$C,0)),"")))) | T7: =INDEX(Col!$B:$B,MATCH($M7,Col!$A:$A,0)) -> 0198ef6d-8543-5e3c-cec3-8db0ccbd38fa | U7: =INDEX(Dim!$C:$C,MATCH($T7,Dim!$A:$A,0)) -> regex2 | V7: =INDEX(Dim!$B:$B,MATCH($T7,Dim!$A:$A,0)) -> TEXT | W7: FALSE
A8: 0198ef6d-8543-d4c1-b8e7-b6f93524b895 | B8: =INDEX(_CaseData!$G:$G,MATCH($A8,_CaseData!$A:$A,0)) -> case_type1 | C8: 0198ef6d-8543-f372-ce25-38616e4c214d | D8: =INDEX(CaseTypeCol!$G:$G,MATCH($C8,CaseTypeCol!$A:$A,0)) -> case_type1.text1_1 (TEXT) | E8: X | G8: =IF($W8,$X8,IF($E8="","",IF($N8="REGULAR_LANGUAGE",$E8,IF(OR($N8="NOMINAL",$N8="ORDINAL",$N8="INTERVAL"),$Q8,IF($N8="GEO_REGION",$R8,IF($N8="ORGANIZATION",$S8,$E8)))))) -> X | H8: =AND($I8:$J8) -> TRUE | I8: TRUE | J8: =K8=L8 -> TRUE | K8: =INDEX(_CaseData!$B:$B,MATCH($A8,_CaseData!$A:$A,0)) -> 0195d18c-1ca6-fd99-9d76-fcfa0c0cf400 | L8: =INDEX(CaseTypeCol!$B:$B,MATCH($C8,CaseTypeCol!$A:$A,0)) -> 0195d18c-1ca6-fd99-9d76-fcfa0c0cf400 | M8: =INDEX(CaseTypeCol!$D:$D,MATCH($C8,CaseTypeCol!$A:$A,0)) -> 0198ef6d-8543-78ba-e607-ac65487d273b | N8: =INDEX(Col!$H:$H,MATCH($M8,Col!$A:$A,0)) -> TEXT | O8: =IF(INDEX(Col!$I:$I,MATCH($M8,Col!$A:$A,0))="","",INDEX(Col!$I:$I,MATCH($M8,Col!$A:$A,0))) | P8: =IF(INDEX(Col!$K:$K,MATCH($M8,Col!$A:$A,0))="","",INDEX(Col!$K:$K,MATCH($M8,Col!$A:$A,0))) | Q8: =IF($O8="","",IF(NOT(ISNA(MATCH(LOWER($O8&"|"&$E8),Concept!$K:$K,0))),INDEX(Concept!$A:$A,MATCH(LOWER($O8&"|"&$E8),Concept!$K:$K,0)),IF(NOT(ISNA(MATCH(LOWER($O8&"|"&$E8),Concept!$L:$L,0))),INDEX(Concept!$A:$A,MATCH(LOWER($O8&"|"&$E8),Concept!$L:$L,0)),IF(NOT(ISNA(MATCH(LOWER($O8&"|"&$E8),Concept!$M:$M,0))),INDEX(Concept!$A:$A,MATCH(LOWER($O8&"|"&$E8),Concept!$M:$M,0)),"")))) | R8: =IF($P8="","",IF(NOT(ISNA(MATCH(LOWER($P8&"|"&$E8),Region!$J:$J,0))),INDEX(Region!$A:$A,MATCH(LOWER($P8&"|"&$E8),Region!$J:$J,0)),IF(NOT(ISNA(MATCH(LOWER($P8&"|"&$E8),Region!$K:$K,0))),INDEX(Region!$A:$A,MATCH(LOWER($P8&"|"&$E8),Region!$K:$K,0)),""))) | S8: =IF($N8<>"ORGANIZATION","",IF(NOT(ISNA(MATCH($E8,Organization!$A:$A,0))),INDEX(Organization!$A:$A,MATCH($E8,Organization!$A:$A,0)),IF(NOT(ISNA(MATCH($E8,Organization!$B:$B,0))),INDEX(Organization!$A:$A,MATCH($E8,Organization!$B:$B,0)),IF(NOT(ISNA(MATCH($E8,Organization!$A:$A,0))),INDEX(Organization!$C:$C,MATCH($E8,Organization!$C:$C,0)),"")))) | T8: =INDEX(Col!$B:$B,MATCH($M8,Col!$A:$A,0)) -> 0198ef6d-8543-0b52-87e5-431792f951a2 | U8: =INDEX(Dim!$C:$C,MATCH($T8,Dim!$A:$A,0)) -> text1 | V8: =INDEX(Dim!$B:$B,MATCH($T8,Dim!$A:$A,0)) -> TEXT | W8: FALSE
A9: 0198ef6d-8543-d4c1-b8e7-b6f93524b895 | B9: =INDEX(_CaseData!$G:$G,MATCH($A9,_CaseData!$A:$A,0)) -> case_type1 | C9: 0198ef6d-8543-d9b1-6322-01cffb585d60 | D9: =INDEX(CaseTypeCol!$G:$G,MATCH($C9,CaseTypeCol!$A:$A,0)) -> case_type1.text2_1 (TEXT) | E9: Y | G9: =IF($W9,$X9,IF($E9="","",IF($N9="REGULAR_LANGUAGE",$E9,IF(OR($N9="NOMINAL",$N9="ORDINAL",$N9="INTERVAL"),$Q9,IF($N9="GEO_REGION",$R9,IF($N9="ORGANIZATION",$S9,$E9)))))) -> Y | H9: =AND($I9:$J9) -> TRUE | I9: TRUE | J9: =K9=L9 -> TRUE | K9: =INDEX(_CaseData!$B:$B,MATCH($A9,_CaseData!$A:$A,0)) -> 0195d18c-1ca6-fd99-9d76-fcfa0c0cf400 | L9: =INDEX(CaseTypeCol!$B:$B,MATCH($C9,CaseTypeCol!$A:$A,0)) -> 0195d18c-1ca6-fd99-9d76-fcfa0c0cf400 | M9: =INDEX(CaseTypeCol!$D:$D,MATCH($C9,CaseTypeCol!$A:$A,0)) -> 0198ef6d-8543-2d1c-8ae5-fde6579f02e4 | N9: =INDEX(Col!$H:$H,MATCH($M9,Col!$A:$A,0)) -> TEXT | O9: =IF(INDEX(Col!$I:$I,MATCH($M9,Col!$A:$A,0))="","",INDEX(Col!$I:$I,MATCH($M9,Col!$A:$A,0))) | P9: =IF(INDEX(Col!$K:$K,MATCH($M9,Col!$A:$A,0))="","",INDEX(Col!$K:$K,MATCH($M9,Col!$A:$A,0))) | Q9: =IF($O9="","",IF(NOT(ISNA(MATCH(LOWER($O9&"|"&$E9),Concept!$K:$K,0))),INDEX(Concept!$A:$A,MATCH(LOWER($O9&"|"&$E9),Concept!$K:$K,0)),IF(NOT(ISNA(MATCH(LOWER($O9&"|"&$E9),Concept!$L:$L,0))),INDEX(Concept!$A:$A,MATCH(LOWER($O9&"|"&$E9),Concept!$L:$L,0)),IF(NOT(ISNA(MATCH(LOWER($O9&"|"&$E9),Concept!$M:$M,0))),INDEX(Concept!$A:$A,MATCH(LOWER($O9&"|"&$E9),Concept!$M:$M,0)),"")))) | R9: =IF($P9="","",IF(NOT(ISNA(MATCH(LOWER($P9&"|"&$E9),Region!$J:$J,0))),INDEX(Region!$A:$A,MATCH(LOWER($P9&"|"&$E9),Region!$J:$J,0)),IF(NOT(ISNA(MATCH(LOWER($P9&"|"&$E9),Region!$K:$K,0))),INDEX(Region!$A:$A,MATCH(LOWER($P9&"|"&$E9),Region!$K:$K,0)),""))) | S9: =IF($N9<>"ORGANIZATION","",IF(NOT(ISNA(MATCH($E9,Organization!$A:$A,0))),INDEX(Organization!$A:$A,MATCH($E9,Organization!$A:$A,0)),IF(NOT(ISNA(MATCH($E9,Organization!$B:$B,0))),INDEX(Organization!$A:$A,MATCH($E9,Organization!$B:$B,0)),IF(NOT(ISNA(MATCH($E9,Organization!$A:$A,0))),INDEX(Organization!$C:$C,MATCH($E9,Organization!$C:$C,0)),"")))) | T9: =INDEX(Col!$B:$B,MATCH($M9,Col!$A:$A,0)) -> 0198ef6d-8543-e0a4-1718-6ae19c4f6090 | U9: =INDEX(Dim!$C:$C,MATCH($T9,Dim!$A:$A,0)) -> text2 | V9: =INDEX(Dim!$B:$B,MATCH($T9,Dim!$A:$A,0)) -> TEXT | W9: FALSE
A10: 0198ef6d-8543-d4c1-b8e7-b6f93524b895 | B10: =INDEX(_CaseData!$G:$G,MATCH($A10,_CaseData!$A:$A,0)) -> case_type1 | C10: 0198ef6d-8543-b8fc-9de5-72be815082e0 | D10: =INDEX(CaseTypeCol!$G:$G,MATCH($C10,CaseTypeCol!$A:$A,0)) -> case_type1.org1_1 (ORGANIZATION) | E10: 018d074d-ea0c-e942-07db-a3cc0ba1d653 | G10: =IF($W10,$X10,IF($E10="","",IF($N10="REGULAR_LANGUAGE",$E10,IF(OR($N10="NOMINAL",$N10="ORDINAL",$N10="INTERVAL"),$Q10,IF($N10="GEO_REGION",$R10,IF($N10="ORGANIZATION",$S10,$E10)))))) -> 018d074d-ea0c-e942-07db-a3cc0ba1d653 | H10: =AND($I10:$J10) -> TRUE | I10: TRUE | J10: =K10=L10 -> TRUE | K10: =INDEX(_CaseData!$B:$B,MATCH($A10,_CaseData!$A:$A,0)) -> 0195d18c-1ca6-fd99-9d76-fcfa0c0cf400 | L10: =INDEX(CaseTypeCol!$B:$B,MATCH($C10,CaseTypeCol!$A:$A,0)) -> 0195d18c-1ca6-fd99-9d76-fcfa0c0cf400 | M10: =INDEX(CaseTypeCol!$D:$D,MATCH($C10,CaseTypeCol!$A:$A,0)) -> 0198ef6d-8543-9c02-f715-88d1935aca9a | N10: =INDEX(Col!$H:$H,MATCH($M10,Col!$A:$A,0)) -> ORGANIZATION | O10: =IF(INDEX(Col!$I:$I,MATCH($M10,Col!$A:$A,0))="","",INDEX(Col!$I:$I,MATCH($M10,Col!$A:$A,0))) | P10: =IF(INDEX(Col!$K:$K,MATCH($M10,Col!$A:$A,0))="","",INDEX(Col!$K:$K,MATCH($M10,Col!$A:$A,0))) | Q10: =IF($O10="","",IF(NOT(ISNA(MATCH(LOWER($O10&"|"&$E10),Concept!$K:$K,0))),INDEX(Concept!$A:$A,MATCH(LOWER($O10&"|"&$E10),Concept!$K:$K,0)),IF(NOT(ISNA(MATCH(LOWER($O10&"|"&$E10),Concept!$L:$L,0))),INDEX(Concept!$A:$A,MATCH(LOWER($O10&"|"&$E10),Concept!$L:$L,0)),IF(NOT(ISNA(MATCH(LOWER($O10&"|"&$E10),Concept!$M:$M,0))),INDEX(Concept!$A:$A,MATCH(LOWER($O10&"|"&$E10),Concept!$M:$M,0)),"")))) | R10: =IF($P10="","",IF(NOT(ISNA(MATCH(LOWER($P10&"|"&$E10),Region!$J:$J,0))),INDEX(Region!$A:$A,MATCH(LOWER($P10&"|"&$E10),Region!$J:$J,0)),IF(NOT(ISNA(MATCH(LOWER($P10&"|"&$E10),Region!$K:$K,0))),INDEX(Region!$A:$A,MATCH(LOWER($P10&"|"&$E10),Region!$K:$K,0)),""))) | S10: =IF($N10<>"ORGANIZATION","",IF(NOT(ISNA(MATCH($E10,Organization!$A:$A,0))),INDEX(Organization!$A:$A,MATCH($E10,Organization!$A:$A,0)),IF(NOT(ISNA(MATCH($E10,Organization!$B:$B,0))),INDEX(Organization!$A:$A,MATCH($E10,Organization!$B:$B,0)),IF(NOT(ISNA(MATCH($E10,Organization!$A:$A,0))),INDEX(Organization!$C:$C,MATCH($E10,Organization!$C:$C,0)),"")))) -> 018d074d-ea0c-e942-07db-a3cc0ba1d653 | T10: =INDEX(Col!$B:$B,MATCH($M10,Col!$A:$A,0)) -> 0198ef6d-8543-b0f3-f8b0-c502bee720e9 | U10: =INDEX(Dim!$C:$C,MATCH($T10,Dim!$A:$A,0)) -> org1 | V10: =INDEX(Dim!$B:$B,MATCH($T10,Dim!$A:$A,0)) -> ORGANIZATION | W10: FALSE
A11: 0198ef6d-8543-d4c1-b8e7-b6f93524b895 | B11: =INDEX(_CaseData!$G:$G,MATCH($A11,_CaseData!$A:$A,0)) -> case_type1 | C11: 0198ef6d-8543-f0ab-b028-4f183545ce97 | D11: =INDEX(CaseTypeCol!$G:$G,MATCH($C11,CaseTypeCol!$A:$A,0)) -> case_type1.org2_1 (ORGANIZATION) | E11: org2 | G11: =IF($W11,$X11,IF($E11="","",IF($N11="REGULAR_LANGUAGE",$E11,IF(OR($N11="NOMINAL",$N11="ORDINAL",$N11="INTERVAL"),$Q11,IF($N11="GEO_REGION",$R11,IF($N11="ORGANIZATION",$S11,$E11)))))) -> 0195d18c-1c92-0ed4-2e94-b4f66d82baf3 | H11: =AND($I11:$J11) -> TRUE | I11: TRUE | J11: =K11=L11 -> TRUE | K11: =INDEX(_CaseData!$B:$B,MATCH($A11,_CaseData!$A:$A,0)) -> 0195d18c-1ca6-fd99-9d76-fcfa0c0cf400 | L11: =INDEX(CaseTypeCol!$B:$B,MATCH($C11,CaseTypeCol!$A:$A,0)) -> 0195d18c-1ca6-fd99-9d76-fcfa0c0cf400 | M11: =INDEX(CaseTypeCol!$D:$D,MATCH($C11,CaseTypeCol!$A:$A,0)) -> 0198ef6d-8543-5be8-beb1-cbc53a476302 | N11: =INDEX(Col!$H:$H,MATCH($M11,Col!$A:$A,0)) -> ORGANIZATION | O11: =IF(INDEX(Col!$I:$I,MATCH($M11,Col!$A:$A,0))="","",INDEX(Col!$I:$I,MATCH($M11,Col!$A:$A,0))) | P11: =IF(INDEX(Col!$K:$K,MATCH($M11,Col!$A:$A,0))="","",INDEX(Col!$K:$K,MATCH($M11,Col!$A:$A,0))) | Q11: =IF($O11="","",IF(NOT(ISNA(MATCH(LOWER($O11&"|"&$E11),Concept!$K:$K,0))),INDEX(Concept!$A:$A,MATCH(LOWER($O11&"|"&$E11),Concept!$K:$K,0)),IF(NOT(ISNA(MATCH(LOWER($O11&"|"&$E11),Concept!$L:$L,0))),INDEX(Concept!$A:$A,MATCH(LOWER($O11&"|"&$E11),Concept!$L:$L,0)),IF(NOT(ISNA(MATCH(LOWER($O11&"|"&$E11),Concept!$M:$M,0))),INDEX(Concept!$A:$A,MATCH(LOWER($O11&"|"&$E11),Concept!$M:$M,0)),"")))) | R11: =IF($P11="","",IF(NOT(ISNA(MATCH(LOWER($P11&"|"&$E11),Region!$J:$J,0))),INDEX(Region!$A:$A,MATCH(LOWER($P11&"|"&$E11),Region!$J:$J,0)),IF(NOT(ISNA(MATCH(LOWER($P11&"|"&$E11),Region!$K:$K,0))),INDEX(Region!$A:$A,MATCH(LOWER($P11&"|"&$E11),Region!$K:$K,0)),""))) | S11: =IF($N11<>"ORGANIZATION","",IF(NOT(ISNA(MATCH($E11,Organization!$A:$A,0))),INDEX(Organization!$A:$A,MATCH($E11,Organization!$A:$A,0)),IF(NOT(ISNA(MATCH($E11,Organization!$B:$B,0))),INDEX(Organization!$A:$A,MATCH($E11,Organization!$B:$B,0)),IF(NOT(ISNA(MATCH($E11,Organization!$A:$A,0))),INDEX(Organization!$C:$C,MATCH($E11,Organization!$C:$C,0)),"")))) -> 0195d18c-1c92-0ed4-2e94-b4f66d82baf3 | T11: =INDEX(Col!$B:$B,MATCH($M11,Col!$A:$A,0)) -> 0198ef6d-8543-5ea8-9f20-a8177b2d28d2 | U11: =INDEX(Dim!$C:$C,MATCH($T11,Dim!$A:$A,0)) -> org2 | V11: =INDEX(Dim!$B:$B,MATCH($T11,Dim!$A:$A,0)) -> ORGANIZATION | W11: FALSE
A12: 0198ef6d-8543-d4c1-b8e7-b6f93524b895 | B12: =INDEX(_CaseData!$G:$G,MATCH($A12,_CaseData!$A:$A,0)) -> case_type1 | C12: 0198ef6d-8543-371a-179d-9c036f8c66f2 | D12: =INDEX(CaseTypeCol!$G:$G,MATCH($C12,CaseTypeCol!$A:$A,0)) -> case_type1.geo1_1 (GEO_REGION;PC_L4) | E12: 1011 | G12: =IF($W12,$X12,IF($E12="","",IF($N12="REGULAR_LANGUAGE",$E12,IF(OR($N12="NOMINAL",$N12="ORDINAL",$N12="INTERVAL"),$Q12,IF($N12="GEO_REGION",$R12,IF($N12="ORGANIZATION",$S12,$E12)))))) -> 0198ef6d-8543-98d5-9df4-4ac64d603502 | H12: =AND($I12:$J12) -> TRUE | I12: TRUE | J12: =K12=L12 -> TRUE | K12: =INDEX(_CaseData!$B:$B,MATCH($A12,_CaseData!$A:$A,0)) -> 0195d18c-1ca6-fd99-9d76-fcfa0c0cf400 | L12: =INDEX(CaseTypeCol!$B:$B,MATCH($C12,CaseTypeCol!$A:$A,0)) -> 0195d18c-1ca6-fd99-9d76-fcfa0c0cf400 | M12: =INDEX(CaseTypeCol!$D:$D,MATCH($C12,CaseTypeCol!$A:$A,0)) -> 0198ef6d-8543-13b8-702c-f36c6968d08f | N12: =INDEX(Col!$H:$H,MATCH($M12,Col!$A:$A,0)) -> GEO_REGION | O12: =IF(INDEX(Col!$I:$I,MATCH($M12,Col!$A:$A,0))="","",INDEX(Col!$I:$I,MATCH($M12,Col!$A:$A,0))) | P12: =IF(INDEX(Col!$K:$K,MATCH($M12,Col!$A:$A,0))="","",INDEX(Col!$K:$K,MATCH($M12,Col!$A:$A,0))) -> 0198ef6d-8543-92bb-3d7b-9a6b17e52c7d | Q12: =IF($O12="","",IF(NOT(ISNA(MATCH(LOWER($O12&"|"&$E12),Concept!$K:$K,0))),INDEX(Concept!$A:$A,MATCH(LOWER($O12&"|"&$E12),Concept!$K:$K,0)),IF(NOT(ISNA(MATCH(LOWER($O12&"|"&$E12),Concept!$L:$L,0))),INDEX(Concept!$A:$A,MATCH(LOWER($O12&"|"&$E12),Concept!$L:$L,0)),IF(NOT(ISNA(MATCH(LOWER($O12&"|"&$E12),Concept!$M:$M,0))),INDEX(Concept!$A:$A,MATCH(LOWER($O12&"|"&$E12),Concept!$M:$M,0)),"")))) | R12: =IF($P12="","",IF(NOT(ISNA(MATCH(LOWER($P12&"|"&$E12),Region!$J:$J,0))),INDEX(Region!$A:$A,MATCH(LOWER($P12&"|"&$E12),Region!$J:$J,0)),IF(NOT(ISNA(MATCH(LOWER($P12&"|"&$E12),Region!$K:$K,0))),INDEX(Region!$A:$A,MATCH(LOWER($P12&"|"&$E12),Region!$K:$K,0)),""))) -> 0198ef6d-8543-98d5-9df4-4ac64d603502 | S12: =IF($N12<>"ORGANIZATION","",IF(NOT(ISNA(MATCH($E12,Organization!$A:$A,0))),INDEX(Organization!$A:$A,MATCH($E12,Organization!$A:$A,0)),IF(NOT(ISNA(MATCH($E12,Organization!$B:$B,0))),INDEX(Organization!$A:$A,MATCH($E12,Organization!$B:$B,0)),IF(NOT(ISNA(MATCH($E12,Organization!$A:$A,0))),INDEX(Organization!$C:$C,MATCH($E12,Organization!$C:$C,0)),"")))) | T12: =INDEX(Col!$B:$B,MATCH($M12,Col!$A:$A,0)) -> 0198ef6d-8543-d4cb-e9cb-2c352f1baa30 | U12: =INDEX(Dim!$C:$C,MATCH($T12,Dim!$A:$A,0)) -> geo1 | V12: =INDEX(Dim!$B:$B,MATCH($T12,Dim!$A:$A,0)) -> GEO | W12: FALSE
A13: 0198ef6d-8543-d4c1-b8e7-b6f93524b895 | B13: =INDEX(_CaseData!$G:$G,MATCH($A13,_CaseData!$A:$A,0)) -> case_type1 | C13: 0198ef6d-8543-7325-a3c3-0be3c6d6193b | D13: =INDEX(CaseTypeCol!$G:$G,MATCH($C13,CaseTypeCol!$A:$A,0)) -> case_type1.geo1_2 (GEO_REGION;PC_L3) | E13: 101 | G13: =IF($W13,$X13,IF($E13="","",IF($N13="REGULAR_LANGUAGE",$E13,IF(OR($N13="NOMINAL",$N13="ORDINAL",$N13="INTERVAL"),$Q13,IF($N13="GEO_REGION",$R13,IF($N13="ORGANIZATION",$S13,$E13)))))) -> 0198ef6d-8543-dcdc-9496-52bc01e1c56d | H13: =AND($I13:$J13) -> TRUE | I13: TRUE | J13: =K13=L13 -> TRUE | K13: =INDEX(_CaseData!$B:$B,MATCH($A13,_CaseData!$A:$A,0)) -> 0195d18c-1ca6-fd99-9d76-fcfa0c0cf400 | L13: =INDEX(CaseTypeCol!$B:$B,MATCH($C13,CaseTypeCol!$A:$A,0)) -> 0195d18c-1ca6-fd99-9d76-fcfa0c0cf400 | M13: =INDEX(CaseTypeCol!$D:$D,MATCH($C13,CaseTypeCol!$A:$A,0)) -> 0198ef6d-8543-74d1-8cf2-4f5da375834f | N13: =INDEX(Col!$H:$H,MATCH($M13,Col!$A:$A,0)) -> GEO_REGION | O13: =IF(INDEX(Col!$I:$I,MATCH($M13,Col!$A:$A,0))="","",INDEX(Col!$I:$I,MATCH($M13,Col!$A:$A,0))) | P13: =IF(INDEX(Col!$K:$K,MATCH($M13,Col!$A:$A,0))="","",INDEX(Col!$K:$K,MATCH($M13,Col!$A:$A,0))) -> 0198ef6d-8543-0ad2-6a86-701cc690b0a4 | Q13: =IF($O13="","",IF(NOT(ISNA(MATCH(LOWER($O13&"|"&$E13),Concept!$K:$K,0))),INDEX(Concept!$A:$A,MATCH(LOWER($O13&"|"&$E13),Concept!$K:$K,0)),IF(NOT(ISNA(MATCH(LOWER($O13&"|"&$E13),Concept!$L:$L,0))),INDEX(Concept!$A:$A,MATCH(LOWER($O13&"|"&$E13),Concept!$L:$L,0)),IF(NOT(ISNA(MATCH(LOWER($O13&"|"&$E13),Concept!$M:$M,0))),INDEX(Concept!$A:$A,MATCH(LOWER($O13&"|"&$E13),Concept!$M:$M,0)),"")))) | R13: =IF($P13="","",IF(NOT(ISNA(MATCH(LOWER($P13&"|"&$E13),Region!$J:$J,0))),INDEX(Region!$A:$A,MATCH(LOWER($P13&"|"&$E13),Region!$J:$J,0)),IF(NOT(ISNA(MATCH(LOWER($P13&"|"&$E13),Region!$K:$K,0))),INDEX(Region!$A:$A,MATCH(LOWER($P13&"|"&$E13),Region!$K:$K,0)),""))) -> 0198ef6d-8543-dcdc-9496-52bc01e1c56d | S13: =IF($N13<>"ORGANIZATION","",IF(NOT(ISNA(MATCH($E13,Organization!$A:$A,0))),INDEX(Organization!$A:$A,MATCH($E13,Organization!$A:$A,0)),IF(NOT(ISNA(MATCH($E13,Organization!$B:$B,0))),INDEX(Organization!$A:$A,MATCH($E13,Organization!$B:$B,0)),IF(NOT(ISNA(MATCH($E13,Organization!$A:$A,0))),INDEX(Organization!$C:$C,MATCH($E13,Organization!$C:$C,0)),"")))) | T13: =INDEX(Col!$B:$B,MATCH($M13,Col!$A:$A,0)) -> 0198ef6d-8543-d4cb-e9cb-2c352f1baa30 | U13: =INDEX(Dim!$C:$C,MATCH($T13,Dim!$A:$A,0)) -> geo1 | V13: =INDEX(Dim!$B:$B,MATCH($T13,Dim!$A:$A,0)) -> GEO | W13: FALSE
... A31: 0198ef6d-8543-d4c1-b8e7-b6f93524b895 | B31: =INDEX(_CaseData!$G:$G,MATCH($A31,_CaseData!$A:$A,0)) -> case_type1 | C31: 0198ef6d-8543-6468-4596-cfc7b24c16e9 | D31: =INDEX(CaseTypeCol!$G:$G,MATCH($C31,CaseTypeCol!$A:$A,0)) -> case_type1.id2_1 (ID_PSEUDONYMISED) | E31: 0198ef6d-8543-5f5c-97f7-fa25919c719d | G31: =IF($W31,$X31,IF($E31="","",IF($N31="REGULAR_LANGUAGE",$E31,IF(OR($N31="NOMINAL",$N31="ORDINAL",$N31="INTERVAL"),$Q31,IF($N31="GEO_REGION",$R31,IF($N31="ORGANIZATION",$S31,$E31)))))) -> 0198ef6d-8543-5f5c-97f7-fa25919c719d | H31: =AND($I31:$J31) -> TRUE | I31: TRUE | J31: =K31=L31 -> TRUE | K31: =INDEX(_CaseData!$B:$B,MATCH($A31,_CaseData!$A:$A,0)) -> 0195d18c-1ca6-fd99-9d76-fcfa0c0cf400 | L31: =INDEX(CaseTypeCol!$B:$B,MATCH($C31,CaseTypeCol!$A:$A,0)) -> 0195d18c-1ca6-fd99-9d76-fcfa0c0cf400 | M31: =INDEX(CaseTypeCol!$D:$D,MATCH($C31,CaseTypeCol!$A:$A,0)) -> 0198ef6d-8543-7878-8fbe-0ddd72dfc52c | N31: =INDEX(Col!$H:$H,MATCH($M31,Col!$A:$A,0)) -> ID_PSEUDONYMISED | O31: =IF(INDEX(Col!$I:$I,MATCH($M31,Col!$A:$A,0))="","",INDEX(Col!$I:$I,MATCH($M31,Col!$A:$A,0))) | P31: =IF(INDEX(Col!$K:$K,MATCH($M31,Col!$A:$A,0))="","",INDEX(Col!$K:$K,MATCH($M31,Col!$A:$A,0))) | Q31: =IF($O31="","",IF(NOT(ISNA(MATCH(LOWER($O31&"|"&$E31),Concept!$K:$K,0))),INDEX(Concept!$A:$A,MATCH(LOWER($O31&"|"&$E31),Concept!$K:$K,0)),IF(NOT(ISNA(MATCH(LOWER($O31&"|"&$E31),Concept!$L:$L,0))),INDEX(Concept!$A:$A,MATCH(LOWER($O31&"|"&$E31),Concept!$L:$L,0)),IF(NOT(ISNA(MATCH(LOWER($O31&"|"&$E31),Concept!$M:$M,0))),INDEX(Concept!$A:$A,MATCH(LOWER($O31&"|"&$E31),Concept!$M:$M,0)),"")))) | R31: =IF($P31="","",IF(NOT(ISNA(MATCH(LOWER($P31&"|"&$E31),Region!$J:$J,0))),INDEX(Region!$A:$A,MATCH(LOWER($P31&"|"&$E31),Region!$J:$J,0)),IF(NOT(ISNA(MATCH(LOWER($P31&"|"&$E31),Region!$K:$K,0))),INDEX(Region!$A:$A,MATCH(LOWER($P31&"|"&$E31),Region!$K:$K,0)),""))) | S31: =IF($N31<>"ORGANIZATION","",IF(NOT(ISNA(MATCH($E31,Organization!$A:$A,0))),INDEX(Organization!$A:$A,MATCH($E31,Organization!$A:$A,0)),IF(NOT(ISNA(MATCH($E31,Organization!$B:$B,0))),INDEX(Organization!$A:$A,MATCH($E31,Organization!$B:$B,0)),IF(NOT(ISNA(MATCH($E31,Organization!$A:$A,0))),INDEX(Organization!$C:$C,MATCH($E31,Organization!$C:$C,0)),"")))) | T31: =INDEX(Col!$B:$B,MATCH($M31,Col!$A:$A,0)) -> 0198ef6d-8543-c781-d5a1-ba5569aaaf92 | U31: =INDEX(Dim!$C:$C,MATCH($T31,Dim!$A:$A,0)) -> id2 | V31: =INDEX(Dim!$B:$B,MATCH($T31,Dim!$A:$A,0)) -> IDENTIFIER | W31: FALSE
A32: 0198ef6d-8543-d4c1-b8e7-b6f93524b895 | B32: =INDEX(_CaseData!$G:$G,MATCH($A32,_CaseData!$A:$A,0)) -> case_type1 | C32: 0198ef6d-8543-2afc-2c12-93e895132544 | D32: =INDEX(CaseTypeCol!$G:$G,MATCH($C32,CaseTypeCol!$A:$A,0)) -> case_type1.number1_1 (DECIMAL_0) | E32: 19 | G32: =IF($W32,$X32,IF($E32="","",IF($N32="REGULAR_LANGUAGE",$E32,IF(OR($N32="NOMINAL",$N32="ORDINAL",$N32="INTERVAL"),$Q32,IF($N32="GEO_REGION",$R32,IF($N32="ORGANIZATION",$S32,$E32)))))) -> 19 | H32: =AND($I32:$J32) -> TRUE | I32: TRUE | J32: =K32=L32 -> TRUE | K32: =INDEX(_CaseData!$B:$B,MATCH($A32,_CaseData!$A:$A,0)) -> 0195d18c-1ca6-fd99-9d76-fcfa0c0cf400 | L32: =INDEX(CaseTypeCol!$B:$B,MATCH($C32,CaseTypeCol!$A:$A,0)) -> 0195d18c-1ca6-fd99-9d76-fcfa0c0cf400 | M32: =INDEX(CaseTypeCol!$D:$D,MATCH($C32,CaseTypeCol!$A:$A,0)) -> 0198ef6d-8543-c616-5348-1a00a03f4c57 | N32: =INDEX(Col!$H:$H,MATCH($M32,Col!$A:$A,0)) -> DECIMAL_0 | O32: =IF(INDEX(Col!$I:$I,MATCH($M32,Col!$A:$A,0))="","",INDEX(Col!$I:$I,MATCH($M32,Col!$A:$A,0))) | P32: =IF(INDEX(Col!$K:$K,MATCH($M32,Col!$A:$A,0))="","",INDEX(Col!$K:$K,MATCH($M32,Col!$A:$A,0))) | Q32: =IF($O32="","",IF(NOT(ISNA(MATCH(LOWER($O32&"|"&$E32),Concept!$K:$K,0))),INDEX(Concept!$A:$A,MATCH(LOWER($O32&"|"&$E32),Concept!$K:$K,0)),IF(NOT(ISNA(MATCH(LOWER($O32&"|"&$E32),Concept!$L:$L,0))),INDEX(Concept!$A:$A,MATCH(LOWER($O32&"|"&$E32),Concept!$L:$L,0)),IF(NOT(ISNA(MATCH(LOWER($O32&"|"&$E32),Concept!$M:$M,0))),INDEX(Concept!$A:$A,MATCH(LOWER($O32&"|"&$E32),Concept!$M:$M,0)),"")))) | R32: =IF($P32="","",IF(NOT(ISNA(MATCH(LOWER($P32&"|"&$E32),Region!$J:$J,0))),INDEX(Region!$A:$A,MATCH(LOWER($P32&"|"&$E32),Region!$J:$J,0)),IF(NOT(ISNA(MATCH(LOWER($P32&"|"&$E32),Region!$K:$K,0))),INDEX(Region!$A:$A,MATCH(LOWER($P32&"|"&$E32),Region!$K:$K,0)),""))) | S32: =IF($N32<>"ORGANIZATION","",IF(NOT(ISNA(MATCH($E32,Organization!$A:$A,0))),INDEX(Organization!$A:$A,MATCH($E32,Organization!$A:$A,0)),IF(NOT(ISNA(MATCH($E32,Organization!$B:$B,0))),INDEX(Organization!$A:$A,MATCH($E32,Organization!$B:$B,0)),IF(NOT(ISNA(MATCH($E32,Organization!$A:$A,0))),INDEX(Organization!$C:$C,MATCH($E32,Organization!$C:$C,0)),"")))) | T32: =INDEX(Col!$B:$B,MATCH($M32,Col!$A:$A,0)) -> 0198ef6d-8543-2e3c-58fa-85eca2a977c1 | U32: =INDEX(Dim!$C:$C,MATCH($T32,Dim!$A:$A,0)) -> number1 | V32: =INDEX(Dim!$B:$B,MATCH($T32,Dim!$A:$A,0)) -> NUMBER | W32: FALSE
A33: 0198ef6d-8543-d4c1-b8e7-b6f93524b895 | B33: =INDEX(_CaseData!$G:$G,MATCH($A33,_CaseData!$A:$A,0)) -> case_type1 | C33: 0198ef6d-8543-c453-7e15-c4a877df12b1 | D33: =INDEX(CaseTypeCol!$G:$G,MATCH($C33,CaseTypeCol!$A:$A,0)) -> case_type1.number1_1 (INTERVAL;Age in years, intervals 0, 5, 15, 25, 45, 65) | E33: 15-24 | G33: =IF($W33,$X33,IF($E33="","",IF($N33="REGULAR_LANGUAGE",$E33,IF(OR($N33="NOMINAL",$N33="ORDINAL",$N33="INTERVAL"),$Q33,IF($N33="GEO_REGION",$R33,IF($N33="ORGANIZATION",$S33,$E33)))))) -> 0198ef6d-8543-d03b-b9f4-f460fae89f04 | H33: =AND($I33:$J33) -> TRUE | I33: TRUE | J33: =K33=L33 -> TRUE | K33: =INDEX(_CaseData!$B:$B,MATCH($A33,_CaseData!$A:$A,0)) -> 0195d18c-1ca6-fd99-9d76-fcfa0c0cf400 | L33: =INDEX(CaseTypeCol!$B:$B,MATCH($C33,CaseTypeCol!$A:$A,0)) -> 0195d18c-1ca6-fd99-9d76-fcfa0c0cf400 | M33: =INDEX(CaseTypeCol!$D:$D,MATCH($C33,CaseTypeCol!$A:$A,0)) -> 0198ef6d-8543-d80f-bded-2df4b7df993d | N33: =INDEX(Col!$H:$H,MATCH($M33,Col!$A:$A,0)) -> INTERVAL | O33: =IF(INDEX(Col!$I:$I,MATCH($M33,Col!$A:$A,0))="","",INDEX(Col!$I:$I,MATCH($M33,Col!$A:$A,0))) -> 0198ef6d-8543-020d-44c5-53e813a46714 | P33: =IF(INDEX(Col!$K:$K,MATCH($M33,Col!$A:$A,0))="","",INDEX(Col!$K:$K,MATCH($M33,Col!$A:$A,0))) | Q33: =IF($O33="","",IF(NOT(ISNA(MATCH(LOWER($O33&"|"&$E33),Concept!$K:$K,0))),INDEX(Concept!$A:$A,MATCH(LOWER($O33&"|"&$E33),Concept!$K:$K,0)),IF(NOT(ISNA(MATCH(LOWER($O33&"|"&$E33),Concept!$L:$L,0))),INDEX(Concept!$A:$A,MATCH(LOWER($O33&"|"&$E33),Concept!$L:$L,0)),IF(NOT(ISNA(MATCH(LOWER($O33&"|"&$E33),Concept!$M:$M,0))),INDEX(Concept!$A:$A,MATCH(LOWER($O33&"|"&$E33),Concept!$M:$M,0)),"")))) -> 0198ef6d-8543-d03b-b9f4-f460fae89f04 | R33: =IF($P33="","",IF(NOT(ISNA(MATCH(LOWER($P33&"|"&$E33),Region!$J:$J,0))),INDEX(Region!$A:$A,MATCH(LOWER($P33&"|"&$E33),Region!$J:$J,0)),IF(NOT(ISNA(MATCH(LOWER($P33&"|"&$E33),Region!$K:$K,0))),INDEX(Region!$A:$A,MATCH(LOWER($P33&"|"&$E33),Region!$K:$K,0)),""))) | S33: =IF($N33<>"ORGANIZATION","",IF(NOT(ISNA(MATCH($E33,Organization!$A:$A,0))),INDEX(Organization!$A:$A,MATCH($E33,Organization!$A:$A,0)),IF(NOT(ISNA(MATCH($E33,Organization!$B:$B,0))),INDEX(Organization!$A:$A,MATCH($E33,Organization!$B:$B,0)),IF(NOT(ISNA(MATCH($E33,Organization!$A:$A,0))),INDEX(Organization!$C:$C,MATCH($E33,Organization!$C:$C,0)),"")))) | T33: =INDEX(Col!$B:$B,MATCH($M33,Col!$A:$A,0)) -> 0198ef6d-8543-2e3c-58fa-85eca2a977c1 | U33: =INDEX(Dim!$C:$C,MATCH($T33,Dim!$A:$A,0)) -> number1 | V33: =INDEX(Dim!$B:$B,MATCH($T33,Dim!$A:$A,0)) -> NUMBER | W33: FALSE
A34: 0198ef6d-8543-d4c1-b8e7-b6f93524b895 | B34: =INDEX(_CaseData!$G:$G,MATCH($A34,_CaseData!$A:$A,0)) -> case_type1 | C34: 0198ef6d-8543-2029-b59b-f9f9a653936a | D34: =INDEX(CaseTypeCol!$G:$G,MATCH($C34,CaseTypeCol!$A:$A,0)) -> case_type1.number1_1 (INTERVAL;Age in years, intervals 0, 5, 19, 65) | E34: 19-64 | G34: =IF($W34,$X34,IF($E34="","",IF($N34="REGULAR_LANGUAGE",$E34,IF(OR($N34="NOMINAL",$N34="ORDINAL",$N34="INTERVAL"),$Q34,IF($N34="GEO_REGION",$R34,IF($N34="ORGANIZATION",$S34,$E34)))))) -> 0198ef6d-8543-626b-c05d-de74547d3621 | H34: =AND($I34:$J34) -> TRUE | I34: TRUE | J34: =K34=L34 -> TRUE | K34: =INDEX(_CaseData!$B:$B,MATCH($A34,_CaseData!$A:$A,0)) -> 0195d18c-1ca6-fd99-9d76-fcfa0c0cf400 | L34: =INDEX(CaseTypeCol!$B:$B,MATCH($C34,CaseTypeCol!$A:$A,0)) -> 0195d18c-1ca6-fd99-9d76-fcfa0c0cf400 | M34: =INDEX(CaseTypeCol!$D:$D,MATCH($C34,CaseTypeCol!$A:$A,0)) -> 0198ef6d-8543-7e88-f9a1-238ceac18124 | N34: =INDEX(Col!$H:$H,MATCH($M34,Col!$A:$A,0)) -> INTERVAL | O34: =IF(INDEX(Col!$I:$I,MATCH($M34,Col!$A:$A,0))="","",INDEX(Col!$I:$I,MATCH($M34,Col!$A:$A,0))) -> 0198ef6d-8543-2a37-be54-7f7d24e1ed1d | P34: =IF(INDEX(Col!$K:$K,MATCH($M34,Col!$A:$A,0))="","",INDEX(Col!$K:$K,MATCH($M34,Col!$A:$A,0))) | Q34: =IF($O34="","",IF(NOT(ISNA(MATCH(LOWER($O34&"|"&$E34),Concept!$K:$K,0))),INDEX(Concept!$A:$A,MATCH(LOWER($O34&"|"&$E34),Concept!$K:$K,0)),IF(NOT(ISNA(MATCH(LOWER($O34&"|"&$E34),Concept!$L:$L,0))),INDEX(Concept!$A:$A,MATCH(LOWER($O34&"|"&$E34),Concept!$L:$L,0)),IF(NOT(ISNA(MATCH(LOWER($O34&"|"&$E34),Concept!$M:$M,0))),INDEX(Concept!$A:$A,MATCH(LOWER($O34&"|"&$E34),Concept!$M:$M,0)),"")))) -> 0198ef6d-8543-626b-c05d-de74547d3621 | R34: =IF($P34="","",IF(NOT(ISNA(MATCH(LOWER($P34&"|"&$E34),Region!$J:$J,0))),INDEX(Region!$A:$A,MATCH(LOWER($P34&"|"&$E34),Region!$J:$J,0)),IF(NOT(ISNA(MATCH(LOWER($P34&"|"&$E34),Region!$K:$K,0))),INDEX(Region!$A:$A,MATCH(LOWER($P34&"|"&$E34),Region!$K:$K,0)),""))) | S34: =IF($N34<>"ORGANIZATION","",IF(NOT(ISNA(MATCH($E34,Organization!$A:$A,0))),INDEX(Organization!$A:$A,MATCH($E34,Organization!$A:$A,0)),IF(NOT(ISNA(MATCH($E34,Organization!$B:$B,0))),INDEX(Organization!$A:$A,MATCH($E34,Organization!$B:$B,0)),IF(NOT(ISNA(MATCH($E34,Organization!$A:$A,0))),INDEX(Organization!$C:$C,MATCH($E34,Organization!$C:$C,0)),"")))) | T34: =INDEX(Col!$B:$B,MATCH($M34,Col!$A:$A,0)) -> 0198ef6d-8543-2e3c-58fa-85eca2a977c1 | U34: =INDEX(Dim!$C:$C,MATCH($T34,Dim!$A:$A,0)) -> number1 | V34: =INDEX(Dim!$B:$B,MATCH($T34,Dim!$A:$A,0)) -> NUMBER | W34: FALSE
A35: 0198ef6d-8543-d4c1-b8e7-b6f93524b895 | B35: =INDEX(_CaseData!$G:$G,MATCH($A35,_CaseData!$A:$A,0)) -> case_type1 | C35: 0198ef6d-8543-de89-1d51-d1a00a20cfe1 | D35: =INDEX(CaseTypeCol!$G:$G,MATCH($C35,CaseTypeCol!$A:$A,0)) -> case_type1.number2_1 (DECIMAL_2) | E35: 0.02 | G35: =IF($W35,$X35,IF($E35="","",IF($N35="REGULAR_LANGUAGE",$E35,IF(OR($N35="NOMINAL",$N35="ORDINAL",$N35="INTERVAL"),$Q35,IF($N35="GEO_REGION",$R35,IF($N35="ORGANIZATION",$S35,$E35)))))) -> 0.02 | H35: =AND($I35:$J35) -> TRUE | I35: TRUE | J35: =K35=L35 -> TRUE | K35: =INDEX(_CaseData!$B:$B,MATCH($A35,_CaseData!$A:$A,0)) -> 0195d18c-1ca6-fd99-9d76-fcfa0c0cf400 | L35: =INDEX(CaseTypeCol!$B:$B,MATCH($C35,CaseTypeCol!$A:$A,0)) -> 0195d18c-1ca6-fd99-9d76-fcfa0c0cf400 | M35: =INDEX(CaseTypeCol!$D:$D,MATCH($C35,CaseTypeCol!$A:$A,0)) -> 0198ef6d-8543-e39d-276c-4184424fa3b7 | N35: =INDEX(Col!$H:$H,MATCH($M35,Col!$A:$A,0)) -> DECIMAL_2 | O35: =IF(INDEX(Col!$I:$I,MATCH($M35,Col!$A:$A,0))="","",INDEX(Col!$I:$I,MATCH($M35,Col!$A:$A,0))) | P35: =IF(INDEX(Col!$K:$K,MATCH($M35,Col!$A:$A,0))="","",INDEX(Col!$K:$K,MATCH($M35,Col!$A:$A,0))) | Q35: =IF($O35="","",IF(NOT(ISNA(MATCH(LOWER($O35&"|"&$E35),Concept!$K:$K,0))),INDEX(Concept!$A:$A,MATCH(LOWER($O35&"|"&$E35),Concept!$K:$K,0)),IF(NOT(ISNA(MATCH(LOWER($O35&"|"&$E35),Concept!$L:$L,0))),INDEX(Concept!$A:$A,MATCH(LOWER($O35&"|"&$E35),Concept!$L:$L,0)),IF(NOT(ISNA(MATCH(LOWER($O35&"|"&$E35),Concept!$M:$M,0))),INDEX(Concept!$A:$A,MATCH(LOWER($O35&"|"&$E35),Concept!$M:$M,0)),"")))) | R35: =IF($P35="","",IF(NOT(ISNA(MATCH(LOWER($P35&"|"&$E35),Region!$J:$J,0))),INDEX(Region!$A:$A,MATCH(LOWER($P35&"|"&$E35),Region!$J:$J,0)),IF(NOT(ISNA(MATCH(LOWER($P35&"|"&$E35),Region!$K:$K,0))),INDEX(Region!$A:$A,MATCH(LOWER($P35&"|"&$E35),Region!$K:$K,0)),""))) | S35: =IF($N35<>"ORGANIZATION","",IF(NOT(ISNA(MATCH($E35,Organization!$A:$A,0))),INDEX(Organization!$A:$A,MATCH($E35,Organization!$A:$A,0)),IF(NOT(ISNA(MATCH($E35,Organization!$B:$B,0))),INDEX(Organization!$A:$A,MATCH($E35,Organization!$B:$B,0)),IF(NOT(ISNA(MATCH($E35,Organization!$A:$A,0))),INDEX(Organization!$C:$C,MATCH($E35,Organization!$C:$C,0)),"")))) | T35: =INDEX(Col!$B:$B,MATCH($M35,Col!$A:$A,0)) -> 0198ef6d-8543-ca89-d050-715e4e6f5013 | U35: =INDEX(Dim!$C:$C,MATCH($T35,Dim!$A:$A,0)) -> number2 | V35: =INDEX(Dim!$B:$B,MATCH($T35,Dim!$A:$A,0)) -> NUMBER | W35: FALSE
A36: 0198ef6d-8543-d4c1-b8e7-b6f93524b895 | B36: =INDEX(_CaseData!$G:$G,MATCH($A36,_CaseData!$A:$A,0)) -> case_type1 | C36: 0198ef6d-8543-2da2-cd65-fdc03f304e9b | D36: =INDEX(CaseTypeCol!$G:$G,MATCH($C36,CaseTypeCol!$A:$A,0)) -> case_type1.number2_1 (INTERVAL;Age in months, intervals 0, 1, 2, 3) | E36: 1M | G36: =IF($W36,$X36,IF($E36="","",IF($N36="REGULAR_LANGUAGE",$E36,IF(OR($N36="NOMINAL",$N36="ORDINAL",$N36="INTERVAL"),$Q36,IF($N36="GEO_REGION",$R36,IF($N36="ORGANIZATION",$S36,$E36)))))) -> 0198ef6d-8543-9248-0edb-2477c9364381 | H36: =AND($I36:$J36) -> TRUE | I36: TRUE | J36: =K36=L36 -> TRUE | K36: =INDEX(_CaseData!$B:$B,MATCH($A36,_CaseData!$A:$A,0)) -> 0195d18c-1ca6-fd99-9d76-fcfa0c0cf400 | L36: =INDEX(CaseTypeCol!$B:$B,MATCH($C36,CaseTypeCol!$A:$A,0)) -> 0195d18c-1ca6-fd99-9d76-fcfa0c0cf400 | M36: =INDEX(CaseTypeCol!$D:$D,MATCH($C36,CaseTypeCol!$A:$A,0)) -> 0198ef6d-8543-4cc4-3dfd-ec8b31c48f5d | N36: =INDEX(Col!$H:$H,MATCH($M36,Col!$A:$A,0)) -> INTERVAL | O36: =IF(INDEX(Col!$I:$I,MATCH($M36,Col!$A:$A,0))="","",INDEX(Col!$I:$I,MATCH($M36,Col!$A:$A,0))) -> 0198ef6d-8543-cb6b-0c98-c2a7e640e10d | P36: =IF(INDEX(Col!$K:$K,MATCH($M36,Col!$A:$A,0))="","",INDEX(Col!$K:$K,MATCH($M36,Col!$A:$A,0))) | Q36: =IF($O36="","",IF(NOT(ISNA(MATCH(LOWER($O36&"|"&$E36),Concept!$K:$K,0))),INDEX(Concept!$A:$A,MATCH(LOWER($O36&"|"&$E36),Concept!$K:$K,0)),IF(NOT(ISNA(MATCH(LOWER($O36&"|"&$E36),Concept!$L:$L,0))),INDEX(Concept!$A:$A,MATCH(LOWER($O36&"|"&$E36),Concept!$L:$L,0)),IF(NOT(ISNA(MATCH(LOWER($O36&"|"&$E36),Concept!$M:$M,0))),INDEX(Concept!$A:$A,MATCH(LOWER($O36&"|"&$E36),Concept!$M:$M,0)),"")))) -> 0198ef6d-8543-9248-0edb-2477c9364381 | R36: =IF($P36="","",IF(NOT(ISNA(MATCH(LOWER($P36&"|"&$E36),Region!$J:$J,0))),INDEX(Region!$A:$A,MATCH(LOWER($P36&"|"&$E36),Region!$J:$J,0)),IF(NOT(ISNA(MATCH(LOWER($P36&"|"&$E36),Region!$K:$K,0))),INDEX(Region!$A:$A,MATCH(LOWER($P36&"|"&$E36),Region!$K:$K,0)),""))) | S36: =IF($N36<>"ORGANIZATION","",IF(NOT(ISNA(MATCH($E36,Organization!$A:$A,0))),INDEX(Organization!$A:$A,MATCH($E36,Organization!$A:$A,0)),IF(NOT(ISNA(MATCH($E36,Organization!$B:$B,0))),INDEX(Organization!$A:$A,MATCH($E36,Organization!$B:$B,0)),IF(NOT(ISNA(MATCH($E36,Organization!$A:$A,0))),INDEX(Organization!$C:$C,MATCH($E36,Organization!$C:$C,0)),"")))) | T36: =INDEX(Col!$B:$B,MATCH($M36,Col!$A:$A,0)) -> 0198ef6d-8543-ca89-d050-715e4e6f5013 | U36: =INDEX(Dim!$C:$C,MATCH($T36,Dim!$A:$A,0)) -> number2 | V36: =INDEX(Dim!$B:$B,MATCH($T36,Dim!$A:$A,0)) -> NUMBER | W36: FALSE
A37: 0198ef6d-8543-d4c1-b8e7-b6f93524b895 | B37: =INDEX(_CaseData!$G:$G,MATCH($A37,_CaseData!$A:$A,0)) -> case_type1 | C37: 0198ef6d-8543-90ee-8214-09a6f499e9d9 | D37: =INDEX(CaseTypeCol!$G:$G,MATCH($C37,CaseTypeCol!$A:$A,0)) -> case_type1.number2_1 (INTERVAL;Age in years, intervals 0, 15, 25, 35, 45) | E37: 0 | G37: =IF($W37,$X37,IF($E37="","",IF($N37="REGULAR_LANGUAGE",$E37,IF(OR($N37="NOMINAL",$N37="ORDINAL",$N37="INTERVAL"),$Q37,IF($N37="GEO_REGION",$R37,IF($N37="ORGANIZATION",$S37,$E37)))))) | H37: =AND($I37:$J37) -> TRUE | I37: TRUE | J37: =K37=L37 -> TRUE | K37: =INDEX(_CaseData!$B:$B,MATCH($A37,_CaseData!$A:$A,0)) -> 0195d18c-1ca6-fd99-9d76-fcfa0c0cf400 | L37: =INDEX(CaseTypeCol!$B:$B,MATCH($C37,CaseTypeCol!$A:$A,0)) -> 0195d18c-1ca6-fd99-9d76-fcfa0c0cf400 | M37: =INDEX(CaseTypeCol!$D:$D,MATCH($C37,CaseTypeCol!$A:$A,0)) -> 0198ef6d-8543-5969-bc68-05db01d72683 | N37: =INDEX(Col!$H:$H,MATCH($M37,Col!$A:$A,0)) -> INTERVAL | O37: =IF(INDEX(Col!$I:$I,MATCH($M37,Col!$A:$A,0))="","",INDEX(Col!$I:$I,MATCH($M37,Col!$A:$A,0))) -> 0198ef6d-8543-f668-cedc-b78f8e3bc412 | P37: =IF(INDEX(Col!$K:$K,MATCH($M37,Col!$A:$A,0))="","",INDEX(Col!$K:$K,MATCH($M37,Col!$A:$A,0))) | Q37: =IF($O37="","",IF(NOT(ISNA(MATCH(LOWER($O37&"|"&$E37),Concept!$K:$K,0))),INDEX(Concept!$A:$A,MATCH(LOWER($O37&"|"&$E37),Concept!$K:$K,0)),IF(NOT(ISNA(MATCH(LOWER($O37&"|"&$E37),Concept!$L:$L,0))),INDEX(Concept!$A:$A,MATCH(LOWER($O37&"|"&$E37),Concept!$L:$L,0)),IF(NOT(ISNA(MATCH(LOWER($O37&"|"&$E37),Concept!$M:$M,0))),INDEX(Concept!$A:$A,MATCH(LOWER($O37&"|"&$E37),Concept!$M:$M,0)),"")))) | R37: =IF($P37="","",IF(NOT(ISNA(MATCH(LOWER($P37&"|"&$E37),Region!$J:$J,0))),INDEX(Region!$A:$A,MATCH(LOWER($P37&"|"&$E37),Region!$J:$J,0)),IF(NOT(ISNA(MATCH(LOWER($P37&"|"&$E37),Region!$K:$K,0))),INDEX(Region!$A:$A,MATCH(LOWER($P37&"|"&$E37),Region!$K:$K,0)),""))) | S37: =IF($N37<>"ORGANIZATION","",IF(NOT(ISNA(MATCH($E37,Organization!$A:$A,0))),INDEX(Organization!$A:$A,MATCH($E37,Organization!$A:$A,0)),IF(NOT(ISNA(MATCH($E37,Organization!$B:$B,0))),INDEX(Organization!$A:$A,MATCH($E37,Organization!$B:$B,0)),IF(NOT(ISNA(MATCH($E37,Organization!$A:$A,0))),INDEX(Organization!$C:$C,MATCH($E37,Organization!$C:$C,0)),"")))) | T37: =INDEX(Col!$B:$B,MATCH($M37,Col!$A:$A,0)) -> 0198ef6d-8543-ca89-d050-715e4e6f5013 | U37: =INDEX(Dim!$C:$C,MATCH($T37,Dim!$A:$A,0)) -> number2 | V37: =INDEX(Dim!$B:$B,MATCH($T37,Dim!$A:$A,0)) -> NUMBER | W37: FALSE
A38: 0198ef6d-8543-d4c1-b8e7-b6f93524b895 | B38: =INDEX(_CaseData!$G:$G,MATCH($A38,_CaseData!$A:$A,0)) -> case_type1 | C38: 0198ef6d-8543-a456-618e-e443bc0d35e9 | D38: =INDEX(CaseTypeCol!$G:$G,MATCH($C38,CaseTypeCol!$A:$A,0)) -> case_type1.other1_1 (OTHER) | E38: OTHER1_1 | G38: =IF($W38,$X38,IF($E38="","",IF($N38="REGULAR_LANGUAGE",$E38,IF(OR($N38="NOMINAL",$N38="ORDINAL",$N38="INTERVAL"),$Q38,IF($N38="GEO_REGION",$R38,IF($N38="ORGANIZATION",$S38,$E38)))))) -> OTHER1_1 | H38: =AND($I38:$J38) -> TRUE | I38: TRUE | J38: =K38=L38 -> TRUE | K38: =INDEX(_CaseData!$B:$B,MATCH($A38,_CaseData!$A:$A,0)) -> 0195d18c-1ca6-fd99-9d76-fcfa0c0cf400 | L38: =INDEX(CaseTypeCol!$B:$B,MATCH($C38,CaseTypeCol!$A:$A,0)) -> 0195d18c-1ca6-fd99-9d76-fcfa0c0cf400 | M38: =INDEX(CaseTypeCol!$D:$D,MATCH($C38,CaseTypeCol!$A:$A,0)) -> 0198ef6d-8543-48c7-ff84-ba2c574cb664 | N38: =INDEX(Col!$H:$H,MATCH($M38,Col!$A:$A,0)) -> OTHER | O38: =IF(INDEX(Col!$I:$I,MATCH($M38,Col!$A:$A,0))="","",INDEX(Col!$I:$I,MATCH($M38,Col!$A:$A,0))) | P38: =IF(INDEX(Col!$K:$K,MATCH($M38,Col!$A:$A,0))="","",INDEX(Col!$K:$K,MATCH($M38,Col!$A:$A,0))) | Q38: =IF($O38="","",IF(NOT(ISNA(MATCH(LOWER($O38&"|"&$E38),Concept!$K:$K,0))),INDEX(Concept!$A:$A,MATCH(LOWER($O38&"|"&$E38),Concept!$K:$K,0)),IF(NOT(ISNA(MATCH(LOWER($O38&"|"&$E38),Concept!$L:$L,0))),INDEX(Concept!$A:$A,MATCH(LOWER($O38&"|"&$E38),Concept!$L:$L,0)),IF(NOT(ISNA(MATCH(LOWER($O38&"|"&$E38),Concept!$M:$M,0))),INDEX(Concept!$A:$A,MATCH(LOWER($O38&"|"&$E38),Concept!$M:$M,0)),"")))) | R38: =IF($P38="","",IF(NOT(ISNA(MATCH(LOWER($P38&"|"&$E38),Region!$J:$J,0))),INDEX(Region!$A:$A,MATCH(LOWER($P38&"|"&$E38),Region!$J:$J,0)),IF(NOT(ISNA(MATCH(LOWER($P38&"|"&$E38),Region!$K:$K,0))),INDEX(Region!$A:$A,MATCH(LOWER($P38&"|"&$E38),Region!$K:$K,0)),""))) | S38: =IF($N38<>"ORGANIZATION","",IF(NOT(ISNA(MATCH($E38,Organization!$A:$A,0))),INDEX(Organization!$A:$A,MATCH($E38,Organization!$A:$A,0)),IF(NOT(ISNA(MATCH($E38,Organization!$B:$B,0))),INDEX(Organization!$A:$A,MATCH($E38,Organization!$B:$B,0)),IF(NOT(ISNA(MATCH($E38,Organization!$A:$A,0))),INDEX(Organization!$C:$C,MATCH($E38,Organization!$C:$C,0)),"")))) | T38: =INDEX(Col!$B:$B,MATCH($M38,Col!$A:$A,0)) -> 0198ef6d-8543-464e-e152-42bb0dc00713 | U38: =INDEX(Dim!$C:$C,MATCH($T38,Dim!$A:$A,0)) -> other1 | V38: =INDEX(Dim!$B:$B,MATCH($T38,Dim!$A:$A,0)) -> OTHER | W38: FALSE
A39: 0198ef6d-8543-d4c1-b8e7-b6f93524b895 | B39: =INDEX(_CaseData!$G:$G,MATCH($A39,_CaseData!$A:$A,0)) -> case_type1 | C39: 0198ef6d-8543-5532-be80-6c8a18c388da | D39: =INDEX(CaseTypeCol!$G:$G,MATCH($C39,CaseTypeCol!$A:$A,0)) -> case_type1.other2_1 (OTHER) | E39: OTHER2_1 | G39: =IF($W39,$X39,IF($E39="","",IF($N39="REGULAR_LANGUAGE",$E39,IF(OR($N39="NOMINAL",$N39="ORDINAL",$N39="INTERVAL"),$Q39,IF($N39="GEO_REGION",$R39,IF($N39="ORGANIZATION",$S39,$E39)))))) -> OTHER2_1 | H39: =AND($I39:$J39) -> TRUE | I39: TRUE | J39: =K39=L39 -> TRUE | K39: =INDEX(_CaseData!$B:$B,MATCH($A39,_CaseData!$A:$A,0)) -> 0195d18c-1ca6-fd99-9d76-fcfa0c0cf400 | L39: =INDEX(CaseTypeCol!$B:$B,MATCH($C39,CaseTypeCol!$A:$A,0)) -> 0195d18c-1ca6-fd99-9d76-fcfa0c0cf400 | M39: =INDEX(CaseTypeCol!$D:$D,MATCH($C39,CaseTypeCol!$A:$A,0)) -> 0198ef6d-8543-6928-904b-2f24d48dec5d | N39: =INDEX(Col!$H:$H,MATCH($M39,Col!$A:$A,0)) -> OTHER | O39: =IF(INDEX(Col!$I:$I,MATCH($M39,Col!$A:$A,0))="","",INDEX(Col!$I:$I,MATCH($M39,Col!$A:$A,0))) | P39: =IF(INDEX(Col!$K:$K,MATCH($M39,Col!$A:$A,0))="","",INDEX(Col!$K:$K,MATCH($M39,Col!$A:$A,0))) | Q39: =IF($O39="","",IF(NOT(ISNA(MATCH(LOWER($O39&"|"&$E39),Concept!$K:$K,0))),INDEX(Concept!$A:$A,MATCH(LOWER($O39&"|"&$E39),Concept!$K:$K,0)),IF(NOT(ISNA(MATCH(LOWER($O39&"|"&$E39),Concept!$L:$L,0))),INDEX(Concept!$A:$A,MATCH(LOWER($O39&"|"&$E39),Concept!$L:$L,0)),IF(NOT(ISNA(MATCH(LOWER($O39&"|"&$E39),Concept!$M:$M,0))),INDEX(Concept!$A:$A,MATCH(LOWER($O39&"|"&$E39),Concept!$M:$M,0)),"")))) | R39: =IF($P39="","",IF(NOT(ISNA(MATCH(LOWER($P39&"|"&$E39),Region!$J:$J,0))),INDEX(Region!$A:$A,MATCH(LOWER($P39&"|"&$E39),Region!$J:$J,0)),IF(NOT(ISNA(MATCH(LOWER($P39&"|"&$E39),Region!$K:$K,0))),INDEX(Region!$A:$A,MATCH(LOWER($P39&"|"&$E39),Region!$K:$K,0)),""))) | S39: =IF($N39<>"ORGANIZATION","",IF(NOT(ISNA(MATCH($E39,Organization!$A:$A,0))),INDEX(Organization!$A:$A,MATCH($E39,Organization!$A:$A,0)),IF(NOT(ISNA(MATCH($E39,Organization!$B:$B,0))),INDEX(Organization!$A:$A,MATCH($E39,Organization!$B:$B,0)),IF(NOT(ISNA(MATCH($E39,Organization!$A:$A,0))),INDEX(Organization!$C:$C,MATCH($E39,Organization!$C:$C,0)),"")))) | T39: =INDEX(Col!$B:$B,MATCH($M39,Col!$A:$A,0)) -> 0198ef6d-8543-4209-5045-1bdd507593a7 | U39: =INDEX(Dim!$C:$C,MATCH($T39,Dim!$A:$A,0)) -> other2 | V39: =INDEX(Dim!$B:$B,MATCH($T39,Dim!$A:$A,0)) -> OTHER | W39: FALSE
A40: 0198ef6d-8543-9674-3177-8a8c8da8bc3f | B40: =INDEX(_CaseData!$G:$G,MATCH($A40,_CaseData!$A:$A,0)) -> case_type2 | C40: 0198ef6d-8543-daa3-3b64-47a0bed70d1b | D40: =INDEX(CaseTypeCol!$G:$G,MATCH($C40,CaseTypeCol!$A:$A,0)) -> case_type2.nominal1_1 (NOMINAL;Nominal_1) | E40: CATEGORY1_1 | G40: =IF($W40,$X40,IF($E40="","",IF($N40="REGULAR_LANGUAGE",$E40,IF(OR($N40="NOMINAL",$N40="ORDINAL",$N40="INTERVAL"),$Q40,IF($N40="GEO_REGION",$R40,IF($N40="ORGANIZATION",$S40,$E40)))))) -> 0198ef6d-8543-1558-187c-47880d4b485e | H40: =AND($I40:$J40) -> TRUE | I40: TRUE | J40: =K40=L40 -> TRUE | K40: =INDEX(_CaseData!$B:$B,MATCH($A40,_CaseData!$A:$A,0)) -> 0195d18c-1ca6-752a-ec56-ed1b3d0cb095 | L40: =INDEX(CaseTypeCol!$B:$B,MATCH($C40,CaseTypeCol!$A:$A,0)) -> 0195d18c-1ca6-752a-ec56-ed1b3d0cb095 | M40: =INDEX(CaseTypeCol!$D:$D,MATCH($C40,CaseTypeCol!$A:$A,0)) -> 0198ef6d-8543-eb2b-e8cd-6ad2e7ad4523 | N40: =INDEX(Col!$H:$H,MATCH($M40,Col!$A:$A,0)) -> NOMINAL | O40: =IF(INDEX(Col!$I:$I,MATCH($M40,Col!$A:$A,0))="","",INDEX(Col!$I:$I,MATCH($M40,Col!$A:$A,0))) -> 0198ef6d-8543-90a8-a647-ae05912c77ba | P40: =IF(INDEX(Col!$K:$K,MATCH($M40,Col!$A:$A,0))="","",INDEX(Col!$K:$K,MATCH($M40,Col!$A:$A,0))) | Q40: =IF($O40="","",IF(NOT(ISNA(MATCH(LOWER($O40&"|"&$E40),Concept!$K:$K,0))),INDEX(Concept!$A:$A,MATCH(LOWER($O40&"|"&$E40),Concept!$K:$K,0)),IF(NOT(ISNA(MATCH(LOWER($O40&"|"&$E40),Concept!$L:$L,0))),INDEX(Concept!$A:$A,MATCH(LOWER($O40&"|"&$E40),Concept!$L:$L,0)),IF(NOT(ISNA(MATCH(LOWER($O40&"|"&$E40),Concept!$M:$M,0))),INDEX(Concept!$A:$A,MATCH(LOWER($O40&"|"&$E40),Concept!$M:$M,0)),"")))) -> 0198ef6d-8543-1558-187c-47880d4b485e | R40: =IF($P40="","",IF(NOT(ISNA(MATCH(LOWER($P40&"|"&$E40),Region!$J:$J,0))),INDEX(Region!$A:$A,MATCH(LOWER($P40&"|"&$E40),Region!$J:$J,0)),IF(NOT(ISNA(MATCH(LOWER($P40&"|"&$E40),Region!$K:$K,0))),INDEX(Region!$A:$A,MATCH(LOWER($P40&"|"&$E40),Region!$K:$K,0)),""))) | S40: =IF($N40<>"ORGANIZATION","",IF(NOT(ISNA(MATCH($E40,Organization!$A:$A,0))),INDEX(Organization!$A:$A,MATCH($E40,Organization!$A:$A,0)),IF(NOT(ISNA(MATCH($E40,Organization!$B:$B,0))),INDEX(Organization!$A:$A,MATCH($E40,Organization!$B:$B,0)),IF(NOT(ISNA(MATCH($E40,Organization!$A:$A,0))),INDEX(Organization!$C:$C,MATCH($E40,Organization!$C:$C,0)),"")))) | T40: =INDEX(Col!$B:$B,MATCH($M40,Col!$A:$A,0)) -> 0198ef6d-8543-8d7e-a786-a78961958b68 | U40: =INDEX(Dim!$C:$C,MATCH($T40,Dim!$A:$A,0)) -> nominal1 | V40: =INDEX(Dim!$B:$B,MATCH($T40,Dim!$A:$A,0)) -> TEXT | W40: FALSE
A41: 0198ef6d-8543-9674-3177-8a8c8da8bc3f | B41: =INDEX(_CaseData!$G:$G,MATCH($A41,_CaseData!$A:$A,0)) -> case_type2 | C41: 0198ef6d-8543-7ab3-ba92-5fa2af40f240 | D41: =INDEX(CaseTypeCol!$G:$G,MATCH($C41,CaseTypeCol!$A:$A,0)) -> case_type2.ordinal1_1 (ORDINAL;Ordinal_1) | E41: RANK1_1 | G41: =IF($W41,$X41,IF($E41="","",IF($N41="REGULAR_LANGUAGE",$E41,IF(OR($N41="NOMINAL",$N41="ORDINAL",$N41="INTERVAL"),$Q41,IF($N41="GEO_REGION",$R41,IF($N41="ORGANIZATION",$S41,$E41)))))) -> 0198ef6d-8543-73c8-d3af-92aa66e44b8c | H41: =AND($I41:$J41) -> TRUE | I41: TRUE | J41: =K41=L41 -> TRUE | K41: =INDEX(_CaseData!$B:$B,MATCH($A41,_CaseData!$A:$A,0)) -> 0195d18c-1ca6-752a-ec56-ed1b3d0cb095 | L41: =INDEX(CaseTypeCol!$B:$B,MATCH($C41,CaseTypeCol!$A:$A,0)) -> 0195d18c-1ca6-752a-ec56-ed1b3d0cb095 | M41: =INDEX(CaseTypeCol!$D:$D,MATCH($C41,CaseTypeCol!$A:$A,0)) -> 0198ef6d-8543-50ea-8c7a-9f5c1a8041c4 | N41: =INDEX(Col!$H:$H,MATCH($M41,Col!$A:$A,0)) -> ORDINAL | O41: =IF(INDEX(Col!$I:$I,MATCH($M41,Col!$A:$A,0))="","",INDEX(Col!$I:$I,MATCH($M41,Col!$A:$A,0))) -> 0198ef6d-8543-b279-03a6-da9684b42b08 | P41: =IF(INDEX(Col!$K:$K,MATCH($M41,Col!$A:$A,0))="","",INDEX(Col!$K:$K,MATCH($M41,Col!$A:$A,0))) | Q41: =IF($O41="","",IF(NOT(ISNA(MATCH(LOWER($O41&"|"&$E41),Concept!$K:$K,0))),INDEX(Concept!$A:$A,MATCH(LOWER($O41&"|"&$E41),Concept!$K:$K,0)),IF(NOT(ISNA(MATCH(LOWER($O41&"|"&$E41),Concept!$L:$L,0))),INDEX(Concept!$A:$A,MATCH(LOWER($O41&"|"&$E41),Concept!$L:$L,0)),IF(NOT(ISNA(MATCH(LOWER($O41&"|"&$E41),Concept!$M:$M,0))),INDEX(Concept!$A:$A,MATCH(LOWER($O41&"|"&$E41),Concept!$M:$M,0)),"")))) -> 0198ef6d-8543-73c8-d3af-92aa66e44b8c | R41: =IF($P41="","",IF(NOT(ISNA(MATCH(LOWER($P41&"|"&$E41),Region!$J:$J,0))),INDEX(Region!$A:$A,MATCH(LOWER($P41&"|"&$E41),Region!$J:$J,0)),IF(NOT(ISNA(MATCH(LOWER($P41&"|"&$E41),Region!$K:$K,0))),INDEX(Region!$A:$A,MATCH(LOWER($P41&"|"&$E41),Region!$K:$K,0)),""))) | S41: =IF($N41<>"ORGANIZATION","",IF(NOT(ISNA(MATCH($E41,Organization!$A:$A,0))),INDEX(Organization!$A:$A,MATCH($E41,Organization!$A:$A,0)),IF(NOT(ISNA(MATCH($E41,Organization!$B:$B,0))),INDEX(Organization!$A:$A,MATCH($E41,Organization!$B:$B,0)),IF(NOT(ISNA(MATCH($E41,Organization!$A:$A,0))),INDEX(Organization!$C:$C,MATCH($E41,Organization!$C:$C,0)),"")))) | T41: =INDEX(Col!$B:$B,MATCH($M41,Col!$A:$A,0)) -> 0198ef6d-8543-4b57-ccc7-1e34bcca2de1 | U41: =INDEX(Dim!$C:$C,MATCH($T41,Dim!$A:$A,0)) -> ordinal1 | V41: =INDEX(Dim!$B:$B,MATCH($T41,Dim!$A:$A,0)) -> TEXT | W41: FALSE
A42: 0198ef6d-8543-9674-3177-8a8c8da8bc3f | B42: =INDEX(_CaseData!$G:$G,MATCH($A42,_CaseData!$A:$A,0)) -> case_type2 | C42: 0198ef6d-8543-0e30-d86c-c2c7095525ec | D42: =INDEX(CaseTypeCol!$G:$G,MATCH($C42,CaseTypeCol!$A:$A,0)) -> case_type2.regex1_1 (REGULAR_LANGUAGE;Regex_1) | E42: A1 | G42: =IF($W42,$X42,IF($E42="","",IF($N42="REGULAR_LANGUAGE",$E42,IF(OR($N42="NOMINAL",$N42="ORDINAL",$N42="INTERVAL"),$Q42,IF($N42="GEO_REGION",$R42,IF($N42="ORGANIZATION",$S42,$E42)))))) -> A1 | H42: =AND($I42:$J42) -> TRUE | I42: TRUE | J42: =K42=L42 -> TRUE | K42: =INDEX(_CaseData!$B:$B,MATCH($A42,_CaseData!$A:$A,0)) -> 0195d18c-1ca6-752a-ec56-ed1b3d0cb095 | L42: =INDEX(CaseTypeCol!$B:$B,MATCH($C42,CaseTypeCol!$A:$A,0)) -> 0195d18c-1ca6-752a-ec56-ed1b3d0cb095 | M42: =INDEX(CaseTypeCol!$D:$D,MATCH($C42,CaseTypeCol!$A:$A,0)) -> 0198ef6d-8543-479e-1e7a-3428fa97ebc7 | N42: =INDEX(Col!$H:$H,MATCH($M42,Col!$A:$A,0)) -> REGULAR_LANGUAGE | O42: =IF(INDEX(Col!$I:$I,MATCH($M42,Col!$A:$A,0))="","",INDEX(Col!$I:$I,MATCH($M42,Col!$A:$A,0))) -> 0198ef6d-8543-a151-ab47-0394a80e2a05 | P42: =IF(INDEX(Col!$K:$K,MATCH($M42,Col!$A:$A,0))="","",INDEX(Col!$K:$K,MATCH($M42,Col!$A:$A,0))) | Q42: =IF($O42="","",IF(NOT(ISNA(MATCH(LOWER($O42&"|"&$E42),Concept!$K:$K,0))),INDEX(Concept!$A:$A,MATCH(LOWER($O42&"|"&$E42),Concept!$K:$K,0)),IF(NOT(ISNA(MATCH(LOWER($O42&"|"&$E42),Concept!$L:$L,0))),INDEX(Concept!$A:$A,MATCH(LOWER($O42&"|"&$E42),Concept!$L:$L,0)),IF(NOT(ISNA(MATCH(LOWER($O42&"|"&$E42),Concept!$M:$M,0))),INDEX(Concept!$A:$A,MATCH(LOWER($O42&"|"&$E42),Concept!$M:$M,0)),"")))) | R42: =IF($P42="","",IF(NOT(ISNA(MATCH(LOWER($P42&"|"&$E42),Region!$J:$J,0))),INDEX(Region!$A:$A,MATCH(LOWER($P42&"|"&$E42),Region!$J:$J,0)),IF(NOT(ISNA(MATCH(LOWER($P42&"|"&$E42),Region!$K:$K,0))),INDEX(Region!$A:$A,MATCH(LOWER($P42&"|"&$E42),Region!$K:$K,0)),""))) | S42: =IF($N42<>"ORGANIZATION","",IF(NOT(ISNA(MATCH($E42,Organization!$A:$A,0))),INDEX(Organization!$A:$A,MATCH($E42,Organization!$A:$A,0)),IF(NOT(ISNA(MATCH($E42,Organization!$B:$B,0))),INDEX(Organization!$A:$A,MATCH($E42,Organization!$B:$B,0)),IF(NOT(ISNA(MATCH($E42,Organization!$A:$A,0))),INDEX(Organization!$C:$C,MATCH($E42,Organization!$C:$C,0)),"")))) | T42: =INDEX(Col!$B:$B,MATCH($M42,Col!$A:$A,0)) -> 0198ef6d-8543-6a7f-4553-b7280cc2ab9b | U42: =INDEX(Dim!$C:$C,MATCH($T42,Dim!$A:$A,0)) -> regex1 | V42: =INDEX(Dim!$B:$B,MATCH($T42,Dim!$A:$A,0)) -> TEXT | W42: FALSE
A43: 0198ef6d-8543-9674-3177-8a8c8da8bc3f | B43: =INDEX(_CaseData!$G:$G,MATCH($A43,_CaseData!$A:$A,0)) -> case_type2 | C43: 0198ef6d-8543-1443-43dc-7a07aef0da30 | D43: =INDEX(CaseTypeCol!$G:$G,MATCH($C43,CaseTypeCol!$A:$A,0)) -> case_type2.text1_1 (TEXT) | E43: X | G43: =IF($W43,$X43,IF($E43="","",IF($N43="REGULAR_LANGUAGE",$E43,IF(OR($N43="NOMINAL",$N43="ORDINAL",$N43="INTERVAL"),$Q43,IF($N43="GEO_REGION",$R43,IF($N43="ORGANIZATION",$S43,$E43)))))) -> X | H43: =AND($I43:$J43) -> TRUE | I43: TRUE | J43: =K43=L43 -> TRUE | K43: =INDEX(_CaseData!$B:$B,MATCH($A43,_CaseData!$A:$A,0)) -> 0195d18c-1ca6-752a-ec56-ed1b3d0cb095 | L43: =INDEX(CaseTypeCol!$B:$B,MATCH($C43,CaseTypeCol!$A:$A,0)) -> 0195d18c-1ca6-752a-ec56-ed1b3d0cb095 | M43: =INDEX(CaseTypeCol!$D:$D,MATCH($C43,CaseTypeCol!$A:$A,0)) -> 0198ef6d-8543-78ba-e607-ac65487d273b | N43: =INDEX(Col!$H:$H,MATCH($M43,Col!$A:$A,0)) -> TEXT | O43: =IF(INDEX(Col!$I:$I,MATCH($M43,Col!$A:$A,0))="","",INDEX(Col!$I:$I,MATCH($M43,Col!$A:$A,0))) | P43: =IF(INDEX(Col!$K:$K,MATCH($M43,Col!$A:$A,0))="","",INDEX(Col!$K:$K,MATCH($M43,Col!$A:$A,0))) | Q43: =IF($O43="","",IF(NOT(ISNA(MATCH(LOWER($O43&"|"&$E43),Concept!$K:$K,0))),INDEX(Concept!$A:$A,MATCH(LOWER($O43&"|"&$E43),Concept!$K:$K,0)),IF(NOT(ISNA(MATCH(LOWER($O43&"|"&$E43),Concept!$L:$L,0))),INDEX(Concept!$A:$A,MATCH(LOWER($O43&"|"&$E43),Concept!$L:$L,0)),IF(NOT(ISNA(MATCH(LOWER($O43&"|"&$E43),Concept!$M:$M,0))),INDEX(Concept!$A:$A,MATCH(LOWER($O43&"|"&$E43),Concept!$M:$M,0)),"")))) | R43: =IF($P43="","",IF(NOT(ISNA(MATCH(LOWER($P43&"|"&$E43),Region!$J:$J,0))),INDEX(Region!$A:$A,MATCH(LOWER($P43&"|"&$E43),Region!$J:$J,0)),IF(NOT(ISNA(MATCH(LOWER($P43&"|"&$E43),Region!$K:$K,0))),INDEX(Region!$A:$A,MATCH(LOWER($P43&"|"&$E43),Region!$K:$K,0)),""))) | S43: =IF($N43<>"ORGANIZATION","",IF(NOT(ISNA(MATCH($E43,Organization!$A:$A,0))),INDEX(Organization!$A:$A,MATCH($E43,Organization!$A:$A,0)),IF(NOT(ISNA(MATCH($E43,Organization!$B:$B,0))),INDEX(Organization!$A:$A,MATCH($E43,Organization!$B:$B,0)),IF(NOT(ISNA(MATCH($E43,Organization!$A:$A,0))),INDEX(Organization!$C:$C,MATCH($E43,Organization!$C:$C,0)),"")))) | T43: =INDEX(Col!$B:$B,MATCH($M43,Col!$A:$A,0)) -> 0198ef6d-8543-0b52-87e5-431792f951a2 | U43: =INDEX(Dim!$C:$C,MATCH($T43,Dim!$A:$A,0)) -> text1 | V43: =INDEX(Dim!$B:$B,MATCH($T43,Dim!$A:$A,0)) -> TEXT | W43: FALSE
A44: 0198ef6d-8543-9674-3177-8a8c8da8bc3f | B44: =INDEX(_CaseData!$G:$G,MATCH($A44,_CaseData!$A:$A,0)) -> case_type2 | C44: 0198ef6d-8543-7fbb-0745-44bb651edd00 | D44: =INDEX(CaseTypeCol!$G:$G,MATCH($C44,CaseTypeCol!$A:$A,0)) -> case_type2.org1_1 (ORGANIZATION) | E44: 018d074d-ea0c-e942-07db-a3cc0ba1d653 | G44: =IF($W44,$X44,IF($E44="","",IF($N44="REGULAR_LANGUAGE",$E44,IF(OR($N44="NOMINAL",$N44="ORDINAL",$N44="INTERVAL"),$Q44,IF($N44="GEO_REGION",$R44,IF($N44="ORGANIZATION",$S44,$E44)))))) -> 018d074d-ea0c-e942-07db-a3cc0ba1d653 | H44: =AND($I44:$J44) -> TRUE | I44: TRUE | J44: =K44=L44 -> TRUE | K44: =INDEX(_CaseData!$B:$B,MATCH($A44,_CaseData!$A:$A,0)) -> 0195d18c-1ca6-752a-ec56-ed1b3d0cb095 | L44: =INDEX(CaseTypeCol!$B:$B,MATCH($C44,CaseTypeCol!$A:$A,0)) -> 0195d18c-1ca6-752a-ec56-ed1b3d0cb095 | M44: =INDEX(CaseTypeCol!$D:$D,MATCH($C44,CaseTypeCol!$A:$A,0)) -> 0198ef6d-8543-9c02-f715-88d1935aca9a | N44: =INDEX(Col!$H:$H,MATCH($M44,Col!$A:$A,0)) -> ORGANIZATION | O44: =IF(INDEX(Col!$I:$I,MATCH($M44,Col!$A:$A,0))="","",INDEX(Col!$I:$I,MATCH($M44,Col!$A:$A,0))) | P44: =IF(INDEX(Col!$K:$K,MATCH($M44,Col!$A:$A,0))="","",INDEX(Col!$K:$K,MATCH($M44,Col!$A:$A,0))) | Q44: =IF($O44="","",IF(NOT(ISNA(MATCH(LOWER($O44&"|"&$E44),Concept!$K:$K,0))),INDEX(Concept!$A:$A,MATCH(LOWER($O44&"|"&$E44),Concept!$K:$K,0)),IF(NOT(ISNA(MATCH(LOWER($O44&"|"&$E44),Concept!$L:$L,0))),INDEX(Concept!$A:$A,MATCH(LOWER($O44&"|"&$E44),Concept!$L:$L,0)),IF(NOT(ISNA(MATCH(LOWER($O44&"|"&$E44),Concept!$M:$M,0))),INDEX(Concept!$A:$A,MATCH(LOWER($O44&"|"&$E44),Concept!$M:$M,0)),"")))) | R44: =IF($P44="","",IF(NOT(ISNA(MATCH(LOWER($P44&"|"&$E44),Region!$J:$J,0))),INDEX(Region!$A:$A,MATCH(LOWER($P44&"|"&$E44),Region!$J:$J,0)),IF(NOT(ISNA(MATCH(LOWER($P44&"|"&$E44),Region!$K:$K,0))),INDEX(Region!$A:$A,MATCH(LOWER($P44&"|"&$E44),Region!$K:$K,0)),""))) | S44: =IF($N44<>"ORGANIZATION","",IF(NOT(ISNA(MATCH($E44,Organization!$A:$A,0))),INDEX(Organization!$A:$A,MATCH($E44,Organization!$A:$A,0)),IF(NOT(ISNA(MATCH($E44,Organization!$B:$B,0))),INDEX(Organization!$A:$A,MATCH($E44,Organization!$B:$B,0)),IF(NOT(ISNA(MATCH($E44,Organization!$A:$A,0))),INDEX(Organization!$C:$C,MATCH($E44,Organization!$C:$C,0)),"")))) -> 018d074d-ea0c-e942-07db-a3cc0ba1d653 | T44: =INDEX(Col!$B:$B,MATCH($M44,Col!$A:$A,0)) -> 0198ef6d-8543-b0f3-f8b0-c502bee720e9 | U44: =INDEX(Dim!$C:$C,MATCH($T44,Dim!$A:$A,0)) -> org1 | V44: =INDEX(Dim!$B:$B,MATCH($T44,Dim!$A:$A,0)) -> ORGANIZATION | W44: FALSE
A45: 0198ef6d-8543-9674-3177-8a8c8da8bc3f | B45: =INDEX(_CaseData!$G:$G,MATCH($A45,_CaseData!$A:$A,0)) -> case_type2 | C45: 0198ef6d-8543-72db-d650-96776e8fd4a7 | D45: =INDEX(CaseTypeCol!$G:$G,MATCH($C45,CaseTypeCol!$A:$A,0)) -> case_type2.geo1_1 (GEO_REGION;PC_L4) | E45: 1011 | G45: =IF($W45,$X45,IF($E45="","",IF($N45="REGULAR_LANGUAGE",$E45,IF(OR($N45="NOMINAL",$N45="ORDINAL",$N45="INTERVAL"),$Q45,IF($N45="GEO_REGION",$R45,IF($N45="ORGANIZATION",$S45,$E45)))))) -> 0198ef6d-8543-98d5-9df4-4ac64d603502 | H45: =AND($I45:$J45) -> TRUE | I45: TRUE | J45: =K45=L45 -> TRUE | K45: =INDEX(_CaseData!$B:$B,MATCH($A45,_CaseData!$A:$A,0)) -> 0195d18c-1ca6-752a-ec56-ed1b3d0cb095 | L45: =INDEX(CaseTypeCol!$B:$B,MATCH($C45,CaseTypeCol!$A:$A,0)) -> 0195d18c-1ca6-752a-ec56-ed1b3d0cb095 | M45: =INDEX(CaseTypeCol!$D:$D,MATCH($C45,CaseTypeCol!$A:$A,0)) -> 0198ef6d-8543-13b8-702c-f36c6968d08f | N45: =INDEX(Col!$H:$H,MATCH($M45,Col!$A:$A,0)) -> GEO_REGION | O45: =IF(INDEX(Col!$I:$I,MATCH($M45,Col!$A:$A,0))="","",INDEX(Col!$I:$I,MATCH($M45,Col!$A:$A,0))) | P45: =IF(INDEX(Col!$K:$K,MATCH($M45,Col!$A:$A,0))="","",INDEX(Col!$K:$K,MATCH($M45,Col!$A:$A,0))) -> 0198ef6d-8543-92bb-3d7b-9a6b17e52c7d | Q45: =IF($O45="","",IF(NOT(ISNA(MATCH(LOWER($O45&"|"&$E45),Concept!$K:$K,0))),INDEX(Concept!$A:$A,MATCH(LOWER($O45&"|"&$E45),Concept!$K:$K,0)),IF(NOT(ISNA(MATCH(LOWER($O45&"|"&$E45),Concept!$L:$L,0))),INDEX(Concept!$A:$A,MATCH(LOWER($O45&"|"&$E45),Concept!$L:$L,0)),IF(NOT(ISNA(MATCH(LOWER($O45&"|"&$E45),Concept!$M:$M,0))),INDEX(Concept!$A:$A,MATCH(LOWER($O45&"|"&$E45),Concept!$M:$M,0)),"")))) | R45: =IF($P45="","",IF(NOT(ISNA(MATCH(LOWER($P45&"|"&$E45),Region!$J:$J,0))),INDEX(Region!$A:$A,MATCH(LOWER($P45&"|"&$E45),Region!$J:$J,0)),IF(NOT(ISNA(MATCH(LOWER($P45&"|"&$E45),Region!$K:$K,0))),INDEX(Region!$A:$A,MATCH(LOWER($P45&"|"&$E45),Region!$K:$K,0)),""))) -> 0198ef6d-8543-98d5-9df4-4ac64d603502 | S45: =IF($N45<>"ORGANIZATION","",IF(NOT(ISNA(MATCH($E45,Organization!$A:$A,0))),INDEX(Organization!$A:$A,MATCH($E45,Organization!$A:$A,0)),IF(NOT(ISNA(MATCH($E45,Organization!$B:$B,0))),INDEX(Organization!$A:$A,MATCH($E45,Organization!$B:$B,0)),IF(NOT(ISNA(MATCH($E45,Organization!$A:$A,0))),INDEX(Organization!$C:$C,MATCH($E45,Organization!$C:$C,0)),"")))) | T45: =INDEX(Col!$B:$B,MATCH($M45,Col!$A:$A,0)) -> 0198ef6d-8543-d4cb-e9cb-2c352f1baa30 | U45: =INDEX(Dim!$C:$C,MATCH($T45,Dim!$A:$A,0)) -> geo1 | V45: =INDEX(Dim!$B:$B,MATCH($T45,Dim!$A:$A,0)) -> GEO | W45: FALSE
A46: 0198ef6d-8543-9674-3177-8a8c8da8bc3f | B46: =INDEX(_CaseData!$G:$G,MATCH($A46,_CaseData!$A:$A,0)) -> case_type2 | C46: 0198ef6d-8543-aed3-82fc-8fc90e0c93fd | D46: =INDEX(CaseTypeCol!$G:$G,MATCH($C46,CaseTypeCol!$A:$A,0)) -> case_type2.geo1_2 (GEO_REGION;PC_L3) | E46: 101 | G46: =IF($W46,$X46,IF($E46="","",IF($N46="REGULAR_LANGUAGE",$E46,IF(OR($N46="NOMINAL",$N46="ORDINAL",$N46="INTERVAL"),$Q46,IF($N46="GEO_REGION",$R46,IF($N46="ORGANIZATION",$S46,$E46)))))) -> 0198ef6d-8543-dcdc-9496-52bc01e1c56d | H46: =AND($I46:$J46) -> TRUE | I46: TRUE | J46: =K46=L46 -> TRUE | K46: =INDEX(_CaseData!$B:$B,MATCH($A46,_CaseData!$A:$A,0)) -> 0195d18c-1ca6-752a-ec56-ed1b3d0cb095 | L46: =INDEX(CaseTypeCol!$B:$B,MATCH($C46,CaseTypeCol!$A:$A,0)) -> 0195d18c-1ca6-752a-ec56-ed1b3d0cb095 | M46: =INDEX(CaseTypeCol!$D:$D,MATCH($C46,CaseTypeCol!$A:$A,0)) -> 0198ef6d-8543-74d1-8cf2-4f5da375834f | N46: =INDEX(Col!$H:$H,MATCH($M46,Col!$A:$A,0)) -> GEO_REGION | O46: =IF(INDEX(Col!$I:$I,MATCH($M46,Col!$A:$A,0))="","",INDEX(Col!$I:$I,MATCH($M46,Col!$A:$A,0))) | P46: =IF(INDEX(Col!$K:$K,MATCH($M46,Col!$A:$A,0))="","",INDEX(Col!$K:$K,MATCH($M46,Col!$A:$A,0))) -> 0198ef6d-8543-0ad2-6a86-701cc690b0a4 | Q46: =IF($O46="","",IF(NOT(ISNA(MATCH(LOWER($O46&"|"&$E46),Concept!$K:$K,0))),INDEX(Concept!$A:$A,MATCH(LOWER($O46&"|"&$E46),Concept!$K:$K,0)),IF(NOT(ISNA(MATCH(LOWER($O46&"|"&$E46),Concept!$L:$L,0))),INDEX(Concept!$A:$A,MATCH(LOWER($O46&"|"&$E46),Concept!$L:$L,0)),IF(NOT(ISNA(MATCH(LOWER($O46&"|"&$E46),Concept!$M:$M,0))),INDEX(Concept!$A:$A,MATCH(LOWER($O46&"|"&$E46),Concept!$M:$M,0)),"")))) | R46: =IF($P46="","",IF(NOT(ISNA(MATCH(LOWER($P46&"|"&$E46),Region!$J:$J,0))),INDEX(Region!$A:$A,MATCH(LOWER($P46&"|"&$E46),Region!$J:$J,0)),IF(NOT(ISNA(MATCH(LOWER($P46&"|"&$E46),Region!$K:$K,0))),INDEX(Region!$A:$A,MATCH(LOWER($P46&"|"&$E46),Region!$K:$K,0)),""))) -> 0198ef6d-8543-dcdc-9496-52bc01e1c56d | S46: =IF($N46<>"ORGANIZATION","",IF(NOT(ISNA(MATCH($E46,Organization!$A:$A,0))),INDEX(Organization!$A:$A,MATCH($E46,Organization!$A:$A,0)),IF(NOT(ISNA(MATCH($E46,Organization!$B:$B,0))),INDEX(Organization!$A:$A,MATCH($E46,Organization!$B:$B,0)),IF(NOT(ISNA(MATCH($E46,Organization!$A:$A,0))),INDEX(Organization!$C:$C,MATCH($E46,Organization!$C:$C,0)),"")))) | T46: =INDEX(Col!$B:$B,MATCH($M46,Col!$A:$A,0)) -> 0198ef6d-8543-d4cb-e9cb-2c352f1baa30 | U46: =INDEX(Dim!$C:$C,MATCH($T46,Dim!$A:$A,0)) -> geo1 | V46: =INDEX(Dim!$B:$B,MATCH($T46,Dim!$A:$A,0)) -> GEO | W46: FALSE
A47: 0198ef6d-8543-9674-3177-8a8c8da8bc3f | B47: =INDEX(_CaseData!$G:$G,MATCH($A47,_CaseData!$A:$A,0)) -> case_type2 | C47: 0198ef6d-8543-e6af-3e5a-6494a01a06ae | D47: =INDEX(CaseTypeCol!$G:$G,MATCH($C47,CaseTypeCol!$A:$A,0)) -> case_type2.geo1_3 (GEO_REGION;MUN) | E47: MUN_A | G47: =IF($W47,$X47,IF($E47="","",IF($N47="REGULAR_LANGUAGE",$E47,IF(OR($N47="NOMINAL",$N47="ORDINAL",$N47="INTERVAL"),$Q47,IF($N47="GEO_REGION",$R47,IF($N47="ORGANIZATION",$S47,$E47)))))) -> 0198ef6d-8543-83bf-6a77-33c7baa8eca4 | H47: =AND($I47:$J47) -> TRUE | I47: TRUE | J47: =K47=L47 -> TRUE | K47: =INDEX(_CaseData!$B:$B,MATCH($A47,_CaseData!$A:$A,0)) -> 0195d18c-1ca6-752a-ec56-ed1b3d0cb095 | L47: =INDEX(CaseTypeCol!$B:$B,MATCH($C47,CaseTypeCol!$A:$A,0)) -> 0195d18c-1ca6-752a-ec56-ed1b3d0cb095 | M47: =INDEX(CaseTypeCol!$D:$D,MATCH($C47,CaseTypeCol!$A:$A,0)) -> 0198ef6d-8543-b7d9-c034-47ae7fb11c50 | N47: =INDEX(Col!$H:$H,MATCH($M47,Col!$A:$A,0)) -> GEO_REGION | O47: =IF(INDEX(Col!$I:$I,MATCH($M47,Col!$A:$A,0))="","",INDEX(Col!$I:$I,MATCH($M47,Col!$A:$A,0))) | P47: =IF(INDEX(Col!$K:$K,MATCH($M47,Col!$A:$A,0))="","",INDEX(Col!$K:$K,MATCH($M47,Col!$A:$A,0))) -> 0198ef6d-8543-5e3f-5ed0-dd932e32c2aa | Q47: =IF($O47="","",IF(NOT(ISNA(MATCH(LOWER($O47&"|"&$E47),Concept!$K:$K,0))),INDEX(Concept!$A:$A,MATCH(LOWER($O47&"|"&$E47),Concept!$K:$K,0)),IF(NOT(ISNA(MATCH(LOWER($O47&"|"&$E47),Concept!$L:$L,0))),INDEX(Concept!$A:$A,MATCH(LOWER($O47&"|"&$E47),Concept!$L:$L,0)),IF(NOT(ISNA(MATCH(LOWER($O47&"|"&$E47),Concept!$M:$M,0))),INDEX(Concept!$A:$A,MATCH(LOWER($O47&"|"&$E47),Concept!$M:$M,0)),"")))) | R47: =IF($P47="","",IF(NOT(ISNA(MATCH(LOWER($P47&"|"&$E47),Region!$J:$J,0))),INDEX(Region!$A:$A,MATCH(LOWER($P47&"|"&$E47),Region!$J:$J,0)),IF(NOT(ISNA(MATCH(LOWER($P47&"|"&$E47),Region!$K:$K,0))),INDEX(Region!$A:$A,MATCH(LOWER($P47&"|"&$E47),Region!$K:$K,0)),""))) -> 0198ef6d-8543-83bf-6a77-33c7baa8eca4 | S47: =IF($N47<>"ORGANIZATION","",IF(NOT(ISNA(MATCH($E47,Organization!$A:$A,0))),INDEX(Organization!$A:$A,MATCH($E47,Organization!$A:$A,0)),IF(NOT(ISNA(MATCH($E47,Organization!$B:$B,0))),INDEX(Organization!$A:$A,MATCH($E47,Organization!$B:$B,0)),IF(NOT(ISNA(MATCH($E47,Organization!$A:$A,0))),INDEX(Organization!$C:$C,MATCH($E47,Organization!$C:$C,0)),"")))) | T47: =INDEX(Col!$B:$B,MATCH($M47,Col!$A:$A,0)) -> 0198ef6d-8543-d4cb-e9cb-2c352f1baa30 | U47: =INDEX(Dim!$C:$C,MATCH($T47,Dim!$A:$A,0)) -> geo1 | V47: =INDEX(Dim!$B:$B,MATCH($T47,Dim!$A:$A,0)) -> GEO | W47: FALSE
... A54: 0198ef6d-8543-9674-3177-8a8c8da8bc3f | B54: =INDEX(_CaseData!$G:$G,MATCH($A54,_CaseData!$A:$A,0)) -> case_type2 | C54: 0198ef6d-8543-92f3-9168-2df7a147b28e | D54: =INDEX(CaseTypeCol!$G:$G,MATCH($C54,CaseTypeCol!$A:$A,0)) -> case_type2.id1_1 (ID_PSEUDONYMISED) | E54: 0198ef6d-8543-8644-c476-b020fa968b83 | G54: =IF($W54,$X54,IF($E54="","",IF($N54="REGULAR_LANGUAGE",$E54,IF(OR($N54="NOMINAL",$N54="ORDINAL",$N54="INTERVAL"),$Q54,IF($N54="GEO_REGION",$R54,IF($N54="ORGANIZATION",$S54,$E54)))))) -> 0198ef6d-8543-8644-c476-b020fa968b83 | H54: =AND($I54:$J54) -> TRUE | I54: TRUE | J54: =K54=L54 -> TRUE | K54: =INDEX(_CaseData!$B:$B,MATCH($A54,_CaseData!$A:$A,0)) -> 0195d18c-1ca6-752a-ec56-ed1b3d0cb095 | L54: =INDEX(CaseTypeCol!$B:$B,MATCH($C54,CaseTypeCol!$A:$A,0)) -> 0195d18c-1ca6-752a-ec56-ed1b3d0cb095 | M54: =INDEX(CaseTypeCol!$D:$D,MATCH($C54,CaseTypeCol!$A:$A,0)) -> 0198ef6d-8543-ab8a-bde3-659597476ba5 | N54: =INDEX(Col!$H:$H,MATCH($M54,Col!$A:$A,0)) -> ID_PSEUDONYMISED | O54: =IF(INDEX(Col!$I:$I,MATCH($M54,Col!$A:$A,0))="","",INDEX(Col!$I:$I,MATCH($M54,Col!$A:$A,0))) | P54: =IF(INDEX(Col!$K:$K,MATCH($M54,Col!$A:$A,0))="","",INDEX(Col!$K:$K,MATCH($M54,Col!$A:$A,0))) | Q54: =IF($O54="","",IF(NOT(ISNA(MATCH(LOWER($O54&"|"&$E54),Concept!$K:$K,0))),INDEX(Concept!$A:$A,MATCH(LOWER($O54&"|"&$E54),Concept!$K:$K,0)),IF(NOT(ISNA(MATCH(LOWER($O54&"|"&$E54),Concept!$L:$L,0))),INDEX(Concept!$A:$A,MATCH(LOWER($O54&"|"&$E54),Concept!$L:$L,0)),IF(NOT(ISNA(MATCH(LOWER($O54&"|"&$E54),Concept!$M:$M,0))),INDEX(Concept!$A:$A,MATCH(LOWER($O54&"|"&$E54),Concept!$M:$M,0)),"")))) | R54: =IF($P54="","",IF(NOT(ISNA(MATCH(LOWER($P54&"|"&$E54),Region!$J:$J,0))),INDEX(Region!$A:$A,MATCH(LOWER($P54&"|"&$E54),Region!$J:$J,0)),IF(NOT(ISNA(MATCH(LOWER($P54&"|"&$E54),Region!$K:$K,0))),INDEX(Region!$A:$A,MATCH(LOWER($P54&"|"&$E54),Region!$K:$K,0)),""))) | S54: =IF($N54<>"ORGANIZATION","",IF(NOT(ISNA(MATCH($E54,Organization!$A:$A,0))),INDEX(Organization!$A:$A,MATCH($E54,Organization!$A:$A,0)),IF(NOT(ISNA(MATCH($E54,Organization!$B:$B,0))),INDEX(Organization!$A:$A,MATCH($E54,Organization!$B:$B,0)),IF(NOT(ISNA(MATCH($E54,Organization!$A:$A,0))),INDEX(Organization!$C:$C,MATCH($E54,Organization!$C:$C,0)),"")))) | T54: =INDEX(Col!$B:$B,MATCH($M54,Col!$A:$A,0)) -> 0198ef6d-8543-f771-bae1-9ddd35630976 | U54: =INDEX(Dim!$C:$C,MATCH($T54,Dim!$A:$A,0)) -> id1 | V54: =INDEX(Dim!$B:$B,MATCH($T54,Dim!$A:$A,0)) -> IDENTIFIER | W54: FALSE
A55: 0198ef6d-8543-9674-3177-8a8c8da8bc3f | B55: =INDEX(_CaseData!$G:$G,MATCH($A55,_CaseData!$A:$A,0)) -> case_type2 | C55: 0198ef6d-8543-83ae-9c38-8230890499d5 | D55: =INDEX(CaseTypeCol!$G:$G,MATCH($C55,CaseTypeCol!$A:$A,0)) -> case_type2.number1_1 (DECIMAL_0) | E55: 19 | G55: =IF($W55,$X55,IF($E55="","",IF($N55="REGULAR_LANGUAGE",$E55,IF(OR($N55="NOMINAL",$N55="ORDINAL",$N55="INTERVAL"),$Q55,IF($N55="GEO_REGION",$R55,IF($N55="ORGANIZATION",$S55,$E55)))))) -> 19 | H55: =AND($I55:$J55) -> TRUE | I55: TRUE | J55: =K55=L55 -> TRUE | K55: =INDEX(_CaseData!$B:$B,MATCH($A55,_CaseData!$A:$A,0)) -> 0195d18c-1ca6-752a-ec56-ed1b3d0cb095 | L55: =INDEX(CaseTypeCol!$B:$B,MATCH($C55,CaseTypeCol!$A:$A,0)) -> 0195d18c-1ca6-752a-ec56-ed1b3d0cb095 | M55: =INDEX(CaseTypeCol!$D:$D,MATCH($C55,CaseTypeCol!$A:$A,0)) -> 0198ef6d-8543-c616-5348-1a00a03f4c57 | N55: =INDEX(Col!$H:$H,MATCH($M55,Col!$A:$A,0)) -> DECIMAL_0 | O55: =IF(INDEX(Col!$I:$I,MATCH($M55,Col!$A:$A,0))="","",INDEX(Col!$I:$I,MATCH($M55,Col!$A:$A,0))) | P55: =IF(INDEX(Col!$K:$K,MATCH($M55,Col!$A:$A,0))="","",INDEX(Col!$K:$K,MATCH($M55,Col!$A:$A,0))) | Q55: =IF($O55="","",IF(NOT(ISNA(MATCH(LOWER($O55&"|"&$E55),Concept!$K:$K,0))),INDEX(Concept!$A:$A,MATCH(LOWER($O55&"|"&$E55),Concept!$K:$K,0)),IF(NOT(ISNA(MATCH(LOWER($O55&"|"&$E55),Concept!$L:$L,0))),INDEX(Concept!$A:$A,MATCH(LOWER($O55&"|"&$E55),Concept!$L:$L,0)),IF(NOT(ISNA(MATCH(LOWER($O55&"|"&$E55),Concept!$M:$M,0))),INDEX(Concept!$A:$A,MATCH(LOWER($O55&"|"&$E55),Concept!$M:$M,0)),"")))) | R55: =IF($P55="","",IF(NOT(ISNA(MATCH(LOWER($P55&"|"&$E55),Region!$J:$J,0))),INDEX(Region!$A:$A,MATCH(LOWER($P55&"|"&$E55),Region!$J:$J,0)),IF(NOT(ISNA(MATCH(LOWER($P55&"|"&$E55),Region!$K:$K,0))),INDEX(Region!$A:$A,MATCH(LOWER($P55&"|"&$E55),Region!$K:$K,0)),""))) | S55: =IF($N55<>"ORGANIZATION","",IF(NOT(ISNA(MATCH($E55,Organization!$A:$A,0))),INDEX(Organization!$A:$A,MATCH($E55,Organization!$A:$A,0)),IF(NOT(ISNA(MATCH($E55,Organization!$B:$B,0))),INDEX(Organization!$A:$A,MATCH($E55,Organization!$B:$B,0)),IF(NOT(ISNA(MATCH($E55,Organization!$A:$A,0))),INDEX(Organization!$C:$C,MATCH($E55,Organization!$C:$C,0)),"")))) | T55: =INDEX(Col!$B:$B,MATCH($M55,Col!$A:$A,0)) -> 0198ef6d-8543-2e3c-58fa-85eca2a977c1 | U55: =INDEX(Dim!$C:$C,MATCH($T55,Dim!$A:$A,0)) -> number1 | V55: =INDEX(Dim!$B:$B,MATCH($T55,Dim!$A:$A,0)) -> NUMBER | W55: FALSE
A56: 0198ef6d-8543-9674-3177-8a8c8da8bc3f | B56: =INDEX(_CaseData!$G:$G,MATCH($A56,_CaseData!$A:$A,0)) -> case_type2 | C56: 0198ef6d-8543-aca5-d495-a14d205474c8 | D56: =INDEX(CaseTypeCol!$G:$G,MATCH($C56,CaseTypeCol!$A:$A,0)) -> case_type2.number1_1 (INTERVAL;Age in years, intervals 0, 5, 15, 25, 45, 65) | E56: 15-24 | G56: =IF($W56,$X56,IF($E56="","",IF($N56="REGULAR_LANGUAGE",$E56,IF(OR($N56="NOMINAL",$N56="ORDINAL",$N56="INTERVAL"),$Q56,IF($N56="GEO_REGION",$R56,IF($N56="ORGANIZATION",$S56,$E56)))))) -> 0198ef6d-8543-d03b-b9f4-f460fae89f04 | H56: =AND($I56:$J56) -> TRUE | I56: TRUE | J56: =K56=L56 -> TRUE | K56: =INDEX(_CaseData!$B:$B,MATCH($A56,_CaseData!$A:$A,0)) -> 0195d18c-1ca6-752a-ec56-ed1b3d0cb095 | L56: =INDEX(CaseTypeCol!$B:$B,MATCH($C56,CaseTypeCol!$A:$A,0)) -> 0195d18c-1ca6-752a-ec56-ed1b3d0cb095 | M56: =INDEX(CaseTypeCol!$D:$D,MATCH($C56,CaseTypeCol!$A:$A,0)) -> 0198ef6d-8543-d80f-bded-2df4b7df993d | N56: =INDEX(Col!$H:$H,MATCH($M56,Col!$A:$A,0)) -> INTERVAL | O56: =IF(INDEX(Col!$I:$I,MATCH($M56,Col!$A:$A,0))="","",INDEX(Col!$I:$I,MATCH($M56,Col!$A:$A,0))) -> 0198ef6d-8543-020d-44c5-53e813a46714 | P56: =IF(INDEX(Col!$K:$K,MATCH($M56,Col!$A:$A,0))="","",INDEX(Col!$K:$K,MATCH($M56,Col!$A:$A,0))) | Q56: =IF($O56="","",IF(NOT(ISNA(MATCH(LOWER($O56&"|"&$E56),Concept!$K:$K,0))),INDEX(Concept!$A:$A,MATCH(LOWER($O56&"|"&$E56),Concept!$K:$K,0)),IF(NOT(ISNA(MATCH(LOWER($O56&"|"&$E56),Concept!$L:$L,0))),INDEX(Concept!$A:$A,MATCH(LOWER($O56&"|"&$E56),Concept!$L:$L,0)),IF(NOT(ISNA(MATCH(LOWER($O56&"|"&$E56),Concept!$M:$M,0))),INDEX(Concept!$A:$A,MATCH(LOWER($O56&"|"&$E56),Concept!$M:$M,0)),"")))) -> 0198ef6d-8543-d03b-b9f4-f460fae89f04 | R56: =IF($P56="","",IF(NOT(ISNA(MATCH(LOWER($P56&"|"&$E56),Region!$J:$J,0))),INDEX(Region!$A:$A,MATCH(LOWER($P56&"|"&$E56),Region!$J:$J,0)),IF(NOT(ISNA(MATCH(LOWER($P56&"|"&$E56),Region!$K:$K,0))),INDEX(Region!$A:$A,MATCH(LOWER($P56&"|"&$E56),Region!$K:$K,0)),""))) | S56: =IF($N56<>"ORGANIZATION","",IF(NOT(ISNA(MATCH($E56,Organization!$A:$A,0))),INDEX(Organization!$A:$A,MATCH($E56,Organization!$A:$A,0)),IF(NOT(ISNA(MATCH($E56,Organization!$B:$B,0))),INDEX(Organization!$A:$A,MATCH($E56,Organization!$B:$B,0)),IF(NOT(ISNA(MATCH($E56,Organization!$A:$A,0))),INDEX(Organization!$C:$C,MATCH($E56,Organization!$C:$C,0)),"")))) | T56: =INDEX(Col!$B:$B,MATCH($M56,Col!$A:$A,0)) -> 0198ef6d-8543-2e3c-58fa-85eca2a977c1 | U56: =INDEX(Dim!$C:$C,MATCH($T56,Dim!$A:$A,0)) -> number1 | V56: =INDEX(Dim!$B:$B,MATCH($T56,Dim!$A:$A,0)) -> NUMBER | W56: FALSE
A57: 0198ef6d-8543-9674-3177-8a8c8da8bc3f | B57: =INDEX(_CaseData!$G:$G,MATCH($A57,_CaseData!$A:$A,0)) -> case_type2 | C57: 0198ef6d-8543-059f-33dd-73f8668bc5ef | D57: =INDEX(CaseTypeCol!$G:$G,MATCH($C57,CaseTypeCol!$A:$A,0)) -> case_type2.number1_1 (INTERVAL;Age in years, intervals 0, 5, 19, 65) | E57: 19-64 | G57: =IF($W57,$X57,IF($E57="","",IF($N57="REGULAR_LANGUAGE",$E57,IF(OR($N57="NOMINAL",$N57="ORDINAL",$N57="INTERVAL"),$Q57,IF($N57="GEO_REGION",$R57,IF($N57="ORGANIZATION",$S57,$E57)))))) -> 0198ef6d-8543-626b-c05d-de74547d3621 | H57: =AND($I57:$J57) -> TRUE | I57: TRUE | J57: =K57=L57 -> TRUE | K57: =INDEX(_CaseData!$B:$B,MATCH($A57,_CaseData!$A:$A,0)) -> 0195d18c-1ca6-752a-ec56-ed1b3d0cb095 | L57: =INDEX(CaseTypeCol!$B:$B,MATCH($C57,CaseTypeCol!$A:$A,0)) -> 0195d18c-1ca6-752a-ec56-ed1b3d0cb095 | M57: =INDEX(CaseTypeCol!$D:$D,MATCH($C57,CaseTypeCol!$A:$A,0)) -> 0198ef6d-8543-7e88-f9a1-238ceac18124 | N57: =INDEX(Col!$H:$H,MATCH($M57,Col!$A:$A,0)) -> INTERVAL | O57: =IF(INDEX(Col!$I:$I,MATCH($M57,Col!$A:$A,0))="","",INDEX(Col!$I:$I,MATCH($M57,Col!$A:$A,0))) -> 0198ef6d-8543-2a37-be54-7f7d24e1ed1d | P57: =IF(INDEX(Col!$K:$K,MATCH($M57,Col!$A:$A,0))="","",INDEX(Col!$K:$K,MATCH($M57,Col!$A:$A,0))) | Q57: =IF($O57="","",IF(NOT(ISNA(MATCH(LOWER($O57&"|"&$E57),Concept!$K:$K,0))),INDEX(Concept!$A:$A,MATCH(LOWER($O57&"|"&$E57),Concept!$K:$K,0)),IF(NOT(ISNA(MATCH(LOWER($O57&"|"&$E57),Concept!$L:$L,0))),INDEX(Concept!$A:$A,MATCH(LOWER($O57&"|"&$E57),Concept!$L:$L,0)),IF(NOT(ISNA(MATCH(LOWER($O57&"|"&$E57),Concept!$M:$M,0))),INDEX(Concept!$A:$A,MATCH(LOWER($O57&"|"&$E57),Concept!$M:$M,0)),"")))) -> 0198ef6d-8543-626b-c05d-de74547d3621 | R57: =IF($P57="","",IF(NOT(ISNA(MATCH(LOWER($P57&"|"&$E57),Region!$J:$J,0))),INDEX(Region!$A:$A,MATCH(LOWER($P57&"|"&$E57),Region!$J:$J,0)),IF(NOT(ISNA(MATCH(LOWER($P57&"|"&$E57),Region!$K:$K,0))),INDEX(Region!$A:$A,MATCH(LOWER($P57&"|"&$E57),Region!$K:$K,0)),""))) | S57: =IF($N57<>"ORGANIZATION","",IF(NOT(ISNA(MATCH($E57,Organization!$A:$A,0))),INDEX(Organization!$A:$A,MATCH($E57,Organization!$A:$A,0)),IF(NOT(ISNA(MATCH($E57,Organization!$B:$B,0))),INDEX(Organization!$A:$A,MATCH($E57,Organization!$B:$B,0)),IF(NOT(ISNA(MATCH($E57,Organization!$A:$A,0))),INDEX(Organization!$C:$C,MATCH($E57,Organization!$C:$C,0)),"")))) | T57: =INDEX(Col!$B:$B,MATCH($M57,Col!$A:$A,0)) -> 0198ef6d-8543-2e3c-58fa-85eca2a977c1 | U57: =INDEX(Dim!$C:$C,MATCH($T57,Dim!$A:$A,0)) -> number1 | V57: =INDEX(Dim!$B:$B,MATCH($T57,Dim!$A:$A,0)) -> NUMBER | W57: FALSE
