Workbook
Name _FilterDatabase_0: GeneticDistanceProtocol!$A$1:$D$18
Name map_status_list: #REF!
Name map_status_list: #REF!
Name map_status_list: #REF!
Name map_status_list: #REF!
Name map_status_list: #REF!

Sheet ConceptSet
A1: id | B1: code | C1: name | D1: type | E1: regex | F1: schema_definition | G1: schema_uri | H1: description
A2: 0198ef6d-8543-90a8-a647-ae05912c77ba | B2: NOMINAL_1 | C2: Nominal_1 | D2: NOMINAL | H2: CATEGORY1_1, CATEGORY1_2, CATEGORY1_3
A3: 0198ef6d-8543-2a99-b3be-b0d2583cb604 | B3: NOMINAL_2 | C3: Nominal_2 | D3: NOMINAL | H3: CATEGORY2_1, CATEGORY2_2, CATEGORY2_3
A4: 0198ef6d-8543-b279-03a6-da9684b42b08 | B4: ORDINAL_1 | C4: Ordinal_1 | D4: ORDINAL | H4: RANK1_1, RANK1_2, RANK1_3
A5: 0198ef6d-8543-d076-3da0-dd48921087f9 | B5: ORDINAL_2 | C5: Ordinal_2 | D5: ORDINAL | H5: RANK2_1, RANK2_2, RANK2_3
A6: 0198ef6d-8543-020d-44c5-53e813a46714 | B6: AGE_CATEGORY_1 | C6: Age in years, intervals 0, 5, 15, 25, 45, 65 | D6: INTERVAL | H6: Age in years, intervals 0, 5, 15, 25, 45, 65
A7: 0198ef6d-8543-2a37-be54-7f7d24e1ed1d | B7: AGE_CATEGORY_2 | C7: Age in years, intervals 0, 5, 19, 65 | D7: INTERVAL | H7: Age in years, intervals 0, 5, 19, 65
A8: 0198ef6d-8543-f668-cedc-b78f8e3bc412 | B8: AGE_CATEGORY_3 | C8: Age in years, intervals 0, 15, 25, 35, 45 | D8: INTERVAL | H8: Age in years, intervals 0, 15, 25, 35, 45
A9: 0198ef6d-8543-2673-a691-fe8584d0695e | B9: AGE_CATEGORY_4 | C9: Age in years, intervals 0, 1, 5, 15, 20, 25, 35, 45, 55, 65 | D9: INTERVAL | H9: Age in years, intervals 0, 1, 5, 15, 20, 25, 35, 45, 55, 65
A10: 0198ef6d-8543-cb6b-0c98-c2a7e640e10d | B10: AGE_CATEGORY_5 | C10: Age in months, intervals 0, 1, 2, 3 | D10: INTERVAL | H10: Age in months, intervals 0, 1, 2, 3
A11: 0198ef6d-8543-a151-ab47-0394a80e2a05 | B11: REGULAR_LANGUAGE_1 | C11: Regex_1 | D11: REGULAR_LANGUAGE | E11: A\d+ | H11: A\d+
A12: 0198ef6d-8543-6df8-9098-78280604c758 | B12: REGULAR_LANGUAGE_2 | C12: Regex_2 | D12: REGULAR_LANGUAGE | E12: B\d+ | H12: B\d+

Sheet Concept
A1: id | B1: code | C1: name | D1: description | E1: rank | F1: props | G1: dm.lb | H1: dm.ub | I1: dm.concept_set_code | J1: concept_set_id | K1: dm.key.id | L1: dm.key.abbreviation | M1: dm.key.name
A2: 0198ef6d-8543-1558-187c-47880d4b485e | B2: CATEGORY1 | C2: Category1_1 | F2: {} | I2: =INDEX(ConceptSet!$B:$B,MATCH($J2,ConceptSet!$A:$A,0)) -> NOMINAL_1 | J2: 0198ef6d-8543-90a8-a647-ae05912c77ba | K2: =LOWER($J2)&"|"&LOWER($A2) -> 0198ef6d-8543-90a8-a647-ae05912c77ba|0198ef6d-8543-1558-187c-47880d4b485e | L2: =LOWER($J2)&"|"&LOWER($B2) -> 0198ef6d-8543-90a8-a647-ae05912c77ba|category1 | M2: =LOWER($J2)&"|"&LOWER($C2) -> 0198ef6d-8543-90a8-a647-ae05912c77ba|category1_1
A3: 0198ef6d-8543-022e-af76-07950e3be6d8 | B3: CATEGORY2 | C3: Category1_2 | F3: {} | I3: =INDEX(ConceptSet!$B:$B,MATCH($J3,ConceptSet!$A:$A,0)) -> NOMINAL_1 | J3: 0198ef6d-8543-90a8-a647-ae05912c77ba | K3: =LOWER($J3)&"|"&LOWER($A3) -> 0198ef6d-8543-90a8-a647-ae05912c77ba|0198ef6d-8543-022e-af76-07950e3be6d8 | L3: =LOWER($J3)&"|"&LOWER($B3) -> 0198ef6d-8543-90a8-a647-ae05912c77ba|category2 | M3: =LOWER($J3)&"|"&LOWER($C3) -> 0198ef6d-8543-90a8-a647-ae05912c77ba|category1_2
A4: 0198ef6d-8543-e759-11f0-adca304123d1 | B4: CATEGORY3 | C4: Category1_3 | F4: {} | I4: =INDEX(ConceptSet!$B:$B,MATCH($J4,ConceptSet!$A:$A,0)) -> NOMINAL_1 | J4: 0198ef6d-8543-90a8-a647-ae05912c77ba | K4: =LOWER($J4)&"|"&LOWER($A4) -> 0198ef6d-8543-90a8-a647-ae05912c77ba|0198ef6d-8543-e759-11f0-adca304123d1 | L4: =LOWER($J4)&"|"&LOWER($B4) -> 0198ef6d-8543-90a8-a647-ae05912c77ba|category3 | M4: =LOWER($J4)&"|"&LOWER($C4) -> 0198ef6d-8543-90a8-a647-ae05912c77ba|category1_3
A5: 0198ef6d-8543-6ac9-4915-b0f74393baa3 | B5: CATEGORY1 | C5: Category2_1 | F5: {} | I5: =INDEX(ConceptSet!$B:$B,MATCH($J5,ConceptSet!$A:$A,0)) -> NOMINAL_2 | J5: 0198ef6d-8543-2a99-b3be-b0d2583cb604 | K5: =LOWER($J5)&"|"&LOWER($A5) -> 0198ef6d-8543-2a99-b3be-b0d2583cb604|0198ef6d-8543-6ac9-4915-b0f74393baa3 | L5: =LOWER($J5)&"|"&LOWER($B5) -> 0198ef6d-8543-2a99-b3be-b0d2583cb604|category1 | M5: =LOWER($J5)&"|"&LOWER($C5) -> 0198ef6d-8543-2a99-b3be-b0d2583cb604|category2_1
A6: 0198ef6d-8543-d8eb-6c3e-2b68e40942f8 | B6: CATEGORY2 | C6: Category2_2 | F6: {} | I6: =INDEX(ConceptSet!$B:$B,MATCH($J6,ConceptSet!$A:$A,0)) -> NOMINAL_2 | J6: 0198ef6d-8543-2a99-b3be-b0d2583cb604 | K6: =LOWER($J6)&"|"&LOWER($A6) -> 0198ef6d-8543-2a99-b3be-b0d2583cb604|0198ef6d-8543-d8eb-6c3e-2b68e40942f8 | L6: =LOWER($J6)&"|"&LOWER($B6) -> 0198ef6d-8543-2a99-b3be-b0d2583cb604|category2 | M6: =LOWER($J6)&"|"&LOWER($C6) -> 0198ef6d-8543-2a99-b3be-b0d2583cb604|category2_2
A7: 0198ef6d-8543-2764-1452-6fe25c191511 | B7: CATEGORY3 | C7: Category2_3 | F7: {} | I7: =INDEX(ConceptSet!$B:$B,MATCH($J7,ConceptSet!$A:$A,0)) -> NOMINAL_2 | J7: 0198ef6d-8543-2a99-b3be-b0d2583cb604 | K7: =LOWER($J7)&"|"&LOWER($A7) -> 0198ef6d-8543-2a99-b3be-b0d2583cb604|0198ef6d-8543-2764-1452-6fe25c191511 | L7: =LOWER($J7)&"|"&LOWER($B7) -> 0198ef6d-8543-2a99-b3be-b0d2583cb604|category3 | M7: =LOWER($J7)&"|"&LOWER($C7) -> 0198ef6d-8543-2a99-b3be-b0d2583cb604|category2_3
A8: 0198ef6d-8543-73c8-d3af-92aa66e44b8c | B8: RANK1 | C8: Rank1_1 | E8: 1 | F8: {} | I8: =INDEX(ConceptSet!$B:$B,MATCH($J8,ConceptSet!$A:$A,0)) -> ORDINAL_1 | J8: 0198ef6d-8543-b279-03a6-da9684b42b08 | K8: =LOWER($J8)&"|"&LOWER($A8) -> 0198ef6d-8543-b279-03a6-da9684b42b08|0198ef6d-8543-73c8-d3af-92aa66e44b8c | L8: =LOWER($J8)&"|"&LOWER($B8) -> 0198ef6d-8543-b279-03a6-da9684b42b08|rank1 | M8: =LOWER($J8)&"|"&LOWER($C8) -> 0198ef6d-8543-b279-03a6-da9684b42b08|rank1_1
A9: 0198ef6d-8543-7395-2023-95bfee798f65 | B9: RANK2 | C9: Rank1_2 | E9: 2 | F9: {} | I9: =INDEX(ConceptSet!$B:$B,MATCH($J9,ConceptSet!$A:$A,0)) -> ORDINAL_1 | J9: 0198ef6d-8543-b279-03a6-da9684b42b08 | K9: =LOWER($J9)&"|"&LOWER($A9) -> 0198ef6d-8543-b279-03a6-da9684b42b08|0198ef6d-8543-7395-2023-95bfee798f65 | L9: =LOWER($J9)&"|"&LOWER($B9) -> 0198ef6d-8543-b279-03a6-da9684b42b08|rank2 | M9: =LOWER($J9)&"|"&LOWER($C9) -> 0198ef6d-8543-b279-03a6-da9684b42b08|rank1_2
A10: 0198ef6d-8543-ef67-b7ee-fa35926c01fd | B10: RANK3 | C10: Rank1_3 | E10: 3 | F10: {} | I10: =INDEX(ConceptSet!$B:$B,MATCH($J10,ConceptSet!$A:$A,0)) -> ORDINAL_1 | J10: 0198ef6d-8543-b279-03a6-da9684b42b08 | K10: =LOWER($J10)&"|"&LOWER($A10) -> 0198ef6d-8543-b279-03a6-da9684b42b08|0198ef6d-8543-ef67-b7ee-fa35926c01fd | L10: =LOWER($J10)&"|"&LOWER($B10) -> 0198ef6d-8543-b279-03a6-da9684b42b08|rank3 | M10: =LOWER($J10)&"|"&LOWER($C10) -> 0198ef6d-8543-b279-03a6-da9684b42b08|rank1_3
A11: 0198ef6d-8543-1842-1575-0be542168d82 | B11: RANK1 | C11: Rank2_1 | E11: 1 | F11: {} | I11: =INDEX(ConceptSet!$B:$B,MATCH($J11,ConceptSet!$A:$A,0)) -> ORDINAL_2 | J11: 0198ef6d-8543-d076-3da0-dd48921087f9 | K11: =LOWER($J11)&"|"&LOWER($A11) -> 0198ef6d-8543-d076-3da0-dd48921087f9|0198ef6d-8543-1842-1575-0be542168d82 | L11: =LOWER($J11)&"|"&LOWER($B11) -> 0198ef6d-8543-d076-3da0-dd48921087f9|rank1 | M11: =LOWER($J11)&"|"&LOWER($C11) -> 0198ef6d-8543-d076-3da0-dd48921087f9|rank2_1
A12: 0198ef6d-8543-db07-f368-c8dd91590021 | B12: RANK2 | C12: Rank2_2 | E12: 2 | F12: {} | I12: =INDEX(ConceptSet!$B:$B,MATCH($J12,ConceptSet!$A:$A,0)) -> ORDINAL_2 | J12: 0198ef6d-8543-d076-3da0-dd48921087f9 | K12: =LOWER($J12)&"|"&LOWER($A12) -> 0198ef6d-8543-d076-3da0-dd48921087f9|0198ef6d-8543-db07-f368-c8dd91590021 | L12: =LOWER($J12)&"|"&LOWER($B12) -> 0198ef6d-8543-d076-3da0-dd48921087f9|rank2 | M12: =LOWER($J12)&"|"&LOWER($C12) -> 0198ef6d-8543-d076-3da0-dd48921087f9|rank2_2
A13: 0198ef6d-8543-403c-ce3e-33a4efc54a25 | B13: RANK3 | C13: Rank2_3 | E13: 3 | F13: {} | I13: =INDEX(ConceptSet!$B:$B,MATCH($J13,ConceptSet!$A:$A,0)) -> ORDINAL_2 | J13: 0198ef6d-8543-d076-3da0-dd48921087f9 | K13: =LOWER($J13)&"|"&LOWER($A13) -> 0198ef6d-8543-d076-3da0-dd48921087f9|0198ef6d-8543-403c-ce3e-33a4efc54a25 | L13: =LOWER($J13)&"|"&LOWER($B13) -> 0198ef6d-8543-d076-3da0-dd48921087f9|rank3 | M13: =LOWER($J13)&"|"&LOWER($C13) -> 0198ef6d-8543-d076-3da0-dd48921087f9|rank2_3
A14: 0198ef6d-8543-9d0a-baf1-e5c51942de4e | B14: =IF($G14=$H14-1,$G14&"",$G14&IF($H14=125,"+","-"&$H14-1)) -> 5-14 | C14: ="Age in years, ["&$G14&", "&$H14&"[" -> Age in years, [5, 15[ | E14: 1 | F14: ="{""lb"":"&$G14&",""lb_in"":true,""ub"":"&$H14&",""ub_in"":false,""unit"":""YEAR""}" -> {"lb":5,"lb_in":true,"ub":15,"ub_in":false,"unit":"YEAR"} | G14: 5 | H14: 15 | I14: =INDEX(ConceptSet!$B:$B,MATCH($J14,ConceptSet!$A:$A,0)) -> AGE_CATEGORY_1 | J14: 0198ef6d-8543-020d-44c5-53e813a46714 | K14: =LOWER($J14)&"|"&LOWER($A14) -> 0198ef6d-8543-020d-44c5-53e813a46714|0198ef6d-8543-9d0a-baf1-e5c51942de4e | L14: =LOWER($J14)&"|"&LOWER($B14) -> 0198ef6d-8543-020d-44c5-53e813a46714|5-14 | M14: =LOWER($J14)&"|"&LOWER($C14) -> 0198ef6d-8543-020d-44c5-53e813a46714|age in years, [5, 15[
A15: 0198ef6d-8543-d03b-b9f4-f460fae89f04 | B15: =IF($G15=$H15-1,$G15&"",$G15&IF($H15=125,"+","-"&$H15-1)) -> 15-24 | C15: ="Age in years, ["&$G15&", "&$H15&"[" -> Age in years, [15, 25[ | E15: 2 | F15: ="{""lb"":"&$G15&",""lb_in"":true,""ub"":"&$H15&",""ub_in"":false,""unit"":""YEAR""}" -> {"lb":15,"lb_in":true,"ub":25,"ub_in":false,"unit":"YEAR"} | G15: 15 | H15: 25 | I15: =INDEX(ConceptSet!$B:$B,MATCH($J15,ConceptSet!$A:$A,0)) -> AGE_CATEGORY_1 | J15: 0198ef6d-8543-020d-44c5-53e813a46714 | K15: =LOWER($J15)&"|"&LOWER($A15) -> 0198ef6d-8543-020d-44c5-53e813a46714|0198ef6d-8543-d03b-b9f4-f460fae89f04 | L15: =LOWER($J15)&"|"&LOWER($B15) -> 0198ef6d-8543-020d-44c5-53e813a46714|15-24 | M15: =LOWER($J15)&"|"&LOWER($C15) -> 0198ef6d-8543-020d-44c5-53e813a46714|age in years, [15, 25[
A16: 0198ef6d-8543-e70f-7b7c-8e2af8fe9e2d | B16: =IF($G16=$H16-1,$G16&"",$G16&IF($H16=125,"+","-"&$H16-1)) -> 25-44 | C16: ="Age in years, ["&$G16&", "&$H16&"[" -> Age in years, [25, 45[ | E16: 3 | F16: ="{""lb"":"&$G16&",""lb_in"":true,""ub"":"&$H16&",""ub_in"":false,""unit"":""YEAR""}" -> {"lb":25,"lb_in":true,"ub":45,"ub_in":false,"unit":"YEAR"} | G16: 25 | H16: 45 | I16: =INDEX(ConceptSet!$B:$B,MATCH($J16,ConceptSet!$A:$A,0)) -> AGE_CATEGORY_1 | J16: 0198ef6d-8543-020d-44c5-53e813a46714 | K16: =LOWER($J16)&"|"&LOWER($A16) -> 0198ef6d-8543-020d-44c5-53e813a46714|0198ef6d-8543-e70f-7b7c-8e2af8fe9e2d | L16: =LOWER($J16)&"|"&LOWER($B16) -> 0198ef6d-8543-020d-44c5-53e813a46714|25-44 | M16: =LOWER($J16)&"|"&LOWER($C16) -> 0198ef6d-8543-020d-44c5-53e813a46714|age in years, [25, 45[
A17: 0198ef6d-8543-8304-54a7-34542a0a9c33 | B17: =IF($G17=$H17-1,$G17&"",$G17&IF($H17=125,"+","-"&$H17-1)) -> 45-64 | C17: ="Age in years, ["&$G17&", "&$H17&"[" -> Age in years, [45, 65[ | E17: 4 | F17: ="{""lb"":"&$G17&",""lb_in"":true,""ub"":"&$H17&",""ub_in"":false,""unit"":""YEAR""}" -> {"lb":45,"lb_in":true,"ub":65,"ub_in":false,"unit":"YEAR"} | G17: 45 | H17: 65 | I17: =INDEX(ConceptSet!$B:$B,MATCH($J17,ConceptSet!$A:$A,0)) -> AGE_CATEGORY_1 | J17: 0198ef6d-8543-020d-44c5-53e813a46714 | K17: =LOWER($J17)&"|"&LOWER($A17) -> 0198ef6d-8543-020d-44c5-53e813a46714|0198ef6d-8543-8304-54a7-34542a0a9c33 | L17: =LOWER($J17)&"|"&LOWER($B17) -> 0198ef6d-8543-020d-44c5-53e813a46714|45-64 | M17: =LOWER($J17)&"|"&LOWER($C17) -> 0198ef6d-8543-020d-44c5-53e813a46714|age in years, [45, 65[
A18: 0198ef6d-8543-c436-8749-ad1b2a75b4ba | B18: =IF($G18=$H18-1,$G18&"",$G18&IF($H18=125,"+","-"&$H18-1)) -> 65+ | C18: ="Age in years, ["&$G18&", "&$H18&"[" -> Age in years, [65, 125[ | E18: 5 | F18: ="{""lb"":"&$G18&",""lb_in"":true,""ub"":"&$H18&",""ub_in"":false,""unit"":""YEAR""}" -> {"lb":65,"lb_in":true,"ub":125,"ub_in":false,"unit":"YEAR"} | G18: 65 | H18: 125 | I18: =INDEX(ConceptSet!$B:$B,MATCH($J18,ConceptSet!$A:$A,0)) -> AGE_CATEGORY_1 | J18: 0198ef6d-8543-020d-44c5-53e813a46714 | K18: =LOWER($J18)&"|"&LOWER($A18) -> 0198ef6d-8543-020d-44c5-53e813a46714|0198ef6d-8543-c436-8749-ad1b2a75b4ba | L18: =LOWER($J18)&"|"&LOWER($B18) -> 0198ef6d-8543-020d-44c5-53e813a46714|65+ | M18: =LOWER($J18)&"|"&LOWER($C18) -> 0198ef6d-8543-020d-44c5-53e813a46714|age in years, [65, 125[
A19: 0198ef6d-8543-893c-c5e2-73c38bec9ac6 | B19: =IF($G19=$H19-1,$G19&"",$G19&IF($H19=125,"+","-"&$H19-1)) -> 5-18 | C19: ="Age in years, ["&$G19&", "&$H19&"[" -> Age in years, [5, 19[ | E19: 1 | F19: ="{""lb"":"&$G19&",""lb_in"":true,""ub"":"&$H19&",""ub_in"":false,""unit"":""YEAR""}" -> {"lb":5,"lb_in":true,"ub":19,"ub_in":false,"unit":"YEAR"} | G19: 5 | H19: 19 | I19: =INDEX(ConceptSet!$B:$B,MATCH($J19,ConceptSet!$A:$A,0)) -> AGE_CATEGORY_2 | J19: 0198ef6d-8543-2a37-be54-7f7d24e1ed1d | K19: =LOWER($J19)&"|"&LOWER($A19) -> 0198ef6d-8543-2a37-be54-7f7d24e1ed1d|0198ef6d-8543-893c-c5e2-73c38bec9ac6 | L19: =LOWER($J19)&"|"&LOWER($B19) -> 0198ef6d-8543-2a37-be54-7f7d24e1ed1d|5-18 | M19: =LOWER($J19)&"|"&LOWER($C19) -> 0198ef6d-8543-2a37-be54-7f7d24e1ed1d|age in years, [5, 19[
A20: 0198ef6d-8543-626b-c05d-de74547d3621 | B20: =IF($G20=$H20-1,$G20&"",$G20&IF($H20=125,"+","-"&$H20-1)) -> 19-64 | C20: ="Age in years, ["&$G20&", "&$H20&"[" -> Age in years, [19, 65[ | E20: 2 | F20: ="{""lb"":"&$G20&",""lb_in"":true,""ub"":"&$H20&",""ub_in"":false,""unit"":""YEAR""}" -> {"lb":19,"lb_in":true,"ub":65,"ub_in":false,"unit":"YEAR"} | G20: 19 | H20: 65 | I20: =INDEX(ConceptSet!$B:$B,MATCH($J20,ConceptSet!$A:$A,0)) -> AGE_CATEGORY_2 | J20: 0198ef6d-8543-2a37-be54-7f7d24e1ed1d | K20: =LOWER($J20)&"|"&LOWER($A20) -> 0198ef6d-8543-2a37-be54-7f7d24e1ed1d|0198ef6d-8543-626b-c05d-de74547d3621 | L20: =LOWER($J20)&"|"&LOWER($B20) -> 0198ef6d-8543-2a37-be54-7f7d24e1ed1d|19-64 | M20: =LOWER($J20)&"|"&LOWER($C20) -> 0198ef6d-8543-2a37-be54-7f7d24e1ed1d|age in years, [19, 65[
A21: 0198ef6d-8543-1ce7-83c8-e53fe4b7fb8e | B21: =IF($G21=$H21-1,$G21&"",$G21&IF($H21=125,"+","-"&$H21-1)) -> 0-14 | C21: ="Age in years, ["&$G21&", "&$H21&"[" -> Age in years, [0, 15[ | E21: 1 | F21: ="{""lb"":"&$G21&",""lb_in"":true,""ub"":"&$H21&",""ub_in"":false,""unit"":""YEAR""}" -> {"lb":0,"lb_in":true,"ub":15,"ub_in":false,"unit":"YEAR"} | G21: 0 | H21: 15 | I21: =INDEX(ConceptSet!$B:$B,MATCH($J21,ConceptSet!$A:$A,0)) -> AGE_CATEGORY_3 | J21: 0198ef6d-8543-f668-cedc-b78f8e3bc412 | K21: =LOWER($J21)&"|"&LOWER($A21) -> 0198ef6d-8543-f668-cedc-b78f8e3bc412|0198ef6d-8543-1ce7-83c8-e53fe4b7fb8e | L21: =LOWER($J21)&"|"&LOWER($B21) -> 0198ef6d-8543-f668-cedc-b78f8e3bc412|0-14 | M21: =LOWER($J21)&"|"&LOWER($C21) -> 0198ef6d-8543-f668-cedc-b78f8e3bc412|age in years, [0, 15[
A22: 0198ef6d-8543-773c-35de-7133eb350f0c | B22: =IF($G22=$H22-1,$G22&"",$G22&IF($H22=125,"+","-"&$H22-1)) -> 25-34 | C22: ="Age in years, ["&$G22&", "&$H22&"[" -> Age in years, [25, 35[ | E22: 2 | F22: ="{""lb"":"&$G22&",""lb_in"":true,""ub"":"&$H22&",""ub_in"":false,""unit"":""YEAR""}" -> {"lb":25,"lb_in":true,"ub":35,"ub_in":false,"unit":"YEAR"} | G22: 25 | H22: 35 | I22: =INDEX(ConceptSet!$B:$B,MATCH($J22,ConceptSet!$A:$A,0)) -> AGE_CATEGORY_3 | J22: 0198ef6d-8543-f668-cedc-b78f8e3bc412 | K22: =LOWER($J22)&"|"&LOWER($A22) -> 0198ef6d-8543-f668-cedc-b78f8e3bc412|0198ef6d-8543-773c-35de-7133eb350f0c | L22: =LOWER($J22)&"|"&LOWER($B22) -> 0198ef6d-8543-f668-cedc-b78f8e3bc412|25-34 | M22: =LOWER($J22)&"|"&LOWER($C22) -> 0198ef6d-8543-f668-cedc-b78f8e3bc412|age in years, [25, 35[
A23: 0198ef6d-8543-8382-74c3-3094271a22fd | B23: =IF($G23=$H23-1,$G23&"",$G23&IF($H23=125,"+","-"&$H23-1)) -> 35-44 | C23: ="Age in years, ["&$G23&", "&$H23&"[" -> Age in years, [35, 45[ | E23: 3 | F23: ="{""lb"":"&$G23&",""lb_in"":true,""ub"":"&$H23&",""ub_in"":false,""unit"":""YEAR""}" -> {"lb":35,"lb_in":true,"ub":45,"ub_in":false,"unit":"YEAR"} | G23: 35 | H23: 45 | I23: =INDEX(ConceptSet!$B:$B,MATCH($J23,ConceptSet!$A:$A,0)) -> AGE_CATEGORY_3 | J23: 0198ef6d-8543-f668-cedc-b78f8e3bc412 | K23: =LOWER($J23)&"|"&LOWER($A23) -> 0198ef6d-8543-f668-cedc-b78f8e3bc412|0198ef6d-8543-8382-74c3-3094271a22fd | L23: =LOWER($J23)&"|"&LOWER($B23) -> 0198ef6d-8543-f668-cedc-b78f8e3bc412|35-44 | M23: =LOWER($J23)&"|"&LOWER($C23) -> 0198ef6d-8543-f668-cedc-b78f8e3bc412|age in years, [35, 45[
A24: 0198ef6d-8543-9cc1-eca7-e072c2b8acae | B24: =IF($G24=$H24-1,$G24&"",$G24&IF($H24=125,"+","-"&$H24-1)) -> 45+ | C24: ="Age in years, ["&$G24&", "&$H24&"[" -> Age in years, [45, 125[ | E24: 4 | F24: ="{""lb"":"&$G24&",""lb_in"":true,""ub"":"&$H24&",""ub_in"":false,""unit"":""YEAR""}" -> {"lb":45,"lb_in":true,"ub":125,"ub_in":false,"unit":"YEAR"} | G24: 45 | H24: 125 | I24: =INDEX(ConceptSet!$B:$B,MATCH($J24,ConceptSet!$A:$A,0)) -> AGE_CATEGORY_3 | J24: 0198ef6d-8543-f668-cedc-b78f8e3bc412 | K24: =LOWER($J24)&"|"&LOWER($A24) -> 0198ef6d-8543-f668-cedc-b78f8e3bc412|0198ef6d-8543-9cc1-eca7-e072c2b8acae | L24: =LOWER($J24)&"|"&LOWER($B24) -> 0198ef6d-8543-f668-cedc-b78f8e3bc412|45+ | M24: =LOWER($J24)&"|"&LOWER($C24) -> 0198ef6d-8543-f668-cedc-b78f8e3bc412|age in years, [45, 125[
A25: 0198ef6d-8543-98db-539f-d07c72d29ddb | B25: =IF($G25=$H25-1,$G25&"",$G25&IF($H25=125,"+","-"&$H25-1)) -> 0 | C25: ="Age in years, ["&$G25&", "&$H25&"[" -> Age in years, [0, 1[ | E25: 1 | F25: ="{""lb"":"&$G25&",""lb_in"":true,""ub"":"&$H25&",""ub_in"":false,""unit"":""YEAR""}" -> {"lb":0,"lb_in":true,"ub":1,"ub_in":false,"unit":"YEAR"} | G25: 0 | H25: 1 | I25: =INDEX(ConceptSet!$B:$B,MATCH($J25,ConceptSet!$A:$A,0)) -> AGE_CATEGORY_4 | J25: 0198ef6d-8543-2673-a691-fe8584d0695e | K25: =LOWER($J25)&"|"&LOWER($A25) -> 0198ef6d-8543-2673-a691-fe8584d0695e|0198ef6d-8543-98db-539f-d07c72d29ddb | L25: =LOWER($J25)&"|"&LOWER($B25) -> 0198ef6d-8543-2673-a691-fe8584d0695e|0 | M25: =LOWER($J25)&"|"&LOWER($C25) -> 0198ef6d-8543-2673-a691-fe8584d0695e|age in years, [0, 1[
... A28: 0198ef6d-8543-70a1-1296-358b9a16f485 | B28: =IF($G28=$H28-1,$G28&"",$G28&IF($H28=125,"+","-"&$H28-1)) -> 55-64 | C28: ="Age in years, ["&$G28&", "&$H28&"[" -> Age in years, [55, 65[ | E28: 4 | F28: ="{""lb"":"&$G28&",""lb_in"":true,""ub"":"&$H28&",""ub_in"":false,""unit"":""YEAR""}" -> {"lb":55,"lb_in":true,"ub":65,"ub_in":false,"unit":"YEAR"} | G28: 55 | H28: 65 | I28: =INDEX(ConceptSet!$B:$B,MATCH($J28,ConceptSet!$A:$A,0)) -> AGE_CATEGORY_4 | J28: 0198ef6d-8543-2673-a691-fe8584d0695e | K28: =LOWER($J28)&"|"&LOWER($A28) -> 0198ef6d-8543-2673-a691-fe8584d0695e|0198ef6d-8543-70a1-1296-358b9a16f485 | L28: =LOWER($J28)&"|"&LOWER($B28) -> 0198ef6d-8543-2673-a691-fe8584d0695e|55-64 | M28: =LOWER($J28)&"|"&LOWER($C28) -> 0198ef6d-8543-2673-a691-fe8584d0695e|age in years, [55, 65[
A29: 0198ef6d-8543-595a-1fed-0c02d313b824 | B29: =IF($G29=$H29-1,$G29&"",$G29&IF($H29=48,"+","-"&$H29-1))&"M" -> 0M | C29: ="Age in months, ["&$G29&", "&$H29&"[" -> Age in months, [0, 1[ | E29: 1 | F29: ="{""lb"":"&$G29&",""lb_in"":true,""ub"":"&$H29&",""ub_in"":false,""unit"":""MONTH""}" -> {"lb":0,"lb_in":true,"ub":1,"ub_in":false,"unit":"MONTH"} | G29: 0 | H29: 1 | I29: =INDEX(ConceptSet!$B:$B,MATCH($J29,ConceptSet!$A:$A,0)) -> AGE_CATEGORY_5 | J29: 0198ef6d-8543-cb6b-0c98-c2a7e640e10d | K29: =LOWER($J29)&"|"&LOWER($A29) -> 0198ef6d-8543-cb6b-0c98-c2a7e640e10d|0198ef6d-8543-595a-1fed-0c02d313b824 | L29: =LOWER($J29)&"|"&LOWER($B29) -> 0198ef6d-8543-cb6b-0c98-c2a7e640e10d|0m | M29: =LOWER($J29)&"|"&LOWER($C29) -> 0198ef6d-8543-cb6b-0c98-c2a7e640e10d|age in months, [0, 1[
A30: 0198ef6d-8543-9248-0edb-2477c9364381 | B30: =IF($G30=$H30-1,$G30&"",$G30&IF($H30=48,"+","-"&$H30-1))&"M" -> 1M | C30: ="Age in months, ["&$G30&", "&$H30&"[" -> Age in months, [1, 2[ | E30: 2 | F30: ="{""lb"":"&$G30&",""lb_in"":true,""ub"":"&$H30&",""ub_in"":false,""unit"":""MONTH""}" -> {"lb":1,"lb_in":true,"ub":2,"ub_in":false,"unit":"MONTH"} | G30: 1 | H30: 2 | I30: =INDEX(ConceptSet!$B:$B,MATCH($J30,ConceptSet!$A:$A,0)) -> AGE_CATEGORY_5 | J30: 0198ef6d-8543-cb6b-0c98-c2a7e640e10d | K30: =LOWER($J30)&"|"&LOWER($A30) -> 0198ef6d-8543-cb6b-0c98-c2a7e640e10d|0198ef6d-8543-9248-0edb-2477c9364381 | L30: =LOWER($J30)&"|"&LOWER($B30) -> 0198ef6d-8543-cb6b-0c98-c2a7e640e10d|1m | M30: =LOWER($J30)&"|"&LOWER($C30) -> 0198ef6d-8543-cb6b-0c98-c2a7e640e10d|age in months, [1, 2[
A31: 0198ef6d-8543-fa54-4ee1-8145b37ae29c | B31: =IF($G31=$H31-1,$G31&"",$G31&IF($H31=48,"+","-"&$H31-1))&"M" -> 2M | C31: ="Age in months, ["&$G31&", "&$H31&"[" -> Age in months, [2, 3[ | E31: 3 | F31: ="{""lb"":"&$G31&",""lb_in"":true,""ub"":"&$H31&",""ub_in"":false,""unit"":""MONTH""}" -> {"lb":2,"lb_in":true,"ub":3,"ub_in":false,"unit":"MONTH"} | G31: 2 | H31: 3 | I31: =INDEX(ConceptSet!$B:$B,MATCH($J31,ConceptSet!$A:$A,0)) -> AGE_CATEGORY_5 | J31: 0198ef6d-8543-cb6b-0c98-c2a7e640e10d | K31: =LOWER($J31)&"|"&LOWER($A31) -> 0198ef6d-8543-cb6b-0c98-c2a7e640e10d|0198ef6d-8543-fa54-4ee1-8145b37ae29c | L31: =LOWER($J31)&"|"&LOWER($B31) -> 0198ef6d-8543-cb6b-0c98-c2a7e640e10d|2m | M31: =LOWER($J31)&"|"&LOWER($C31) -> 0198ef6d-8543-cb6b-0c98-c2a7e640e10d|age in months, [2, 3[
A32: 0198ef6d-8543-9154-e58f-dd117f762168 | B32: =IF($G32=$H32-1,$G32&"",$G32&IF($H32=48,"+","-"&$H32-1))&"M" -> 3+M | C32: ="Age in months, ["&$G32&", "&$H32&"[" -> Age in months, [3, 48[ | E32: 4 | F32: ="{""lb"":"&$G32&",""lb_in"":true,""ub"":"&$H32&",""ub_in"":false,""unit"":""MONTH""}" -> {"lb":3,"lb_in":true,"ub":48,"ub_in":false,"unit":"MONTH"} | G32: 3 | H32: 48 | I32: =INDEX(ConceptSet!$B:$B,MATCH($J32,ConceptSet!$A:$A,0)) -> AGE_CATEGORY_5 | J32: 0198ef6d-8543-cb6b-0c98-c2a7e640e10d | K32: =LOWER($J32)&"|"&LOWER($A32) -> 0198ef6d-8543-cb6b-0c98-c2a7e640e10d|0198ef6d-8543-9154-e58f-dd117f762168 | L32: =LOWER($J32)&"|"&LOWER($B32) -> 0198ef6d-8543-cb6b-0c98-c2a7e640e10d|3+m | M32: =LOWER($J32)&"|"&LOWER($C32) -> 0198ef6d-8543-cb6b-0c98-c2a7e640e10d|age in months, [3, 48[

Sheet ConceptRelation
A1: id | B1: from_concept_id | C1: to_concept_id | D1: dm.qc.no_identical_from_to | E1: dm.from_concept.name | F1: dm.to_concept.name | G1: dm.from_concept.concept_set.code | H1: dm.to_concept.concept_set.code | I1: relation
A2: 019965ee-523d-8f13-b94b-16fb4469bb06 | B2: 0198ef6d-8543-1558-187c-47880d4b485e | C2: 0198ef6d-8543-6ac9-4915-b0f74393baa3 | D2: =$B2<>$C2 -> TRUE | E2: =INDEX(Concept!$C:$C,MATCH($B2,Concept!$A:$A,0)) -> Category1_1 | F2: =INDEX(Concept!$C:$C,MATCH($C2,Concept!$A:$A,0)) -> Category2_1 | G2: =INDEX(Concept!$I:$I,MATCH($B2,Concept!$A:$A,0)) -> NOMINAL_1 | H2: =INDEX(Concept!$I:$I,MATCH($C2,Concept!$A:$A,0)) -> NOMINAL_2 | I2: CONTAINS
A3: 019965ee-523d-6fda-d1cb-4f3cb8eb8637 | B3: 0198ef6d-8543-1558-187c-47880d4b485e | C3: 0198ef6d-8543-d8eb-6c3e-2b68e40942f8 | D3: =$B3<>$C3 -> TRUE | E3: =INDEX(Concept!$C:$C,MATCH($B3,Concept!$A:$A,0)) -> Category1_1 | F3: =INDEX(Concept!$C:$C,MATCH($C3,Concept!$A:$A,0)) -> Category2_2 | G3: =INDEX(Concept!$I:$I,MATCH($B3,Concept!$A:$A,0)) -> NOMINAL_1 | H3: =INDEX(Concept!$I:$I,MATCH($C3,Concept!$A:$A,0)) -> NOMINAL_2 | I3: CONTAINS

Sheet RegionSet
A1: id | B1: code | C1: name | D1: resolution | E1: region_code_as_label
A2: 0198ef6d-8543-92bb-3d7b-9a6b17e52c7d | B2: PC_L4 | C2: Postal codes - Level 4 | D2: 4 | E2: TRUE
A3: 0198ef6d-8543-0ad2-6a86-701cc690b0a4 | B3: PC_L3 | C3: Postal codes - Level 3 | D3: 3 | E3: TRUE
A4: 0198ef6d-8543-5e3f-5ed0-dd932e32c2aa | B4: MUN | C4: Municipalities | D4: 2 | E4: FALSE
A5: 0198ef6d-8543-ca21-8fc9-aac9c10fe055 | B5: PV | C5: Provinces | D5: 1 | E5: FALSE

Sheet Region
A1: id | B1: region_set_id | C1: region_set_name | D1: code | E1: name | F1: centroid_lat | G1: centroid_lon | H1: center_lat | I1: center_lon | J1: dm.key.code | K1: dm.key.name
A2: 0198ef6d-8543-98d5-9df4-4ac64d603502 | B2: 0198ef6d-8543-92bb-3d7b-9a6b17e52c7d | C2: =INDEX(RegionSet!$C:$C,MATCH($B2,RegionSet!$A:$A,0)) -> Postal codes - Level 4 | D2: 1011 | E2: ="PC_"&$D2 -> PC_1011 | F2: 1 | G2: 1 | H2: 1 | I2: 1 | J2: =LOWER($B2&"|"&$D2) -> 0198ef6d-8543-92bb-3d7b-9a6b17e52c7d|1011 | K2: =LOWER($B2&"|"&$E2) -> 0198ef6d-8543-92bb-3d7b-9a6b17e52c7d|pc_1011
A3: 0198ef6d-8543-ae94-efef-2be1b23245af | B3: 0198ef6d-8543-92bb-3d7b-9a6b17e52c7d | C3: =INDEX(RegionSet!$C:$C,MATCH($B3,RegionSet!$A:$A,0)) -> Postal codes - Level 4 | D3: 1012 | E3: ="PC_"&$D3 -> PC_1012 | F3: 1 | G3: 1 | H3: 1 | I3: 1 | J3: =LOWER($B3&"|"&$D3) -> 0198ef6d-8543-92bb-3d7b-9a6b17e52c7d|1012 | K3: =LOWER($B3&"|"&$E3) -> 0198ef6d-8543-92bb-3d7b-9a6b17e52c7d|pc_1012
A4: 0198ef6d-8543-8b5f-18fa-1ed57d0932cc | B4: 0198ef6d-8543-92bb-3d7b-9a6b17e52c7d | C4: =INDEX(RegionSet!$C:$C,MATCH($B4,RegionSet!$A:$A,0)) -> Postal codes - Level 4 | D4: 1013 | E4: ="PC_"&$D4 -> PC_1013 | F4: 1 | G4: 1 | H4: 1 | I4: 1 | J4: =LOWER($B4&"|"&$D4) -> 0198ef6d-8543-92bb-3d7b-9a6b17e52c7d|1013 | K4: =LOWER($B4&"|"&$E4) -> 0198ef6d-8543-92bb-3d7b-9a6b17e52c7d|pc_1013
A5: 0198ef6d-8543-a364-ca72-6ec6f635451c | B5: 0198ef6d-8543-92bb-3d7b-9a6b17e52c7d | C5: =INDEX(RegionSet!$C:$C,MATCH($B5,RegionSet!$A:$A,0)) -> Postal codes - Level 4 | D5: 1021 | E5: ="PC_"&$D5 -> PC_1021 | F5: 1 | G5: 1 | H5: 1 | I5: 1 | J5: =LOWER($B5&"|"&$D5) -> 0198ef6d-8543-92bb-3d7b-9a6b17e52c7d|1021 | K5: =LOWER($B5&"|"&$E5) -> 0198ef6d-8543-92bb-3d7b-9a6b17e52c7d|pc_1021
A6: 0198ef6d-8543-36e6-2666-1cd464720c40 | B6: 0198ef6d-8543-92bb-3d7b-9a6b17e52c7d | C6: =INDEX(RegionSet!$C:$C,MATCH($B6,RegionSet!$A:$A,0)) -> Postal codes - Level 4 | D6: 1022 | E6: ="PC_"&$D6 -> PC_1022 | F6: 1 | G6: 1 | H6: 1 | I6: 1 | J6: =LOWER($B6&"|"&$D6) -> 0198ef6d-8543-92bb-3d7b-9a6b17e52c7d|1022 | K6: =LOWER($B6&"|"&$E6) -> 0198ef6d-8543-92bb-3d7b-9a6b17e52c7d|pc_1022
A7: 0198ef6d-8543-6c09-555d-db3403ec2556 | B7: 0198ef6d-8543-92bb-3d7b-9a6b17e52c7d | C7: =INDEX(RegionSet!$C:$C,MATCH($B7,RegionSet!$A:$A,0)) -> Postal codes - Level 4 | D7: 1023 | E7: ="PC_"&$D7 -> PC_1023 | F7: 1 | G7: 1 | H7: 1 | I7: 1 | J7: =LOWER($B7&"|"&$D7) -> 0198ef6d-8543-92bb-3d7b-9a6b17e52c7d|1023 | K7: =LOWER($B7&"|"&$E7) -> 0198ef6d-8543-92bb-3d7b-9a6b17e52c7d|pc_1023
A8: 0198ef6d-8543-dcdc-9496-52bc01e1c56d | B8: 0198ef6d-8543-0ad2-6a86-701cc690b0a4 | C8: =INDEX(RegionSet!$C:$C,MATCH($B8,RegionSet!$A:$A,0)) -> Postal codes - Level 3 | D8: 101 | E8: ="PC_"&$D8 -> PC_101 | F8: 1 | G8: 1 | H8: 1 | I8: 1 | J8: =LOWER($B8&"|"&$D8) -> 0198ef6d-8543-0ad2-6a86-701cc690b0a4|101 | K8: =LOWER($B8&"|"&$E8) -> 0198ef6d-8543-0ad2-6a86-701cc690b0a4|pc_101
A9: 0198ef6d-8543-633c-9a80-b3ee43366dab | B9: 0198ef6d-8543-0ad2-6a86-701cc690b0a4 | C9: =INDEX(RegionSet!$C:$C,MATCH($B9,RegionSet!$A:$A,0)) -> Postal codes - Level 3 | D9: 102 | E9: ="PC_"&$D9 -> PC_102 | F9: 1 | G9: 1 | H9: 1 | I9: 1 | J9: =LOWER($B9&"|"&$D9) -> 0198ef6d-8543-0ad2-6a86-701cc690b0a4|102 | K9: =LOWER($B9&"|"&$E9) -> 0198ef6d-8543-0ad2-6a86-701cc690b0a4|pc_102
A10: 0198ef6d-8543-83bf-6a77-33c7baa8eca4 | B10: 0198ef6d-8543-5e3f-5ed0-dd932e32c2aa | C10: =INDEX(RegionSet!$C:$C,MATCH($B10,RegionSet!$A:$A,0)) -> Municipalities | D10: A | E10: MUN_A | F10: 1 | G10: 1 | H10: 1 | I10: 1 | J10: =LOWER($B10&"|"&$D10) -> 0198ef6d-8543-5e3f-5ed0-dd932e32c2aa|a | K10: =LOWER($B10&"|"&$E10) -> 0198ef6d-8543-5e3f-5ed0-dd932e32c2aa|mun_a
A11: 0198ef6d-8543-5e67-2557-0e2746373e1d | B11: 0198ef6d-8543-5e3f-5ed0-dd932e32c2aa | C11: =INDEX(RegionSet!$C:$C,MATCH($B11,RegionSet!$A:$A,0)) -> Municipalities | D11: B | E11: MUN_B | F11: 1 | G11: 1 | H11: 1 | I11: 1 | J11: =LOWER($B11&"|"&$D11) -> 0198ef6d-8543-5e3f-5ed0-dd932e32c2aa|b | K11: =LOWER($B11&"|"&$E11) -> 0198ef6d-8543-5e3f-5ed0-dd932e32c2aa|mun_b
A12: 0198ef6d-8543-b5ae-6be3-ce46ae7b36cb | B12: 0198ef6d-8543-5e3f-5ed0-dd932e32c2aa | C12: =INDEX(RegionSet!$C:$C,MATCH($B12,RegionSet!$A:$A,0)) -> Municipalities | D12: C | E12: MUN_C | F12: 1 | G12: 1 | H12: 1 | I12: 1 | J12: =LOWER($B12&"|"&$D12) -> 0198ef6d-8543-5e3f-5ed0-dd932e32c2aa|c | K12: =LOWER($B12&"|"&$E12) -> 0198ef6d-8543-5e3f-5ed0-dd932e32c2aa|mun_c
A13: 0198ef6d-8543-2881-ac87-bb85405cfd45 | B13: 0198ef6d-8543-ca21-8fc9-aac9c10fe055 | C13: =INDEX(RegionSet!$C:$C,MATCH($B13,RegionSet!$A:$A,0)) -> Provinces | D13: PV_1 | E13: Province_1 | F13: 1 | G13: 1 | H13: 1 | I13: 1 | J13: =LOWER($B13&"|"&$D13) -> 0198ef6d-8543-ca21-8fc9-aac9c10fe055|pv_1 | K13: =LOWER($B13&"|"&$E13) -> 0198ef6d-8543-ca21-8fc9-aac9c10fe055|province_1
A14: 0198ef6d-8543-492f-605f-9f24aff04b0c | B14: 0198ef6d-8543-ca21-8fc9-aac9c10fe055 | C14: =INDEX(RegionSet!$C:$C,MATCH($B14,RegionSet!$A:$A,0)) -> Provinces | D14: PV_2 | E14: Province_2 | F14: 1 | G14: 1 | H14: 1 | I14: 1 | J14: =LOWER($B14&"|"&$D14) -> 0198ef6d-8543-ca21-8fc9-aac9c10fe055|pv_2 | K14: =LOWER($B14&"|"&$E14) -> 0198ef6d-8543-ca21-8fc9-aac9c10fe055|province_2
A15: 0198ef6d-8543-e169-e90c-b16046775a79 | B15: 0198ef6d-8543-ca21-8fc9-aac9c10fe055 | C15: =INDEX(RegionSet!$C:$C,MATCH($B15,RegionSet!$A:$A,0)) -> Provinces | D15: PV_3 | E15: Province_3 | F15: 1 | G15: 1 | H15: 1 | I15: 1 | J15: =LOWER($B15&"|"&$D15) -> 0198ef6d-8543-ca21-8fc9-aac9c10fe055|pv_3 | K15: =LOWER($B15&"|"&$E15) -> 0198ef6d-8543-ca21-8fc9-aac9c10fe055|province_3

Sheet RegionRelation
A1: id | B1: from_region_id | C1: from_region_name | D1: to_region_id | E1: to_region_name | F1: relation
A2: 0198ef6d-8543-0c0b-4a83-bc5645c27a12 | B2: 0198ef6d-8543-dcdc-9496-52bc01e1c56d | C2: =INDEX(Region!$E:$E,MATCH($B2,Region!$A:$A,0)) -> PC_101 | D2: 0198ef6d-8543-98d5-9df4-4ac64d603502 | E2: =INDEX(Region!$E:$E,MATCH($D2,Region!$A:$A,0)) -> PC_1011 | F2: CONTAINS
A3: 0198ef6d-8543-6900-d021-0a967bc5a835 | B3: 0198ef6d-8543-dcdc-9496-52bc01e1c56d | C3: =INDEX(Region!$E:$E,MATCH($B3,Region!$A:$A,0)) -> PC_101 | D3: 0198ef6d-8543-ae94-efef-2be1b23245af | E3: =INDEX(Region!$E:$E,MATCH($D3,Region!$A:$A,0)) -> PC_1012 | F3: CONTAINS
A4: 0198ef6d-8543-b77a-986a-970332b990bf | B4: 0198ef6d-8543-dcdc-9496-52bc01e1c56d | C4: =INDEX(Region!$E:$E,MATCH($B4,Region!$A:$A,0)) -> PC_101 | D4: 0198ef6d-8543-8b5f-18fa-1ed57d0932cc | E4: =INDEX(Region!$E:$E,MATCH($D4,Region!$A:$A,0)) -> PC_1013 | F4: CONTAINS
A5: 0198ef6d-8543-4356-94fa-71fde8f78147 | B5: 0198ef6d-8543-633c-9a80-b3ee43366dab | C5: =INDEX(Region!$E:$E,MATCH($B5,Region!$A:$A,0)) -> PC_102 | D5: 0198ef6d-8543-a364-ca72-6ec6f635451c | E5: =INDEX(Region!$E:$E,MATCH($D5,Region!$A:$A,0)) -> PC_1021 | F5: CONTAINS
A6: 0198ef6d-8543-446a-e48d-84d9816d7653 | B6: 0198ef6d-8543-633c-9a80-b3ee43366dab | C6: =INDEX(Region!$E:$E,MATCH($B6,Region!$A:$A,0)) -> PC_102 | D6: 0198ef6d-8543-36e6-2666-1cd464720c40 | E6: =INDEX(Region!$E:$E,MATCH($D6,Region!$A:$A,0)) -> PC_1022 | F6: CONTAINS
A7: 0198ef6d-8543-bf0a-5017-971b46110913 | B7: 0198ef6d-8543-633c-9a80-b3ee43366dab | C7: =INDEX(Region!$E:$E,MATCH($B7,Region!$A:$A,0)) -> PC_102 | D7: 0198ef6d-8543-6c09-555d-db3403ec2556 | E7: =INDEX(Region!$E:$E,MATCH($D7,Region!$A:$A,0)) -> PC_1023 | F7: CONTAINS
A8: 0198ef6d-8543-9029-dc48-eaa05a343a26 | B8: 0198ef6d-8543-83bf-6a77-33c7baa8eca4 | C8: =INDEX(Region!$E:$E,MATCH($B8,Region!$A:$A,0)) -> MUN_A | D8: 0198ef6d-8543-98d5-9df4-4ac64d603502 | E8: =INDEX(Region!$E:$E,MATCH($D8,Region!$A:$A,0)) -> PC_1011 | F8: CONTAINS
A9: 0198ef6d-8543-6a58-c520-ee5673f2e787 | B9: 0198ef6d-8543-83bf-6a77-33c7baa8eca4 | C9: =INDEX(Region!$E:$E,MATCH($B9,Region!$A:$A,0)) -> MUN_A | D9: 0198ef6d-8543-ae94-efef-2be1b23245af | E9: =INDEX(Region!$E:$E,MATCH($D9,Region!$A:$A,0)) -> PC_1012 | F9: CONTAINS
A10: 0198ef6d-8543-5d0c-da5a-9488f8a33242 | B10: 0198ef6d-8543-5e67-2557-0e2746373e1d | C10: =INDEX(Region!$E:$E,MATCH($B10,Region!$A:$A,0)) -> MUN_B | D10: 0198ef6d-8543-8b5f-18fa-1ed57d0932cc | E10: =INDEX(Region!$E:$E,MATCH($D10,Region!$A:$A,0)) -> PC_1013 | F10: CONTAINS
A11: 0198ef6d-8543-4f94-dbed-811f8c7fea6e | B11: 0198ef6d-8543-5e67-2557-0e2746373e1d | C11: =INDEX(Region!$E:$E,MATCH($B11,Region!$A:$A,0)) -> MUN_B | D11: 0198ef6d-8543-a364-ca72-6ec6f635451c | E11: =INDEX(Region!$E:$E,MATCH($D11,Region!$A:$A,0)) -> PC_1021 | F11: CONTAINS
A12: 0198ef6d-8543-0012-5a19-386a453bb806 | B12: 0198ef6d-8543-b5ae-6be3-ce46ae7b36cb | C12: =INDEX(Region!$E:$E,MATCH($B12,Region!$A:$A,0)) -> MUN_C | D12: 0198ef6d-8543-36e6-2666-1cd464720c40 | E12: =INDEX(Region!$E:$E,MATCH($D12,Region!$A:$A,0)) -> PC_1022 | F12: CONTAINS
A13: 0198ef6d-8543-9155-eca8-a17eb16e9c36 | B13: 0198ef6d-8543-b5ae-6be3-ce46ae7b36cb | C13: =INDEX(Region!$E:$E,MATCH($B13,Region!$A:$A,0)) -> MUN_C | D13: 0198ef6d-8543-6c09-555d-db3403ec2556 | E13: =INDEX(Region!$E:$E,MATCH($D13,Region!$A:$A,0)) -> PC_1023 | F13: CONTAINS
... A22: 0198ef6d-8543-7e4c-8422-4014740e6a01 | B22: 0198ef6d-8543-492f-605f-9f24aff04b0c | C22: =INDEX(Region!$E:$E,MATCH($B22,Region!$A:$A,0)) -> Province_2 | D22: 0198ef6d-8543-b5ae-6be3-ce46ae7b36cb | E22: =INDEX(Region!$E:$E,MATCH($D22,Region!$A:$A,0)) -> MUN_C | F22: CONTAINS

Sheet GeneticDistanceProtocol
A1: id | B1: seqdb_seq_distance_protocol_id | C1: name | D1: description | E1: seqdb_max_stored_distance | F1: seqdb_is_integer_distance | G1: min_scale_unit | H1: dm.include
A2: 018e939f-fcd8-ce9f-c733-24999ae57c22 | B2: 018e939f-fcd8-88ba-d459-a67b77026947 | C2: SALM cgMLST | D2: ="Description for "&$C2 -> Description for SALM cgMLST | E2: 100 | F2: TRUE | G2: 1 | H2: TRUE
A3: 018e939f-fcd8-3ee7-2585-50c99e47dd7e | B3: 018e939f-fcd8-6ec8-fb0d-8546e1f50a83 | C3: SALM wgMLST | D3: ="Description for "&$C3 -> Description for SALM wgMLST | E3: 100 | F3: TRUE | G3: 1 | H3: TRUE
A4: 018e939f-fcd8-0aa8-8314-a1fd64d004a7 | B4: 018e939f-fcd8-232d-8a53-1c563632578b | C4: SALM SNP | D4: ="Description for "&$C4 -> Description for SALM SNP | E4: 100 | F4: TRUE | G4: 1 | H4: TRUE
A5: 0191c0e1-041b-6038-b62c-b5b605e62582 | B5: 0191c0e1-041b-77eb-9023-b19c05570113 | C5: ECOLI cgMLST | D5: ="Description for "&$C5 -> Description for ECOLI cgMLST | E5: 100 | F5: TRUE | G5: 1 | H5: TRUE
A6: 0191c0e1-041b-6f21-2f22-db35769266f2 | B6: 0191c0e1-041b-583c-3b8d-232fcdc2fc62 | C6: ECOLI wgMLST | D6: ="Description for "&$C6 -> Description for ECOLI wgMLST | E6: 100 | F6: TRUE | G6: 1 | H6: TRUE
A7: 0191c0e1-041b-2aa3-2551-4cb360798db0 | B7: 0191c0e1-041b-f489-4515-8a112a5fac01 | C7: ECOLI SNP | D7: ="Description for "&$C7 -> Description for ECOLI SNP | E7: 100 | F7: TRUE | G7: 1 | H7: TRUE
A8: 018e939f-fcd8-ba72-202e-729e62dadf5c | B8: 018e939f-fcd8-7eb6-5ba0-069a90bf4a2d | C8: NORO SNP | D8: ="Description for "&$C8 -> Description for NORO SNP | E8: 100 | F8: TRUE | G8: 1 | H8: TRUE
A9: 018e939f-fcd8-feac-ee5a-4ba5018c96bc | B9: 018e939f-fcd8-3fd4-fad7-a3a49d252953 | C9: MRSA cgMLST | D9: ="Description for "&$C9 -> Description for MRSA cgMLST | E9: 100 | F9: TRUE | G9: 1 | H9: TRUE
A10: 018e939f-fcd8-faa3-ede1-4dafdb463e54 | B10: 018e939f-fcd8-c32f-137d-974840423155 | C10: MRSA wgMLST | D10: ="Description for "&$C10 -> Description for MRSA wgMLST | E10: 100 | F10: TRUE | G10: 1 | H10: TRUE
A11: 018e939f-fcd8-3525-f706-37305158ee3f | B11: 018e939f-fcd8-7952-49a6-e082211310db | C11: MRSA SNP | D11: ="Description for "&$C11 -> Description for MRSA SNP | E11: 100 | F11: TRUE | G11: 1 | H11: TRUE
A12: 018e939f-fcd8-0c96-3645-c45946a74ee2 | B12: 018e939f-fcd8-a1f9-d3b2-12ad16500a1e | C12: TUBE SNP | D12: ="Description for "&$C12 -> Description for TUBE SNP | E12: 100 | F12: TRUE | G12: 1 | H12: TRUE
A13: 018e939f-fcd8-578f-7108-d805c18d4b0c | B13: 018e939f-fcd8-0c17-c858-25cbac105098 | C13: ECHO11 SNP | D13: ="Description for "&$C13 -> Description for ECHO11 SNP | E13: 100 | F13: TRUE | G13: 1 | H13: TRUE
... A22: 0191707a-1d8a-24e7-05c9-5c727e75ecdc | B22: 0191707a-1d8a-5424-ea5e-9e93fc0d20bd | C22: MPOX SNP | D22: ="Description for "&$C22 -> Description for MPOX SNP | E22: 100 | F22: TRUE | G22: 1 | H22: TRUE

Sheet AssemblyProtocol
A1: id | B1: code | C1: name | D1: version | E1: description | F1: props | G1: dm.include | H1: dm.include_row
A2: 01960be3-1a1b-0d70-a2db-b98d0029104d | B2: UNK | C2: Unknown | F2: {} | G2: =$H2 -> TRUE | H2: TRUE

Sheet SequencingProtocol
A1: id | B1: code | C1: name | D1: version | E1: description | F1: props | G1: dm.include | H1: dm.include_row
A2: 01960be3-1a1b-96fe-ad93-60f0ce51dcba | B2: UNK | C2: Unknown | F2: {} | G2: =$H2 -> TRUE | H2: TRUE
A3: 019965ee-5255-cea3-9854-c471ed5cca1d | B3: ILLUMINA | C3: Illumina | F3: {} | G3: =$H3 -> TRUE | H3: TRUE
A4: 019965ee-5255-c6e6-e5fb-f7acbb0423d4 | B4: NANOPORE | C4: Nanopore | F4: {} | G4: =$H4 -> TRUE | H4: TRUE

Sheet Organization
A1: id | B1: name | C1: legal_entity_code | D1: legal_region_id | E1: legal_region
A2: 018d074d-ea0c-e942-07db-a3cc0ba1d653 | B2: org1 | C2: org1
A3: 0195d18c-1c92-0ed4-2e94-b4f66d82baf3 | B3: org2 | C3: org2
A4: 0195d18c-1c92-52b3-93e0-43dc1f2aa037 | B4: org3 | C4: org3
A5: 0195d18c-1c92-d419-4c71-a570f428499b | B5: org4 | C5: org4
A6: 0195d18c-1c93-02a2-6920-7e4dbfb73ce0 | B6: org5 | C6: org5

Sheet DataCollection
A1: id | B1: name | C1: description
A2: 0195d18c-1ca2-a23d-1f64-00271f63199c | B2: data_collection1 | C2: ="dc"&RIGHT($B2,LEN($B2)-15) -> dc1
A3: 0195d18c-1ca2-2a29-96a5-37c6bf87f586 | B3: data_collection2 | C3: ="dc"&RIGHT($B3,LEN($B3)-15) -> dc2
A4: 0195d18c-1ca2-3a4f-1878-fbe3282c9c76 | B4: data_collection3 | C4: ="dc"&RIGHT($B4,LEN($B4)-15) -> dc3
A5: 0195d18c-1ca2-e55a-608d-a42fc6f948e1 | B5: data_collection4 | C5: ="dc"&RIGHT($B5,LEN($B5)-15) -> dc4
A6: 0195d18c-1ca2-b728-a2a1-d2a4cf7b8eb8 | B6: data_collection5 | C6: ="dc"&RIGHT($B6,LEN($B6)-15) -> dc5
A7: 0195d18c-1ca3-f309-f6f1-e4807afe3802 | B7: data_collection6 | C7: ="dc"&RIGHT($B7,LEN($B7)-15) -> dc6
A8: 0195d18c-1ca3-db40-a2a8-6dc905d6c1e9 | B8: data_collection7 | C8: ="dc"&RIGHT($B8,LEN($B8)-15) -> dc7
A9: 0195d18c-1ca3-da0a-44bb-877b3a1eb73e | B9: data_collection8 | C9: ="dc"&RIGHT($B9,LEN($B9)-15) -> dc8
A10: 0195d18c-1ca3-4d34-d0e9-8f024ad8651a | B10: data_collection9 | C10: ="dc"&RIGHT($B10,LEN($B10)-15) -> dc9
A11: 0195d18c-1ca3-11a2-bf20-8eaaa09cc070 | B11: data_collection10 | C11: ="dc"&RIGHT($B11,LEN($B11)-15) -> dc10
A12: 0195d18c-1ca4-e691-7ebd-8ecb1a16a2ed | B12: data_collection11 | C12: ="dc"&RIGHT($B12,LEN($B12)-15) -> dc11

Sheet IdentifierIssuer
A1: id | B1: code | C1: name | D1: description | E1: dm.include
A2: 019a8753-bf2c-e0f0-6c51-beac31d70c3e | B2: identifier_issuer1 | C2: =$B2 -> identifier_issuer1 | D2: =$C2 -> identifier_issuer1 | E2: TRUE
A3: 019a8753-bf2c-87a6-1ed6-5d2fa0bcb757 | B3: identifier_issuer2 | C3: =$B3 -> identifier_issuer2 | D3: =$C3 -> identifier_issuer2 | E3: TRUE
A4: 019a8753-bf2c-1733-67e4-64f1e4a649ff | B4: identifier_issuer3 | C4: =$B4 -> identifier_issuer3 | D4: =$C4 -> identifier_issuer3 | E4: TRUE
A5: 019a8753-bf2c-0721-70c5-d58ba48ada53 | B5: identifier_issuer4 | C5: =$B5 -> identifier_issuer4 | D5: =$C5 -> identifier_issuer4 | E5: TRUE
A6: 019a8753-bf2c-1e2d-edcb-3f3716431163 | B6: identifier_issuer5 | C6: =$B6 -> identifier_issuer5 | D6: =$C6 -> identifier_issuer5 | E6: TRUE

Sheet User
A1: id | B1: key | C1: email | D1: name | E1: is_active | F1: roles | G1: organization_id | H1: dm.organization_name | I1: dm.roles_is_root | J1: dm.roles_is_app_admin | K1: dm.roles_is_refdata_admin | L1: dm.roles_is_org_user | M1: dm.is_ge_app_admin
A2: 019542cc-8225-8f5d-fa30-d9c3f2629703 | B2: root1_1@org1.org | C2: root1_1@org1.org | D2: =LEFT(C2,FIND("@",C2)-1) -> root1_1 | E2: TRUE | F2: ["CASEDB_ROOT"] | G2: 018d074d-ea0c-e942-07db-a3cc0ba1d653 | H2: =INDEX(Organization!$B:$B,MATCH($G2,Organization!$A:$A,0)) -> org1 | I2: =ISNUMBER(SEARCH("ROOT", F2)) -> TRUE | J2: =ISNUMBER(SEARCH("APP_ADMIN", $F2)) -> FALSE | K2: =ISNUMBER(SEARCH("METADATA_ADMIN", $F2)) -> FALSE | L2: =ISNUMBER(SEARCH("ORG_USER", $F2)) -> FALSE | M2: =OR($I2,$J2) -> TRUE
A3: 0195d18c-1c92-110e-81c1-75ba0fec4494 | B3: app_admin1_1@org1.org | C3: app_admin1_1@org1.org | D3: =LEFT(C3,FIND("@",C3)-1) -> app_admin1_1 | E3: TRUE | F3: ["CASEDB_APP_ADMIN"] | G3: 018d074d-ea0c-e942-07db-a3cc0ba1d653 | H3: =INDEX(Organization!$B:$B,MATCH($G3,Organization!$A:$A,0)) -> org1 | I3: =ISNUMBER(SEARCH("ROOT", F3)) -> FALSE | J3: =ISNUMBER(SEARCH("APP_ADMIN", $F3)) -> TRUE | K3: =ISNUMBER(SEARCH("METADATA_ADMIN", $F3)) -> FALSE | L3: =ISNUMBER(SEARCH("ORG_USER", $F3)) -> FALSE | M3: =OR($I3,$J3) -> TRUE
A4: 0195d18c-1c93-bcbb-eea8-94332d77b172 | B4: refdata_admin1_1@org1.org | C4: refdata_admin1_1@org1.org | D4: =LEFT(C4,FIND("@",C4)-1) -> refdata_admin1_1 | E4: TRUE | F4: ["CASEDB_REFDATA_ADMIN"] | G4: 018d074d-ea0c-e942-07db-a3cc0ba1d653 | H4: =INDEX(Organization!$B:$B,MATCH($G4,Organization!$A:$A,0)) -> org1 | I4: =ISNUMBER(SEARCH("ROOT", F4)) -> FALSE | J4: =ISNUMBER(SEARCH("APP_ADMIN", $F4)) -> FALSE | K4: =ISNUMBER(SEARCH("METADATA_ADMIN", $F4)) -> FALSE | L4: =ISNUMBER(SEARCH("ORG_USER", $F4)) -> FALSE | M4: =OR($I4,$J4) -> FALSE
A5: 0195d18c-1c93-1f4b-8c40-19223d6c7a8c | B5: org_admin1_1@org1.org | C5: org_admin1_1@org1.org | D5: =LEFT(C5,FIND("@",C5)-1) -> org_admin1_1 | E5: TRUE | F5: ["CASEDB_ORG_ADMIN"] | G5: 018d074d-ea0c-e942-07db-a3cc0ba1d653 | H5: =INDEX(Organization!$B:$B,MATCH($G5,Organization!$A:$A,0)) -> org1 | I5: =ISNUMBER(SEARCH("ROOT", F5)) -> FALSE | J5: =ISNUMBER(SEARCH("APP_ADMIN", $F5)) -> FALSE | K5: =ISNUMBER(SEARCH("METADATA_ADMIN", $F5)) -> FALSE | L5: =ISNUMBER(SEARCH("ORG_USER", $F5)) -> FALSE | M5: =OR($I5,$J5) -> FALSE
A6: 0195d18c-1c95-2343-576e-0c14e0a4505d | B6: org_admin2_1@org2.org | C6: org_admin2_1@org2.org | D6: =LEFT(C6,FIND("@",C6)-1) -> org_admin2_1 | E6: TRUE | F6: ["CASEDB_ORG_ADMIN"] | G6: 0195d18c-1c92-0ed4-2e94-b4f66d82baf3 | H6: =INDEX(Organization!$B:$B,MATCH($G6,Organization!$A:$A,0)) -> org2 | I6: =ISNUMBER(SEARCH("ROOT", F6)) -> FALSE | J6: =ISNUMBER(SEARCH("APP_ADMIN", $F6)) -> FALSE | K6: =ISNUMBER(SEARCH("METADATA_ADMIN", $F6)) -> FALSE | L6: =ISNUMBER(SEARCH("ORG_USER", $F6)) -> FALSE | M6: =OR($I6,$J6) -> FALSE
A7: 0195d18c-1c96-59a8-d2a6-70a3b13175a1 | B7: org_admin3_1@org3.org | C7: org_admin3_1@org3.org | D7: =LEFT(C7,FIND("@",C7)-1) -> org_admin3_1 | E7: TRUE | F7: ["CASEDB_ORG_ADMIN"] | G7: 0195d18c-1c92-52b3-93e0-43dc1f2aa037 | H7: =INDEX(Organization!$B:$B,MATCH($G7,Organization!$A:$A,0)) -> org3 | I7: =ISNUMBER(SEARCH("ROOT", F7)) -> FALSE | J7: =ISNUMBER(SEARCH("APP_ADMIN", $F7)) -> FALSE | K7: =ISNUMBER(SEARCH("METADATA_ADMIN", $F7)) -> FALSE | L7: =ISNUMBER(SEARCH("ORG_USER", $F7)) -> FALSE | M7: =OR($I7,$J7) -> FALSE
A8: 0195d18c-1c96-08ed-1241-eaf327bd1ffc | B8: org_admin4_1@org4.org | C8: org_admin4_1@org4.org | D8: =LEFT(C8,FIND("@",C8)-1) -> org_admin4_1 | E8: TRUE | F8: ["CASEDB_ORG_ADMIN"] | G8: 0195d18c-1c92-d419-4c71-a570f428499b | H8: =INDEX(Organization!$B:$B,MATCH($G8,Organization!$A:$A,0)) -> org4 | I8: =ISNUMBER(SEARCH("ROOT", F8)) -> FALSE | J8: =ISNUMBER(SEARCH("APP_ADMIN", $F8)) -> FALSE | K8: =ISNUMBER(SEARCH("METADATA_ADMIN", $F8)) -> FALSE | L8: =ISNUMBER(SEARCH("ORG_USER", $F8)) -> FALSE | M8: =OR($I8,$J8) -> FALSE
A9: 0195d18c-1c97-faac-82eb-3e357979b402 | B9: org_admin5_1@org5.org | C9: org_admin5_1@org5.org | D9: =LEFT(C9,FIND("@",C9)-1) -> org_admin5_1 | E9: TRUE | F9: ["CASEDB_ORG_ADMIN"] | G9: 0195d18c-1c93-02a2-6920-7e4dbfb73ce0 | H9: =INDEX(Organization!$B:$B,MATCH($G9,Organization!$A:$A,0)) -> org5 | I9: =ISNUMBER(SEARCH("ROOT", F9)) -> FALSE | J9: =ISNUMBER(SEARCH("APP_ADMIN", $F9)) -> FALSE | K9: =ISNUMBER(SEARCH("METADATA_ADMIN", $F9)) -> FALSE | L9: =ISNUMBER(SEARCH("ORG_USER", $F9)) -> FALSE | M9: =OR($I9,$J9) -> FALSE
A10: 0195d18c-1c98-7e0b-0c91-8cafbdb2c852 | B10: org_user1_1@org1.org | C10: org_user1_1@org1.org | D10: =LEFT(C10,FIND("@",C10)-1) -> org_user1_1 | E10: TRUE | F10: ["CASEDB_ORG_USER"] | G10: 018d074d-ea0c-e942-07db-a3cc0ba1d653 | H10: =INDEX(Organization!$B:$B,MATCH($G10,Organization!$A:$A,0)) -> org1 | I10: =ISNUMBER(SEARCH("ROOT", F10)) -> FALSE | J10: =ISNUMBER(SEARCH("APP_ADMIN", $F10)) -> FALSE | K10: =ISNUMBER(SEARCH("METADATA_ADMIN", $F10)) -> FALSE | L10: =ISNUMBER(SEARCH("ORG_USER", $F10)) -> TRUE | M10: =OR($I10,$J10) -> FALSE
A11: 0195d18c-1c98-5a1e-55b9-67b877813693 | B11: org_user1_2@org1.org | C11: org_user1_2@org1.org | D11: =LEFT(C11,FIND("@",C11)-1) -> org_user1_2 | E11: TRUE | F11: ["CASEDB_ORG_USER"] | G11: 018d074d-ea0c-e942-07db-a3cc0ba1d653 | H11: =INDEX(Organization!$B:$B,MATCH($G11,Organization!$A:$A,0)) -> org1 | I11: =ISNUMBER(SEARCH("ROOT", F11)) -> FALSE | J11: =ISNUMBER(SEARCH("APP_ADMIN", $F11)) -> FALSE | K11: =ISNUMBER(SEARCH("METADATA_ADMIN", $F11)) -> FALSE | L11: =ISNUMBER(SEARCH("ORG_USER", $F11)) -> TRUE | M11: =OR($I11,$J11) -> FALSE
A12: 0195d18c-1c99-03eb-f1b4-a88daae1b74c | B12: org_user1_3@org1.org | C12: org_user1_3@org1.org | D12: =LEFT(C12,FIND("@",C12)-1) -> org_user1_3 | E12: TRUE | F12: ["CASEDB_ORG_USER"] | G12: 018d074d-ea0c-e942-07db-a3cc0ba1d653 | H12: =INDEX(Organization!$B:$B,MATCH($G12,Organization!$A:$A,0)) -> org1 | I12: =ISNUMBER(SEARCH("ROOT", F12)) -> FALSE | J12: =ISNUMBER(SEARCH("APP_ADMIN", $F12)) -> FALSE | K12: =ISNUMBER(SEARCH("METADATA_ADMIN", $F12)) -> FALSE | L12: =ISNUMBER(SEARCH("ORG_USER", $F12)) -> TRUE | M12: =OR($I12,$J12) -> FALSE
A13: 0195d18c-1c99-a68b-99dd-a489908e8df1 | B13: org_user1_4@org1.org | C13: org_user1_4@org1.org | D13: =LEFT(C13,FIND("@",C13)-1) -> org_user1_4 | E13: TRUE | F13: ["CASEDB_ORG_USER"] | G13: 018d074d-ea0c-e942-07db-a3cc0ba1d653 | H13: =INDEX(Organization!$B:$B,MATCH($G13,Organization!$A:$A,0)) -> org1 | I13: =ISNUMBER(SEARCH("ROOT", F13)) -> FALSE | J13: =ISNUMBER(SEARCH("APP_ADMIN", $F13)) -> FALSE | K13: =ISNUMBER(SEARCH("METADATA_ADMIN", $F13)) -> FALSE | L13: =ISNUMBER(SEARCH("ORG_USER", $F13)) -> TRUE | M13: =OR($I13,$J13) -> FALSE
... A29: 0195d18c-1ca1-d3df-24f3-7aac91cc3f3a | B29: org_user5_4@org5.org | C29: org_user5_4@org5.org | D29: =LEFT(C29,FIND("@",C29)-1) -> org_user5_4 | E29: TRUE | F29: ["CASEDB_ORG_USER"] | G29: 0195d18c-1c93-02a2-6920-7e4dbfb73ce0 | H29: =INDEX(Organization!$B:$B,MATCH($G29,Organization!$A:$A,0)) -> org5 | I29: =ISNUMBER(SEARCH("ROOT", F29)) -> FALSE | J29: =ISNUMBER(SEARCH("APP_ADMIN", $F29)) -> FALSE | K29: =ISNUMBER(SEARCH("METADATA_ADMIN", $F29)) -> FALSE | L29: =ISNUMBER(SEARCH("ORG_USER", $F29)) -> TRUE | M29: =OR($I29,$J29) -> FALSE

Sheet UserInvitation
A1: id | B1: key | C1: email | D1: dm.name | E1: token | F1: expires_at | G1: roles | H1: invited_by_user_id | I1: dm.invited_by_user | J1: organization_id | K1: dm.organization
A2: 0195d18c-1c91-417d-6686-2f6cb5ff95b9 | B2: app_admin1_1@org1_org | C2: app_admin1_1@org1_org | D2: =LEFT($C2,LEN($C2)-9) -> app_admin1_1 | E2: 26dcbff8-2925-4078-90ad-bbe74165f6b3 | F2: 45743.391 | G2: ["CASEDB_APP_ADMIN"] | H2: 019542cc-8225-8f5d-fa30-d9c3f2629703 | I2: =INDEX(User!$D:$D,MATCH($H2,User!$A:$A,0)) -> root1_1 | J2: 018d074d-ea0c-e942-07db-a3cc0ba1d653 | K2: =INDEX(Organization!$B:$B,MATCH($J2,Organization!$A:$A,0)) -> org1
A3: 0195d18c-1c93-6939-20ec-9c4c00d851c1 | B3: refdata_admin1_1@org1_org | C3: refdata_admin1_1@org1_org | D3: =LEFT($C3,LEN($C3)-9) -> refdata_admin1_1 | E3: 10ad47a6-0901-408c-bfc0-a05a4e83af4e | F3: 45743.391 | G3: ["CASEDB_REFDATA_ADMIN"] | H3: 0195d18c-1c92-110e-81c1-75ba0fec4494 | I3: =INDEX(User!$D:$D,MATCH($H3,User!$A:$A,0)) -> app_admin1_1 | J3: 018d074d-ea0c-e942-07db-a3cc0ba1d653 | K3: =INDEX(Organization!$B:$B,MATCH($J3,Organization!$A:$A,0)) -> org1
A4: 0195d18c-1c93-ec90-9271-1015b282d4b3 | B4: org_admin1_1@org1_org | C4: org_admin1_1@org1_org | D4: =LEFT($C4,LEN($C4)-9) -> org_admin1_1 | E4: 6f8d5681-2c6c-44ae-9522-178a45deaf16 | F4: 45743.391 | G4: ["CASEDB_ORG_ADMIN"] | H4: 0195d18c-1c92-110e-81c1-75ba0fec4494 | I4: =INDEX(User!$D:$D,MATCH($H4,User!$A:$A,0)) -> app_admin1_1 | J4: 018d074d-ea0c-e942-07db-a3cc0ba1d653 | K4: =INDEX(Organization!$B:$B,MATCH($J4,Organization!$A:$A,0)) -> org1
A5: 0195d18c-1c95-0879-fcf0-17e1131cc29b | B5: org_admin2_1@org2_org | C5: org_admin2_1@org2_org | D5: =LEFT($C5,LEN($C5)-9) -> org_admin2_1 | E5: 839e81a3-3184-4c47-bf1c-7f1f964fe280 | F5: 45743.391 | G5: ["CASEDB_ORG_ADMIN"] | H5: 0195d18c-1c92-110e-81c1-75ba0fec4494 | I5: =INDEX(User!$D:$D,MATCH($H5,User!$A:$A,0)) -> app_admin1_1 | J5: 0195d18c-1c92-0ed4-2e94-b4f66d82baf3 | K5: =INDEX(Organization!$B:$B,MATCH($J5,Organization!$A:$A,0)) -> org2
A6: 0195d18c-1c95-a854-581f-4e9ae9d85b92 | B6: org_admin3_1@org3_org | C6: org_admin3_1@org3_org | D6: =LEFT($C6,LEN($C6)-9) -> org_admin3_1 | E6: 1ad1489c-d661-475a-958d-c6684f5dd5d2 | F6: 45743.391 | G6: ["CASEDB_ORG_ADMIN"] | H6: 0195d18c-1c92-110e-81c1-75ba0fec4494 | I6: =INDEX(User!$D:$D,MATCH($H6,User!$A:$A,0)) -> app_admin1_1 | J6: 0195d18c-1c92-52b3-93e0-43dc1f2aa037 | K6: =INDEX(Organization!$B:$B,MATCH($J6,Organization!$A:$A,0)) -> org3
A7: 0195d18c-1c96-ec9c-d51d-0eec040d7ffd | B7: org_admin4_1@org4_org | C7: org_admin4_1@org4_org | D7: =LEFT($C7,LEN($C7)-9) -> org_admin4_1 | E7: ac3ef8cf-b738-458a-9250-e68a9452546b | F7: 45743.391 | G7: ["CASEDB_ORG_ADMIN"] | H7: 0195d18c-1c92-110e-81c1-75ba0fec4494 | I7: =INDEX(User!$D:$D,MATCH($H7,User!$A:$A,0)) -> app_admin1_1 | J7: 0195d18c-1c92-d419-4c71-a570f428499b | K7: =INDEX(Organization!$B:$B,MATCH($J7,Organization!$A:$A,0)) -> org4
A8: 0195d18c-1c97-bf94-f109-505bfb986995 | B8: org_admin5_1@org5_org | C8: org_admin5_1@org5_org | D8: =LEFT($C8,LEN($C8)-9) -> org_admin5_1 | E8: 2a653a89-2320-41a9-8163-356114c3ba28 | F8: 45743.391 | G8: ["CASEDB_ORG_ADMIN"] | H8: 0195d18c-1c92-110e-81c1-75ba0fec4494 | I8: =INDEX(User!$D:$D,MATCH($H8,User!$A:$A,0)) -> app_admin1_1 | J8: 0195d18c-1c93-02a2-6920-7e4dbfb73ce0 | K8: =INDEX(Organization!$B:$B,MATCH($J8,Organization!$A:$A,0)) -> org5
A9: 0195d18c-1c98-4085-5812-4a69516f59ae | B9: org_user1_1@org1_org | C9: org_user1_1@org1_org | D9: =LEFT($C9,LEN($C9)-9) -> org_user1_1 | E9: feb33345-6e94-4f64-807e-c8f4a6e9e232 | F9: 45743.391 | G9: ["CASEDB_ORG_USER"] | H9: 0195d18c-1c92-110e-81c1-75ba0fec4494 | I9: =INDEX(User!$D:$D,MATCH($H9,User!$A:$A,0)) -> app_admin1_1 | J9: 018d074d-ea0c-e942-07db-a3cc0ba1d653 | K9: =INDEX(Organization!$B:$B,MATCH($J9,Organization!$A:$A,0)) -> org1
A10: 0195d18c-1c98-91f0-72bb-c9c9bbd287c5 | B10: org_user1_2@org1_org | C10: org_user1_2@org1_org | D10: =LEFT($C10,LEN($C10)-9) -> org_user1_2 | E10: e2049ab9-9249-4847-852a-6b43b8d12ff8 | F10: 45743.391 | G10: ["CASEDB_ORG_USER"] | H10: 0195d18c-1c92-110e-81c1-75ba0fec4494 | I10: =INDEX(User!$D:$D,MATCH($H10,User!$A:$A,0)) -> app_admin1_1 | J10: 018d074d-ea0c-e942-07db-a3cc0ba1d653 | K10: =INDEX(Organization!$B:$B,MATCH($J10,Organization!$A:$A,0)) -> org1
A11: 0195d18c-1c98-90fe-f86a-b3ff952dc368 | B11: org_user1_3@org1_org | C11: org_user1_3@org1_org | D11: =LEFT($C11,LEN($C11)-9) -> org_user1_3 | E11: 973418bc-df76-4c74-bf1f-8919b9295848 | F11: 45743.391 | G11: ["CASEDB_ORG_USER"] | H11: 0195d18c-1c92-110e-81c1-75ba0fec4494 | I11: =INDEX(User!$D:$D,MATCH($H11,User!$A:$A,0)) -> app_admin1_1 | J11: 018d074d-ea0c-e942-07db-a3cc0ba1d653 | K11: =INDEX(Organization!$B:$B,MATCH($J11,Organization!$A:$A,0)) -> org1
A12: 0195d18c-1c99-b943-3900-1de44aa64da4 | B12: org_user1_4@org1_org | C12: org_user1_4@org1_org | D12: =LEFT($C12,LEN($C12)-9) -> org_user1_4 | E12: b9782553-9cf2-4fa6-9ad4-aae54307d988 | F12: 45743.391 | G12: ["CASEDB_ORG_USER"] | H12: 0195d18c-1c92-110e-81c1-75ba0fec4494 | I12: =INDEX(User!$D:$D,MATCH($H12,User!$A:$A,0)) -> app_admin1_1 | J12: 018d074d-ea0c-e942-07db-a3cc0ba1d653 | K12: =INDEX(Organization!$B:$B,MATCH($J12,Organization!$A:$A,0)) -> org1
A13: 0195d18c-1c99-ee95-2cb4-c932da0954b7 | B13: org_user2_1@org2_org | C13: org_user2_1@org2_org | D13: =LEFT($C13,LEN($C13)-9) -> org_user2_1 | E13: a3c4d7fd-06b7-43b7-bdfa-0cb99f4d15db | F13: 45743.391 | G13: ["CASEDB_ORG_USER"] | H13: 0195d18c-1c92-110e-81c1-75ba0fec4494 | I13: =INDEX(User!$D:$D,MATCH($H13,User!$A:$A,0)) -> app_admin1_1 | J13: 0195d18c-1c92-0ed4-2e94-b4f66d82baf3 | K13: =INDEX(Organization!$B:$B,MATCH($J13,Organization!$A:$A,0)) -> org2
... A28: 0195d18c-1ca1-507d-514e-7f6784ab639e | B28: org_user5_4@org5_org | C28: org_user5_4@org5_org | D28: =LEFT($C28,LEN($C28)-9) -> org_user5_4 | E28: 2ee7a962-2bc6-4e19-adad-f0c7597a075b | F28: 45743.391 | G28: ["CASEDB_ORG_USER"] | H28: 0195d18c-1c92-110e-81c1-75ba0fec4494 | I28: =INDEX(User!$D:$D,MATCH($H28,User!$A:$A,0)) -> app_admin1_1 | J28: 0195d18c-1c93-02a2-6920-7e4dbfb73ce0 | K28: =INDEX(Organization!$B:$B,MATCH($J28,Organization!$A:$A,0)) -> org5

Sheet Dim
A1: id | B1: dim_type | C1: code | D1: label | E1: rank | F1: col_code_prefix | G1: description | H1: props
A2: 0198ef6d-8543-8d7e-a786-a78961958b68 | B2: TEXT | C2: ="dim"&E2 -> dim1 | D2: =$C2&"_"&$B2 -> dim1_TEXT | E2: 1 | F2: =E2&"_" -> 1_ | G2: =$D2 -> dim1_TEXT | H2: {}
A3: 0198ef6d-8543-4e10-dadc-606a590cbf81 | B3: TEXT | C3: ="dim"&E3 -> dim2 | D3: =$C3&"_"&$B3 -> dim2_TEXT | E3: =E2+1 -> 2 | F3: =E3&"_" -> 2_ | G3: =$D3 -> dim2_TEXT | H3: {}
A4: 0198ef6d-8543-4b57-ccc7-1e34bcca2de1 | B4: TEXT | C4: ="dim"&E4 -> dim3 | D4: =$C4&"_"&$B4 -> dim3_TEXT | E4: =E3+1 -> 3 | F4: =E4&"_" -> 3_ | G4: =$D4 -> dim3_TEXT | H4: {}
A5: 0198ef6d-8543-9c78-54a7-6b4c2ca6ce88 | B5: TEXT | C5: ="dim"&E5 -> dim4 | D5: =$C5&"_"&$B5 -> dim4_TEXT | E5: =E4+1 -> 4 | F5: =E5&"_" -> 4_ | G5: =$D5 -> dim4_TEXT | H5: {}
A6: 0198ef6d-8543-6a7f-4553-b7280cc2ab9b | B6: TEXT | C6: ="dim"&E6 -> dim5 | D6: =$C6&"_"&$B6 -> dim5_TEXT | E6: =E5+1 -> 5 | F6: =E6&"_" -> 5_ | G6: =$D6 -> dim5_TEXT | H6: {}
A7: 0198ef6d-8543-5e3c-cec3-8db0ccbd38fa | B7: TEXT | C7: ="dim"&E7 -> dim6 | D7: =$C7&"_"&$B7 -> dim6_TEXT | E7: =E6+1 -> 6 | F7: =E7&"_" -> 6_ | G7: =$D7 -> dim6_TEXT | H7: {}
A8: 0198ef6d-8543-0b52-87e5-431792f951a2 | B8: TEXT | C8: ="dim"&E8 -> dim7 | D8: =$C8&"_"&$B8 -> dim7_TEXT | E8: =E7+1 -> 7 | F8: =E8&"_" -> 7_ | G8: =$D8 -> dim7_TEXT | H8: {}
A9: 0198ef6d-8543-e0a4-1718-6ae19c4f6090 | B9: TEXT | C9: ="dim"&E9 -> dim8 | D9: =$C9&"_"&$B9 -> dim8_TEXT | E9: =E8+1 -> 8 | F9: =E9&"_" -> 8_ | G9: =$D9 -> dim8_TEXT | H9: {}
A10: 0198ef6d-8543-b0f3-f8b0-c502bee720e9 | B10: ORGANIZATION | C10: ="dim"&E10 -> dim9 | D10: =$C10&"_"&$B10 -> dim9_ORGANIZATION | E10: =E9+1 -> 9 | F10: =E10&"_" -> 9_ | G10: =$D10 -> dim9_ORGANIZATION | H10: {}
A11: 0198ef6d-8543-5ea8-9f20-a8177b2d28d2 | B11: ORGANIZATION | C11: ="dim"&E11 -> dim10 | D11: =$C11&"_"&$B11 -> dim10_ORGANIZATION | E11: =E10+1 -> 10 | F11: =E11&"_" -> 10_ | G11: =$D11 -> dim10_ORGANIZATION | H11: {}
A12: 0198ef6d-8543-d4cb-e9cb-2c352f1baa30 | B12: GEO | C12: ="dim"&E12 -> dim11 | D12: =$C12&"_"&$B12 -> dim11_GEO | E12: =E11+1 -> 11 | F12: =E12&"_" -> 11_ | G12: =$D12 -> dim11_GEO | H12: {}
A13: 0198ef6d-8543-08a5-b8d2-bad85d28ce19 | B13: GEO | C13: ="dim"&E13 -> dim12 | D13: =$C13&"_"&$B13 -> dim12_GEO | E13: =E12+1 -> 12 | F13: =E13&"_" -> 12_ | G13: =$D13 -> dim12_GEO | H13: {}
A14: 0198ef6d-8543-090b-38ba-3d20aff20301 | B14: TIME | C14: ="dim"&E14 -> dim13 | D14: =$C14&"_"&$B14 -> dim13_TIME | E14: =E13+1 -> 13 | F14: =E14&"_" -> 13_ | G14: =$D14 -> dim13_TIME | H14: {}
... A21: 019a8753-bf2c-30f2-25e7-b666c207ecd1 | B21: TEXT | C21: ="dim"&E21 -> dim20 | D21: =$C21&"_"&$B21 -> dim20_TEXT | E21: =E20+1 -> 20 | F21: =E21&"_" -> 20_ | G21: =$D21 -> dim20_TEXT | H21: {}
A22: 0198ef6d-8543-464e-e152-42bb0dc00713 | B22: OTHER | C22: ="dim"&E22 -> dim21 | D22: =$C22&"_"&$B22 -> dim21_OTHER | E22: 21 | F22: =E22&"_" -> 21_ | G22: =$D22 -> dim21_OTHER | H22: {}
A23: 0198ef6d-8543-4209-5045-1bdd507593a7 | B23: OTHER | C23: ="dim"&E23 -> dim22 | D23: =$C23&"_"&$B23 -> dim22_OTHER | E23: 22 | F23: =E23&"_" -> 22_ | G23: =$D23 -> dim22_OTHER | H23: {}

Sheet Col
A1: id | B1: dim_id | C1: dim_code | D1: code_suffix | E1: code | F1: rank | G1: label | H1: col_type | I1: concept_set_id | J1: dm.concept_set.name | K1: region_set_id | L1: dm.region_set.name | M1: genetic_distance_protocol_id | N1: dm.genetic_distance_protocol.code | O1: description | P1: props
A2: 0198ef6d-8543-eb2b-e8cd-6ad2e7ad4523 | B2: 0198ef6d-8543-8d7e-a786-a78961958b68 | C2: =INDEX(Dim!$C:$C,MATCH($B2,Dim!$A:$A,0)) -> dim1 | D2: _1 | E2: =$C2&$D2 -> dim1_1 | F2: =RIGHT($D2,LEN($D2)-1)+1-1 -> 1 | G2: =$E2 -> dim1_1 | H2: NOMINAL | I2: 0198ef6d-8543-90a8-a647-ae05912c77ba | J2: =IF($I2="","",INDEX(ConceptSet!$C:$C,MATCH($I2,ConceptSet!$A:$A,0))) -> Nominal_1 | L2: =IF($K2="","",INDEX(RegionSet!$B:$B,MATCH($K2,RegionSet!$A:$A,0))) | N2: =IF($M2="","",INDEX(GeneticDistanceProtocol!$C:$C,MATCH($M2,GeneticDistanceProtocol!$A:$A,0))) | O2: =$E2&" ("&$H2&(IF($J2="","",";"&$J2)&(IF($L2="","",";"&$L2)))&")" -> dim1_1 (NOMINAL;Nominal_1) | P2: {}
A3: 0198ef6d-8543-1234-cbf1-9947a51d56ff | B3: 0198ef6d-8543-4e10-dadc-606a590cbf81 | C3: =INDEX(Dim!$C:$C,MATCH($B3,Dim!$A:$A,0)) -> dim2 | D3: _1 | E3: =$C3&$D3 -> dim2_1 | F3: =RIGHT($D3,LEN($D3)-1)+1-1 -> 1 | G3: =$E3 -> dim2_1 | H3: NOMINAL | I3: 0198ef6d-8543-2a99-b3be-b0d2583cb604 | J3: =IF($I3="","",INDEX(ConceptSet!$C:$C,MATCH($I3,ConceptSet!$A:$A,0))) -> Nominal_2 | L3: =IF($K3="","",INDEX(RegionSet!$B:$B,MATCH($K3,RegionSet!$A:$A,0))) | N3: =IF($M3="","",INDEX(GeneticDistanceProtocol!$C:$C,MATCH($M3,GeneticDistanceProtocol!$A:$A,0))) | O3: =$E3&" ("&$H3&(IF($J3="","",";"&$J3)&(IF($L3="","",";"&$L3)))&")" -> dim2_1 (NOMINAL;Nominal_2) | P3: {}
A4: 0198ef6d-8543-50ea-8c7a-9f5c1a8041c4 | B4: 0198ef6d-8543-4b57-ccc7-1e34bcca2de1 | C4: =INDEX(Dim!$C:$C,MATCH($B4,Dim!$A:$A,0)) -> dim3 | D4: _1 | E4: =$C4&$D4 -> dim3_1 | F4: =RIGHT($D4,LEN($D4)-1)+1-1 -> 1 | G4: =$E4 -> dim3_1 | H4: ORDINAL | I4: 0198ef6d-8543-b279-03a6-da9684b42b08 | J4: =IF($I4="","",INDEX(ConceptSet!$C:$C,MATCH($I4,ConceptSet!$A:$A,0))) -> Ordinal_1 | L4: =IF($K4="","",INDEX(RegionSet!$B:$B,MATCH($K4,RegionSet!$A:$A,0))) | N4: =IF($M4="","",INDEX(GeneticDistanceProtocol!$C:$C,MATCH($M4,GeneticDistanceProtocol!$A:$A,0))) | O4: =$E4&" ("&$H4&(IF($J4="","",";"&$J4)&(IF($L4="","",";"&$L4)))&")" -> dim3_1 (ORDINAL;Ordinal_1) | P4: {}
A5: 0198ef6d-8543-76c4-4fb4-25f7403d7972 | B5: 0198ef6d-8543-9c78-54a7-6b4c2ca6ce88 | C5: =INDEX(Dim!$C:$C,MATCH($B5,Dim!$A:$A,0)) -> dim4 | D5: _1 | E5: =$C5&$D5 -> dim4_1 | F5: =RIGHT($D5,LEN($D5)-1)+1-1 -> 1 | G5: =$E5 -> dim4_1 | H5: ORDINAL | I5: 0198ef6d-8543-d076-3da0-dd48921087f9 | J5: =IF($I5="","",INDEX(ConceptSet!$C:$C,MATCH($I5,ConceptSet!$A:$A,0))) -> Ordinal_2 | L5: =IF($K5="","",INDEX(RegionSet!$B:$B,MATCH($K5,RegionSet!$A:$A,0))) | N5: =IF($M5="","",INDEX(GeneticDistanceProtocol!$C:$C,MATCH($M5,GeneticDistanceProtocol!$A:$A,0))) | O5: =$E5&" ("&$H5&(IF($J5="","",";"&$J5)&(IF($L5="","",";"&$L5)))&")" -> dim4_1 (ORDINAL;Ordinal_2) | P5: {}
A6: 0198ef6d-8543-479e-1e7a-3428fa97ebc7 | B6: 0198ef6d-8543-6a7f-4553-b7280cc2ab9b | C6: =INDEX(Dim!$C:$C,MATCH($B6,Dim!$A:$A,0)) -> dim5 | D6: _1 | E6: =$C6&$D6 -> dim5_1 | F6: =RIGHT($D6,LEN($D6)-1)+1-1 -> 1 | G6: =$E6 -> dim5_1 | H6: REGULAR_LANGUAGE | I6: 0198ef6d-8543-a151-ab47-0394a80e2a05 | J6: =IF($I6="","",INDEX(ConceptSet!$C:$C,MATCH($I6,ConceptSet!$A:$A,0))) -> Regex_1 | L6: =IF($K6="","",INDEX(RegionSet!$B:$B,MATCH($K6,RegionSet!$A:$A,0))) | N6: =IF($M6="","",INDEX(GeneticDistanceProtocol!$C:$C,MATCH($M6,GeneticDistanceProtocol!$A:$A,0))) | O6: =$E6&" ("&$H6&(IF($J6="","",";"&$J6)&(IF($L6="","",";"&$L6)))&")" -> dim5_1 (REGULAR_LANGUAGE;Regex_1) | P6: {}
A7: 0198ef6d-8543-0924-3aca-6065227cd9ef | B7: 0198ef6d-8543-5e3c-cec3-8db0ccbd38fa | C7: =INDEX(Dim!$C:$C,MATCH($B7,Dim!$A:$A,0)) -> dim6 | D7: _1 | E7: =$C7&$D7 -> dim6_1 | F7: =RIGHT($D7,LEN($D7)-1)+1-1 -> 1 | G7: =$E7 -> dim6_1 | H7: REGULAR_LANGUAGE | I7: 0198ef6d-8543-6df8-9098-78280604c758 | J7: =IF($I7="","",INDEX(ConceptSet!$C:$C,MATCH($I7,ConceptSet!$A:$A,0))) -> Regex_2 | L7: =IF($K7="","",INDEX(RegionSet!$B:$B,MATCH($K7,RegionSet!$A:$A,0))) | N7: =IF($M7="","",INDEX(GeneticDistanceProtocol!$C:$C,MATCH($M7,GeneticDistanceProtocol!$A:$A,0))) | O7: =$E7&" ("&$H7&(IF($J7="","",";"&$J7)&(IF($L7="","",";"&$L7)))&")" -> dim6_1 (REGULAR_LANGUAGE;Regex_2) | P7: {}
A8: 0198ef6d-8543-78ba-e607-ac65487d273b | B8: 0198ef6d-8543-0b52-87e5-431792f951a2 | C8: =INDEX(Dim!$C:$C,MATCH($B8,Dim!$A:$A,0)) -> dim7 | D8: _1 | E8: =$C8&$D8 -> dim7_1 | F8: =RIGHT($D8,LEN($D8)-1)+1-1 -> 1 | G8: =$E8 -> dim7_1 | H8: TEXT | J8: =IF($I8="","",INDEX(ConceptSet!$C:$C,MATCH($I8,ConceptSet!$A:$A,0))) | L8: =IF($K8="","",INDEX(RegionSet!$B:$B,MATCH($K8,RegionSet!$A:$A,0))) | N8: =IF($M8="","",INDEX(GeneticDistanceProtocol!$C:$C,MATCH($M8,GeneticDistanceProtocol!$A:$A,0))) | O8: =$E8&" ("&$H8&(IF($J8="","",";"&$J8)&(IF($L8="","",";"&$L8)))&")" -> dim7_1 (TEXT) | P8: {}
A9: 0198ef6d-8543-2d1c-8ae5-fde6579f02e4 | B9: 0198ef6d-8543-e0a4-1718-6ae19c4f6090 | C9: =INDEX(Dim!$C:$C,MATCH($B9,Dim!$A:$A,0)) -> dim8 | D9: _1 | E9: =$C9&$D9 -> dim8_1 | F9: =RIGHT($D9,LEN($D9)-1)+1-1 -> 1 | G9: =$E9 -> dim8_1 | H9: TEXT | J9: =IF($I9="","",INDEX(ConceptSet!$C:$C,MATCH($I9,ConceptSet!$A:$A,0))) | L9: =IF($K9="","",INDEX(RegionSet!$B:$B,MATCH($K9,RegionSet!$A:$A,0))) | N9: =IF($M9="","",INDEX(GeneticDistanceProtocol!$C:$C,MATCH($M9,GeneticDistanceProtocol!$A:$A,0))) | O9: =$E9&" ("&$H9&(IF($J9="","",";"&$J9)&(IF($L9="","",";"&$L9)))&")" -> dim8_1 (TEXT) | P9: {}
A10: 0198ef6d-8543-9c02-f715-88d1935aca9a | B10: 0198ef6d-8543-b0f3-f8b0-c502bee720e9 | C10: =INDEX(Dim!$C:$C,MATCH($B10,Dim!$A:$A,0)) -> dim9 | D10: _1 | E10: =$C10&$D10 -> dim9_1 | F10: =RIGHT($D10,LEN($D10)-1)+1-1 -> 1 | G10: =$E10 -> dim9_1 | H10: ORGANIZATION | J10: =IF($I10="","",INDEX(ConceptSet!$C:$C,MATCH($I10,ConceptSet!$A:$A,0))) | L10: =IF($K10="","",INDEX(RegionSet!$B:$B,MATCH($K10,RegionSet!$A:$A,0))) | N10: =IF($M10="","",INDEX(GeneticDistanceProtocol!$C:$C,MATCH($M10,GeneticDistanceProtocol!$A:$A,0))) | O10: =$E10&" ("&$H10&(IF($J10="","",";"&$J10)&(IF($L10="","",";"&$L10)))&")" -> dim9_1 (ORGANIZATION) | P10: {}
A11: 0198ef6d-8543-5be8-beb1-cbc53a476302 | B11: 0198ef6d-8543-5ea8-9f20-a8177b2d28d2 | C11: =INDEX(Dim!$C:$C,MATCH($B11,Dim!$A:$A,0)) -> dim10 | D11: _1 | E11: =$C11&$D11 -> dim10_1 | F11: =RIGHT($D11,LEN($D11)-1)+1-1 -> 1 | G11: =$E11 -> dim10_1 | H11: ORGANIZATION | J11: =IF($I11="","",INDEX(ConceptSet!$C:$C,MATCH($I11,ConceptSet!$A:$A,0))) | L11: =IF($K11="","",INDEX(RegionSet!$B:$B,MATCH($K11,RegionSet!$A:$A,0))) | N11: =IF($M11="","",INDEX(GeneticDistanceProtocol!$C:$C,MATCH($M11,GeneticDistanceProtocol!$A:$A,0))) | O11: =$E11&" ("&$H11&(IF($J11="","",";"&$J11)&(IF($L11="","",";"&$L11)))&")" -> dim10_1 (ORGANIZATION) | P11: {}
A12: 0198ef6d-8543-13b8-702c-f36c6968d08f | B12: 0198ef6d-8543-d4cb-e9cb-2c352f1baa30 | C12: =INDEX(Dim!$C:$C,MATCH($B12,Dim!$A:$A,0)) -> dim11 | D12: _1 | E12: =$C12&$D12 -> dim11_1 | F12: =RIGHT($D12,LEN($D12)-1)+1-1 -> 1 | G12: =$E12 -> dim11_1 | H12: GEO_REGION | J12: =IF($I12="","",INDEX(ConceptSet!$C:$C,MATCH($I12,ConceptSet!$A:$A,0))) | K12: 0198ef6d-8543-92bb-3d7b-9a6b17e52c7d | L12: =IF($K12="","",INDEX(RegionSet!$B:$B,MATCH($K12,RegionSet!$A:$A,0))) -> PC_L4 | N12: =IF($M12="","",INDEX(GeneticDistanceProtocol!$C:$C,MATCH($M12,GeneticDistanceProtocol!$A:$A,0))) | O12: =$E12&" ("&$H12&(IF($J12="","",";"&$J12)&(IF($L12="","",";"&$L12)))&")" -> dim11_1 (GEO_REGION;PC_L4) | P12: {}
A13: 0198ef6d-8543-74d1-8cf2-4f5da375834f | B13: 0198ef6d-8543-d4cb-e9cb-2c352f1baa30 | C13: =INDEX(Dim!$C:$C,MATCH($B13,Dim!$A:$A,0)) -> dim11 | D13: _2 | E13: =$C13&$D13 -> dim11_2 | F13: =RIGHT($D13,LEN($D13)-1)+1-1 -> 2 | G13: =$E13 -> dim11_2 | H13: GEO_REGION | J13: =IF($I13="","",INDEX(ConceptSet!$C:$C,MATCH($I13,ConceptSet!$A:$A,0))) | K13: 0198ef6d-8543-0ad2-6a86-701cc690b0a4 | L13: =IF($K13="","",INDEX(RegionSet!$B:$B,MATCH($K13,RegionSet!$A:$A,0))) -> PC_L3 | N13: =IF($M13="","",INDEX(GeneticDistanceProtocol!$C:$C,MATCH($M13,GeneticDistanceProtocol!$A:$A,0))) | O13: =$E13&" ("&$H13&(IF($J13="","",";"&$J13)&(IF($L13="","",";"&$L13)))&")" -> dim11_2 (GEO_REGION;PC_L3) | P13: {}
A14: 0198ef6d-8543-b7d9-c034-47ae7fb11c50 | B14: 0198ef6d-8543-d4cb-e9cb-2c352f1baa30 | C14: =INDEX(Dim!$C:$C,MATCH($B14,Dim!$A:$A,0)) -> dim11 | D14: _3 | E14: =$C14&$D14 -> dim11_3 | F14: =RIGHT($D14,LEN($D14)-1)+1-1 -> 3 | G14: =$E14 -> dim11_3 | H14: GEO_REGION | J14: =IF($I14="","",INDEX(ConceptSet!$C:$C,MATCH($I14,ConceptSet!$A:$A,0))) | K14: 0198ef6d-8543-5e3f-5ed0-dd932e32c2aa | L14: =IF($K14="","",INDEX(RegionSet!$B:$B,MATCH($K14,RegionSet!$A:$A,0))) -> MUN | N14: =IF($M14="","",INDEX(GeneticDistanceProtocol!$C:$C,MATCH($M14,GeneticDistanceProtocol!$A:$A,0))) | O14: =$E14&" ("&$H14&(IF($J14="","",";"&$J14)&(IF($L14="","",";"&$L14)))&")" -> dim11_3 (GEO_REGION;MUN) | P14: {}
A15: 0198ef6d-8543-61aa-6bef-ab847c75d5f6 | B15: 0198ef6d-8543-d4cb-e9cb-2c352f1baa30 | C15: =INDEX(Dim!$C:$C,MATCH($B15,Dim!$A:$A,0)) -> dim11 | D15: _4 | E15: =$C15&$D15 -> dim11_4 | F15: =RIGHT($D15,LEN($D15)-1)+1-1 -> 4 | G15: =$E15 -> dim11_4 | H15: GEO_REGION | J15: =IF($I15="","",INDEX(ConceptSet!$C:$C,MATCH($I15,ConceptSet!$A:$A,0))) | K15: 0198ef6d-8543-ca21-8fc9-aac9c10fe055 | L15: =IF($K15="","",INDEX(RegionSet!$B:$B,MATCH($K15,RegionSet!$A:$A,0))) -> PV | N15: =IF($M15="","",INDEX(GeneticDistanceProtocol!$C:$C,MATCH($M15,GeneticDistanceProtocol!$A:$A,0))) | O15: =$E15&" ("&$H15&(IF($J15="","",";"&$J15)&(IF($L15="","",";"&$L15)))&")" -> dim11_4 (GEO_REGION;PV) | P15: {}
A16: 0198ef6d-8543-c6b8-13b1-618c88c659c4 | B16: 0198ef6d-8543-08a5-b8d2-bad85d28ce19 | C16: =INDEX(Dim!$C:$C,MATCH($B16,Dim!$A:$A,0)) -> dim12 | D16: _1 | E16: =$C16&$D16 -> dim12_1 | F16: =RIGHT($D16,LEN($D16)-1)+1-1 -> 1 | G16: =$E16 -> dim12_1 | H16: GEO_REGION | J16: =IF($I16="","",INDEX(ConceptSet!$C:$C,MATCH($I16,ConceptSet!$A:$A,0))) | K16: 0198ef6d-8543-92bb-3d7b-9a6b17e52c7d | L16: =IF($K16="","",INDEX(RegionSet!$B:$B,MATCH($K16,RegionSet!$A:$A,0))) -> PC_L4 | N16: =IF($M16="","",INDEX(GeneticDistanceProtocol!$C:$C,MATCH($M16,GeneticDistanceProtocol!$A:$A,0))) | O16: =$E16&" ("&$H16&(IF($J16="","",";"&$J16)&(IF($L16="","",";"&$L16)))&")" -> dim12_1 (GEO_REGION;PC_L4) | P16: {}
A17: 0198ef6d-8543-1f4e-e4ff-26b349afa1da | B17: 0198ef6d-8543-08a5-b8d2-bad85d28ce19 | C17: =INDEX(Dim!$C:$C,MATCH($B17,Dim!$A:$A,0)) -> dim12 | D17: _2 | E17: =$C17&$D17 -> dim12_2 | F17: =RIGHT($D17,LEN($D17)-1)+1-1 -> 2 | G17: =$E17 -> dim12_2 | H17: GEO_REGION | J17: =IF($I17="","",INDEX(ConceptSet!$C:$C,MATCH($I17,ConceptSet!$A:$A,0))) | K17: 0198ef6d-8543-0ad2-6a86-701cc690b0a4 | L17: =IF($K17="","",INDEX(RegionSet!$B:$B,MATCH($K17,RegionSet!$A:$A,0))) -> PC_L3 | N17: =IF($M17="","",INDEX(GeneticDistanceProtocol!$C:$C,MATCH($M17,GeneticDistanceProtocol!$A:$A,0))) | O17: =$E17&" ("&$H17&(IF($J17="","",";"&$J17)&(IF($L17="","",";"&$L17)))&")" -> dim12_2 (GEO_REGION;PC_L3) | P17: {}
A18: 0198ef6d-8543-1d52-5bac-f77d1900a8dd | B18: 0198ef6d-8543-08a5-b8d2-bad85d28ce19 | C18: =INDEX(Dim!$C:$C,MATCH($B18,Dim!$A:$A,0)) -> dim12 | D18: _3 | E18: =$C18&$D18 -> dim12_3 | F18: =RIGHT($D18,LEN($D18)-1)+1-1 -> 3 | G18: =$E18 -> dim12_3 | H18: GEO_REGION | J18: =IF($I18="","",INDEX(ConceptSet!$C:$C,MATCH($I18,ConceptSet!$A:$A,0))) | K18: 0198ef6d-8543-5e3f-5ed0-dd932e32c2aa | L18: =IF($K18="","",INDEX(RegionSet!$B:$B,MATCH($K18,RegionSet!$A:$A,0))) -> MUN | N18: =IF($M18="","",INDEX(GeneticDistanceProtocol!$C:$C,MATCH($M18,GeneticDistanceProtocol!$A:$A,0))) | O18: =$E18&" ("&$H18&(IF($J18="","",";"&$J18)&(IF($L18="","",";"&$L18)))&")" -> dim12_3 (GEO_REGION;MUN) | P18: {}
A19: 0198ef6d-8543-d807-f0b2-816adb66b0e2 | B19: 0198ef6d-8543-08a5-b8d2-bad85d28ce19 | C19: =INDEX(Dim!$C:$C,MATCH($B19,Dim!$A:$A,0)) -> dim12 | D19: _4 | E19: =$C19&$D19 -> dim12_4 | F19: =RIGHT($D19,LEN($D19)-1)+1-1 -> 4 | G19: =$E19 -> dim12_4 | H19: GEO_REGION | J19: =IF($I19="","",INDEX(ConceptSet!$C:$C,MATCH($I19,ConceptSet!$A:$A,0))) | K19: 0198ef6d-8543-ca21-8fc9-aac9c10fe055 | L19: =IF($K19="","",INDEX(RegionSet!$B:$B,MATCH($K19,RegionSet!$A:$A,0))) -> PV | N19: =IF($M19="","",INDEX(GeneticDistanceProtocol!$C:$C,MATCH($M19,GeneticDistanceProtocol!$A:$A,0))) | O19: =$E19&" ("&$H19&(IF($J19="","",";"&$J19)&(IF($L19="","",";"&$L19)))&")" -> dim12_4 (GEO_REGION;PV) | P19: {}
A20: 0198ef6d-8543-1ccc-3ca5-8e5804b351d7 | B20: 0198ef6d-8543-090b-38ba-3d20aff20301 | C20: =INDEX(Dim!$C:$C,MATCH($B20,Dim!$A:$A,0)) -> dim13 | D20: _1 | E20: =$C20&$D20 -> dim13_1 | F20: =RIGHT($D20,LEN($D20)-1)+1-1 -> 1 | G20: =$E20 -> dim13_1 | H20: TIME_DAY | J20: =IF($I20="","",INDEX(ConceptSet!$C:$C,MATCH($I20,ConceptSet!$A:$A,0))) | L20: =IF($K20="","",INDEX(RegionSet!$B:$B,MATCH($K20,RegionSet!$A:$A,0))) | N20: =IF($M20="","",INDEX(GeneticDistanceProtocol!$C:$C,MATCH($M20,GeneticDistanceProtocol!$A:$A,0))) | O20: =$E20&" ("&$H20&(IF($J20="","",";"&$J20)&(IF($L20="","",";"&$L20)))&")" -> dim13_1 (TIME_DAY) | P20: {}
A21: 0198ef6d-8543-a1f2-8fe1-01a845acbff0 | B21: 0198ef6d-8543-090b-38ba-3d20aff20301 | C21: =INDEX(Dim!$C:$C,MATCH($B21,Dim!$A:$A,0)) -> dim13 | D21: _2 | E21: =$C21&$D21 -> dim13_2 | F21: =RIGHT($D21,LEN($D21)-1)+1-1 -> 2 | G21: =$E21 -> dim13_2 | H21: TIME_WEEK | J21: =IF($I21="","",INDEX(ConceptSet!$C:$C,MATCH($I21,ConceptSet!$A:$A,0))) | L21: =IF($K21="","",INDEX(RegionSet!$B:$B,MATCH($K21,RegionSet!$A:$A,0))) | N21: =IF($M21="","",INDEX(GeneticDistanceProtocol!$C:$C,MATCH($M21,GeneticDistanceProtocol!$A:$A,0))) | O21: =$E21&" ("&$H21&(IF($J21="","",";"&$J21)&(IF($L21="","",";"&$L21)))&")" -> dim13_2 (TIME_WEEK) | P21: {}
A22: 0198ef6d-8543-3ef0-e88e-3e695cf2445e | B22: 0198ef6d-8543-090b-38ba-3d20aff20301 | C22: =INDEX(Dim!$C:$C,MATCH($B22,Dim!$A:$A,0)) -> dim13 | D22: _3 | E22: =$C22&$D22 -> dim13_3 | F22: =RIGHT($D22,LEN($D22)-1)+1-1 -> 3 | G22: =$E22 -> dim13_3 | H22: TIME_MONTH | J22: =IF($I22="","",INDEX(ConceptSet!$C:$C,MATCH($I22,ConceptSet!$A:$A,0))) | L22: =IF($K22="","",INDEX(RegionSet!$B:$B,MATCH($K22,RegionSet!$A:$A,0))) | N22: =IF($M22="","",INDEX(GeneticDistanceProtocol!$C:$C,MATCH($M22,GeneticDistanceProtocol!$A:$A,0))) | O22: =$E22&" ("&$H22&(IF($J22="","",";"&$J22)&(IF($L22="","",";"&$L22)))&")" -> dim13_3 (TIME_MONTH) | P22: {}
A23: 0198ef6d-8543-36a5-2583-d111be64cfe5 | B23: 0198ef6d-8543-090b-38ba-3d20aff20301 | C23: =INDEX(Dim!$C:$C,MATCH($B23,Dim!$A:$A,0)) -> dim13 | D23: _4 | E23: =$C23&$D23 -> dim13_4 | F23: =RIGHT($D23,LEN($D23)-1)+1-1 -> 4 | G23: =$E23 -> dim13_4 | H23: TIME_QUARTER | J23: =IF($I23="","",INDEX(ConceptSet!$C:$C,MATCH($I23,ConceptSet!$A:$A,0))) | L23: =IF($K23="","",INDEX(RegionSet!$B:$B,MATCH($K23,RegionSet!$A:$A,0))) | N23: =IF($M23="","",INDEX(GeneticDistanceProtocol!$C:$C,MATCH($M23,GeneticDistanceProtocol!$A:$A,0))) | O23: =$E23&" ("&$H23&(IF($J23="","",";"&$J23)&(IF($L23="","",";"&$L23)))&")" -> dim13_4 (TIME_QUARTER) | P23: {}
A24: 0198ef6d-8543-0602-3b9b-8074754ce32f | B24: 0198ef6d-8543-090b-38ba-3d20aff20301 | C24: =INDEX(Dim!$C:$C,MATCH($B24,Dim!$A:$A,0)) -> dim13 | D24: _5 | E24: =$C24&$D24 -> dim13_5 | F24: =RIGHT($D24,LEN($D24)-1)+1-1 -> 5 | G24: =$E24 -> dim13_5 | H24: TIME_YEAR | J24: =IF($I24="","",INDEX(ConceptSet!$C:$C,MATCH($I24,ConceptSet!$A:$A,0))) | L24: =IF($K24="","",INDEX(RegionSet!$B:$B,MATCH($K24,RegionSet!$A:$A,0))) | N24: =IF($M24="","",INDEX(GeneticDistanceProtocol!$C:$C,MATCH($M24,GeneticDistanceProtocol!$A:$A,0))) | O24: =$E24&" ("&$H24&(IF($J24="","",";"&$J24)&(IF($L24="","",";"&$L24)))&")" -> dim13_5 (TIME_YEAR) | P24: {}
A25: 0198ef6d-8543-4c94-0bf9-94599fca001d | B25: 0198ef6d-8543-9464-8125-c57e62e81fa8 | C25: =INDEX(Dim!$C:$C,MATCH($B25,Dim!$A:$A,0)) -> dim14 | D25: _1 | E25: =$C25&$D25 -> dim14_1 | F25: =RIGHT($D25,LEN($D25)-1)+1-1 -> 1 | G25: =$E25 -> dim14_1 | H25: TIME_DAY | J25: =IF($I25="","",INDEX(ConceptSet!$C:$C,MATCH($I25,ConceptSet!$A:$A,0))) | L25: =IF($K25="","",INDEX(RegionSet!$B:$B,MATCH($K25,RegionSet!$A:$A,0))) | N25: =IF($M25="","",INDEX(GeneticDistanceProtocol!$C:$C,MATCH($M25,GeneticDistanceProtocol!$A:$A,0))) | O25: =$E25&" ("&$H25&(IF($J25="","",";"&$J25)&(IF($L25="","",";"&$L25)))&")" -> dim14_1 (TIME_DAY) | P25: {}
A26: 0198ef6d-8543-97b5-1037-1371f120aa8d | B26: 0198ef6d-8543-9464-8125-c57e62e81fa8 | C26: =INDEX(Dim!$C:$C,MATCH($B26,Dim!$A:$A,0)) -> dim14 | D26: _2 | E26: =$C26&$D26 -> dim14_2 | F26: =RIGHT($D26,LEN($D26)-1)+1-1 -> 2 | G26: =$E26 -> dim14_2 | H26: TIME_WEEK | J26: =IF($I26="","",INDEX(ConceptSet!$C:$C,MATCH($I26,ConceptSet!$A:$A,0))) | L26: =IF($K26="","",INDEX(RegionSet!$B:$B,MATCH($K26,RegionSet!$A:$A,0))) | N26: =IF($M26="","",INDEX(GeneticDistanceProtocol!$C:$C,MATCH($M26,GeneticDistanceProtocol!$A:$A,0))) | O26: =$E26&" ("&$H26&(IF($J26="","",";"&$J26)&(IF($L26="","",";"&$L26)))&")" -> dim14_2 (TIME_WEEK) | P26: {}
A27: 0198ef6d-8543-3174-2105-15a6851c5148 | B27: 0198ef6d-8543-9464-8125-c57e62e81fa8 | C27: =INDEX(Dim!$C:$C,MATCH($B27,Dim!$A:$A,0)) -> dim14 | D27: _3 | E27: =$C27&$D27 -> dim14_3 | F27: =RIGHT($D27,LEN($D27)-1)+1-1 -> 3 | G27: =$E27 -> dim14_3 | H27: TIME_MONTH | J27: =IF($I27="","",INDEX(ConceptSet!$C:$C,MATCH($I27,ConceptSet!$A:$A,0))) | L27: =IF($K27="","",INDEX(RegionSet!$B:$B,MATCH($K27,RegionSet!$A:$A,0))) | N27: =IF($M27="","",INDEX(GeneticDistanceProtocol!$C:$C,MATCH($M27,GeneticDistanceProtocol!$A:$A,0))) | O27: =$E27&" ("&$H27&(IF($J27="","",";"&$J27)&(IF($L27="","",";"&$L27)))&")" -> dim14_3 (TIME_MONTH) | P27: {}
A28: 0198ef6d-8543-d0b2-a670-f7d735fbf952 | B28: 0198ef6d-8543-9464-8125-c57e62e81fa8 | C28: =INDEX(Dim!$C:$C,MATCH($B28,Dim!$A:$A,0)) -> dim14 | D28: _4 | E28: =$C28&$D28 -> dim14_4 | F28: =RIGHT($D28,LEN($D28)-1)+1-1 -> 4 | G28: =$E28 -> dim14_4 | H28: TIME_QUARTER | J28: =IF($I28="","",INDEX(ConceptSet!$C:$C,MATCH($I28,ConceptSet!$A:$A,0))) | L28: =IF($K28="","",INDEX(RegionSet!$B:$B,MATCH($K28,RegionSet!$A:$A,0))) | N28: =IF($M28="","",INDEX(GeneticDistanceProtocol!$C:$C,MATCH($M28,GeneticDistanceProtocol!$A:$A,0))) | O28: =$E28&" ("&$H28&(IF($J28="","",";"&$J28)&(IF($L28="","",";"&$L28)))&")" -> dim14_4 (TIME_QUARTER) | P28: {}
A29: 0198ef6d-8543-70f1-d18e-7b3cd6948bd7 | B29: 0198ef6d-8543-9464-8125-c57e62e81fa8 | C29: =INDEX(Dim!$C:$C,MATCH($B29,Dim!$A:$A,0)) -> dim14 | D29: _5 | E29: =$C29&$D29 -> dim14_5 | F29: =RIGHT($D29,LEN($D29)-1)+1-1 -> 5 | G29: =$E29 -> dim14_5 | H29: TIME_YEAR | J29: =IF($I29="","",INDEX(ConceptSet!$C:$C,MATCH($I29,ConceptSet!$A:$A,0))) | L29: =IF($K29="","",INDEX(RegionSet!$B:$B,MATCH($K29,RegionSet!$A:$A,0))) | N29: =IF($M29="","",INDEX(GeneticDistanceProtocol!$C:$C,MATCH($M29,GeneticDistanceProtocol!$A:$A,0))) | O29: =$E29&" ("&$H29&(IF($J29="","",";"&$J29)&(IF($L29="","",";"&$L29)))&")" -> dim14_5 (TIME_YEAR) | P29: {}
A30: 0198ef6d-8543-ab8a-bde3-659597476ba5 | B30: 0198ef6d-8543-f771-bae1-9ddd35630976 | C30: =INDEX(Dim!$C:$C,MATCH($B30,Dim!$A:$A,0)) -> dim15 | D30: _1 | E30: =$C30&$D30 -> dim15_1 | F30: =RIGHT($D30,LEN($D30)-1)+1-1 -> 1 | G30: =$E30 -> dim15_1 | H30: ID_PERSON | J30: =IF($I30="","",INDEX(ConceptSet!$C:$C,MATCH($I30,ConceptSet!$A:$A,0))) | L30: =IF($K30="","",INDEX(RegionSet!$B:$B,MATCH($K30,RegionSet!$A:$A,0))) | N30: =IF($M30="","",INDEX(GeneticDistanceProtocol!$C:$C,MATCH($M30,GeneticDistanceProtocol!$A:$A,0))) | O30: =$E30&" ("&$H30&(IF($J30="","",";"&$J30)&(IF($L30="","",";"&$L30)))&")" -> dim15_1 (ID_PERSON) | P30: {}
A31: 019a8753-bf2c-b427-d5ba-9747d699e21c | B31: 0198ef6d-8543-f771-bae1-9ddd35630976 | C31: =INDEX(Dim!$C:$C,MATCH($B31,Dim!$A:$A,0)) -> dim15 | D31: _2 | E31: =$C31&$D31 -> dim15_2 | F31: =RIGHT($D31,LEN($D31)-1)+1-1 -> 2 | G31: =$E31 -> dim15_2 | H31: ID_SAMPLE | O31: =$E31&" ("&$H31&(IF($J31="","",";"&$J31)&(IF($L31="","",";"&$L31)))&")" -> dim15_2 (ID_SAMPLE) | P31: {}
A32: 019a8753-bf2c-b04d-a317-1b7c6b304038 | B32: 0198ef6d-8543-f771-bae1-9ddd35630976 | C32: =INDEX(Dim!$C:$C,MATCH($B32,Dim!$A:$A,0)) -> dim15 | D32: _3 | E32: =$C32&$D32 -> dim15_3 | F32: =RIGHT($D32,LEN($D32)-1)+1-1 -> 3 | G32: =$E32 -> dim15_3 | H32: ID_CASE | O32: =$E32&" ("&$H32&(IF($J32="","",";"&$J32)&(IF($L32="","",";"&$L32)))&")" -> dim15_3 (ID_CASE) | P32: {}
A33: 019a8753-bf2c-c0b8-376a-c4461cb0869e | B33: 0198ef6d-8543-f771-bae1-9ddd35630976 | C33: =INDEX(Dim!$C:$C,MATCH($B33,Dim!$A:$A,0)) -> dim15 | D33: _4 | E33: =$C33&$D33 -> dim15_4 | F33: =RIGHT($D33,LEN($D33)-1)+1-1 -> 4 | G33: =$E33 -> dim15_4 | H33: ID_GENETIC_SEQUENCE | O33: =$E33&" ("&$H33&(IF($J33="","",";"&$J33)&(IF($L33="","",";"&$L33)))&")" -> dim15_4 (ID_GENETIC_SEQUENCE) | P33: {}
A34: 019a8753-bf2c-8c3b-cf55-178d0a80164a | B34: 0198ef6d-8543-f771-bae1-9ddd35630976 | C34: =INDEX(Dim!$C:$C,MATCH($B34,Dim!$A:$A,0)) -> dim15 | D34: _5 | E34: =$C34&$D34 -> dim15_5 | F34: =RIGHT($D34,LEN($D34)-1)+1-1 -> 5 | G34: =$E34 -> dim15_5 | H34: ID_EVENT | O34: =$E34&" ("&$H34&(IF($J34="","",";"&$J34)&(IF($L34="","",";"&$L34)))&")" -> dim15_5 (ID_EVENT) | P34: {}
A35: 0198ef6d-8543-7878-8fbe-0ddd72dfc52c | B35: 0198ef6d-8543-c781-d5a1-ba5569aaaf92 | C35: =INDEX(Dim!$C:$C,MATCH($B35,Dim!$A:$A,0)) -> dim16 | D35: _1 | E35: =$C35&$D35 -> dim16_1 | F35: =RIGHT($D35,LEN($D35)-1)+1-1 -> 1 | G35: =$E35 -> dim16_1 | H35: ID_PERSON | J35: =IF($I35="","",INDEX(ConceptSet!$C:$C,MATCH($I35,ConceptSet!$A:$A,0))) | L35: =IF($K35="","",INDEX(RegionSet!$B:$B,MATCH($K35,RegionSet!$A:$A,0))) | N35: =IF($M35="","",INDEX(GeneticDistanceProtocol!$C:$C,MATCH($M35,GeneticDistanceProtocol!$A:$A,0))) | O35: =$E35&" ("&$H35&(IF($J35="","",";"&$J35)&(IF($L35="","",";"&$L35)))&")" -> dim16_1 (ID_PERSON) | P35: {}
A36: 019a8753-bf2c-f15c-ca20-3d1633c0d5f1 | B36: 0198ef6d-8543-c781-d5a1-ba5569aaaf92 | C36: =INDEX(Dim!$C:$C,MATCH($B36,Dim!$A:$A,0)) -> dim16 | D36: _2 | E36: =$C36&$D36 -> dim16_2 | F36: =RIGHT($D36,LEN($D36)-1)+1-1 -> 2 | G36: =$E36 -> dim16_2 | H36: ID_SAMPLE | J36: =IF($I36="","",INDEX(ConceptSet!$C:$C,MATCH($I36,ConceptSet!$A:$A,0))) | L36: =IF($K36="","",INDEX(RegionSet!$B:$B,MATCH($K36,RegionSet!$A:$A,0))) | N36: =IF($M36="","",INDEX(GeneticDistanceProtocol!$C:$C,MATCH($M36,GeneticDistanceProtocol!$A:$A,0))) | O36: =$E36&" ("&$H36&(IF($J36="","",";"&$J36)&(IF($L36="","",";"&$L36)))&")" -> dim16_2 (ID_SAMPLE) | P36: {}
A37: 019a8753-bf2c-d422-00be-f1be965d0f5a | B37: 0198ef6d-8543-c781-d5a1-ba5569aaaf92 | C37: =INDEX(Dim!$C:$C,MATCH($B37,Dim!$A:$A,0)) -> dim16 | D37: _3 | E37: =$C37&$D37 -> dim16_3 | F37: =RIGHT($D37,LEN($D37)-1)+1-1 -> 3 | G37: =$E37 -> dim16_3 | H37: ID_CASE | J37: =IF($I37="","",INDEX(ConceptSet!$C:$C,MATCH($I37,ConceptSet!$A:$A,0))) | L37: =IF($K37="","",INDEX(RegionSet!$B:$B,MATCH($K37,RegionSet!$A:$A,0))) | N37: =IF($M37="","",INDEX(GeneticDistanceProtocol!$C:$C,MATCH($M37,GeneticDistanceProtocol!$A:$A,0))) | O37: =$E37&" ("&$H37&(IF($J37="","",";"&$J37)&(IF($L37="","",";"&$L37)))&")" -> dim16_3 (ID_CASE) | P37: {}
A38: 019a8753-bf2c-9a86-7be8-43526cc1c429 | B38: 0198ef6d-8543-c781-d5a1-ba5569aaaf92 | C38: =INDEX(Dim!$C:$C,MATCH($B38,Dim!$A:$A,0)) -> dim16 | D38: _4 | E38: =$C38&$D38 -> dim16_4 | F38: =RIGHT($D38,LEN($D38)-1)+1-1 -> 4 | G38: =$E38 -> dim16_4 | H38: ID_GENETIC_SEQUENCE | J38: =IF($I38="","",INDEX(ConceptSet!$C:$C,MATCH($I38,ConceptSet!$A:$A,0))) | L38: =IF($K38="","",INDEX(RegionSet!$B:$B,MATCH($K38,RegionSet!$A:$A,0))) | N38: =IF($M38="","",INDEX(GeneticDistanceProtocol!$C:$C,MATCH($M38,GeneticDistanceProtocol!$A:$A,0))) | O38: =$E38&" ("&$H38&(IF($J38="","",";"&$J38)&(IF($L38="","",";"&$L38)))&")" -> dim16_4 (ID_GENETIC_SEQUENCE) | P38: {}
A39: 019a8753-bf2c-f591-24f0-f9edb78f9192 | B39: 0198ef6d-8543-c781-d5a1-ba5569aaaf92 | C39: =INDEX(Dim!$C:$C,MATCH($B39,Dim!$A:$A,0)) -> dim16 | D39: _5 | E39: =$C39&$D39 -> dim16_5 | F39: =RIGHT($D39,LEN($D39)-1)+1-1 -> 5 | G39: =$E39 -> dim16_5 | H39: ID_EVENT | J39: =IF($I39="","",INDEX(ConceptSet!$C:$C,MATCH($I39,ConceptSet!$A:$A,0))) | L39: =IF($K39="","",INDEX(RegionSet!$B:$B,MATCH($K39,RegionSet!$A:$A,0))) | N39: =IF($M39="","",INDEX(GeneticDistanceProtocol!$C:$C,MATCH($M39,GeneticDistanceProtocol!$A:$A,0))) | O39: =$E39&" ("&$H39&(IF($J39="","",";"&$J39)&(IF($L39="","",";"&$L39)))&")" -> dim16_5 (ID_EVENT) | P39: {}
A40: 0198ef6d-8543-c616-5348-1a00a03f4c57 | B40: 0198ef6d-8543-2e3c-58fa-85eca2a977c1 | C40: =INDEX(Dim!$C:$C,MATCH($B40,Dim!$A:$A,0)) -> dim17 | D40: _1 | E40: =$C40&$D40 -> dim17_1 | F40: =RIGHT($D40,LEN($D40)-1)+1-1 -> 1 | G40: =$E40 -> dim17_1 | H40: DECIMAL_0 | J40: =IF($I40="","",INDEX(ConceptSet!$C:$C,MATCH($I40,ConceptSet!$A:$A,0))) | L40: =IF($K40="","",INDEX(RegionSet!$B:$B,MATCH($K40,RegionSet!$A:$A,0))) | N40: =IF($M40="","",INDEX(GeneticDistanceProtocol!$C:$C,MATCH($M40,GeneticDistanceProtocol!$A:$A,0))) | O40: =$E40&" ("&$H40&(IF($J40="","",";"&$J40)&(IF($L40="","",";"&$L40)))&")" -> dim17_1 (DECIMAL_0) | P40: {}
A41: 0198ef6d-8543-d80f-bded-2df4b7df993d | B41: 0198ef6d-8543-2e3c-58fa-85eca2a977c1 | C41: =INDEX(Dim!$C:$C,MATCH($B41,Dim!$A:$A,0)) -> dim17 | D41: _1 | E41: =$C41&$D41 -> dim17_1 | F41: =RIGHT($D41,LEN($D41)-1)+1-1 -> 1 | G41: =$E41 -> dim17_1 | H41: INTERVAL | I41: 0198ef6d-8543-020d-44c5-53e813a46714 | J41: =IF($I41="","",INDEX(ConceptSet!$C:$C,MATCH($I41,ConceptSet!$A:$A,0))) -> Age in years, intervals 0, 5, 15, 25, 45, 65 | L41: =IF($K41="","",INDEX(RegionSet!$B:$B,MATCH($K41,RegionSet!$A:$A,0))) | N41: =IF($M41="","",INDEX(GeneticDistanceProtocol!$C:$C,MATCH($M41,GeneticDistanceProtocol!$A:$A,0))) | O41: =$E41&" ("&$H41&(IF($J41="","",";"&$J41)&(IF($L41="","",";"&$L41)))&")" -> dim17_1 (INTERVAL;Age in years, intervals 0, 5, 15, 25, 45, 65) | P41: {}
A42: 0198ef6d-8543-7e88-f9a1-238ceac18124 | B42: 0198ef6d-8543-2e3c-58fa-85eca2a977c1 | C42: =INDEX(Dim!$C:$C,MATCH($B42,Dim!$A:$A,0)) -> dim17 | D42: _1 | E42: =$C42&$D42 -> dim17_1 | F42: =RIGHT($D42,LEN($D42)-1)+1-1 -> 1 | G42: =$E42 -> dim17_1 | H42: INTERVAL | I42: 0198ef6d-8543-2a37-be54-7f7d24e1ed1d | J42: =IF($I42="","",INDEX(ConceptSet!$C:$C,MATCH($I42,ConceptSet!$A:$A,0))) -> Age in years, intervals 0, 5, 19, 65 | L42: =IF($K42="","",INDEX(RegionSet!$B:$B,MATCH($K42,RegionSet!$A:$A,0))) | N42: =IF($M42="","",INDEX(GeneticDistanceProtocol!$C:$C,MATCH($M42,GeneticDistanceProtocol!$A:$A,0))) | O42: =$E42&" ("&$H42&(IF($J42="","",";"&$J42)&(IF($L42="","",";"&$L42)))&")" -> dim17_1 (INTERVAL;Age in years, intervals 0, 5, 19, 65) | P42: {}
A43: 0198ef6d-8543-e39d-276c-4184424fa3b7 | B43: 0198ef6d-8543-ca89-d050-715e4e6f5013 | C43: =INDEX(Dim!$C:$C,MATCH($B43,Dim!$A:$A,0)) -> dim18 | D43: _1 | E43: =$C43&$D43 -> dim18_1 | F43: =RIGHT($D43,LEN($D43)-1)+1-1 -> 1 | G43: =$E43 -> dim18_1 | H43: DECIMAL_2 | J43: =IF($I43="","",INDEX(ConceptSet!$C:$C,MATCH($I43,ConceptSet!$A:$A,0))) | L43: =IF($K43="","",INDEX(RegionSet!$B:$B,MATCH($K43,RegionSet!$A:$A,0))) | N43: =IF($M43="","",INDEX(GeneticDistanceProtocol!$C:$C,MATCH($M43,GeneticDistanceProtocol!$A:$A,0))) | O43: =$E43&" ("&$H43&(IF($J43="","",";"&$J43)&(IF($L43="","",";"&$L43)))&")" -> dim18_1 (DECIMAL_2) | P43: {}
A44: 0198ef6d-8543-4cc4-3dfd-ec8b31c48f5d | B44: 0198ef6d-8543-ca89-d050-715e4e6f5013 | C44: =INDEX(Dim!$C:$C,MATCH($B44,Dim!$A:$A,0)) -> dim18 | D44: _1 | E44: =$C44&$D44 -> dim18_1 | F44: =RIGHT($D44,LEN($D44)-1)+1-1 -> 1 | G44: =$E44 -> dim18_1 | H44: INTERVAL | I44: 0198ef6d-8543-cb6b-0c98-c2a7e640e10d | J44: =IF($I44="","",INDEX(ConceptSet!$C:$C,MATCH($I44,ConceptSet!$A:$A,0))) -> Age in months, intervals 0, 1, 2, 3 | L44: =IF($K44="","",INDEX(RegionSet!$B:$B,MATCH($K44,RegionSet!$A:$A,0))) | N44: =IF($M44="","",INDEX(GeneticDistanceProtocol!$C:$C,MATCH($M44,GeneticDistanceProtocol!$A:$A,0))) | O44: =$E44&" ("&$H44&(IF($J44="","",";"&$J44)&(IF($L44="","",";"&$L44)))&")" -> dim18_1 (INTERVAL;Age in months, intervals 0, 1, 2, 3) | P44: {}
A45: 0198ef6d-8543-5969-bc68-05db01d72683 | B45: 0198ef6d-8543-ca89-d050-715e4e6f5013 | C45: =INDEX(Dim!$C:$C,MATCH($B45,Dim!$A:$A,0)) -> dim18 | D45: _1 | E45: =$C45&$D45 -> dim18_1 | F45: =RIGHT($D45,LEN($D45)-1)+1-1 -> 1 | G45: =$E45 -> dim18_1 | H45: INTERVAL | I45: 0198ef6d-8543-f668-cedc-b78f8e3bc412 | J45: =IF($I45="","",INDEX(ConceptSet!$C:$C,MATCH($I45,ConceptSet!$A:$A,0))) -> Age in years, intervals 0, 15, 25, 35, 45 | L45: =IF($K45="","",INDEX(RegionSet!$B:$B,MATCH($K45,RegionSet!$A:$A,0))) | N45: =IF($M45="","",INDEX(GeneticDistanceProtocol!$C:$C,MATCH($M45,GeneticDistanceProtocol!$A:$A,0))) | O45: =$E45&" ("&$H45&(IF($J45="","",";"&$J45)&(IF($L45="","",";"&$L45)))&")" -> dim18_1 (INTERVAL;Age in years, intervals 0, 15, 25, 35, 45) | P45: {}
A46: 019a8753-bf2c-6038-8228-9423bf72b4c7 | B46: 0198ef6d-8543-ca89-d050-715e4e6f5013 | C46: =INDEX(Dim!$C:$C,MATCH($B46,Dim!$A:$A,0)) -> dim18 | D46: _1 | E46: =$C46&$D46 -> dim18_1 | F46: =RIGHT($D46,LEN($D46)-1)+1-1 -> 1 | G46: =$E46 -> dim18_1 | H46: INTERVAL | I46: 0198ef6d-8543-f668-cedc-b78f8e3bc412 | J46: =IF($I46="","",INDEX(ConceptSet!$C:$C,MATCH($I46,ConceptSet!$A:$A,0))) -> Age in years, intervals 0, 15, 25, 35, 45 | L46: =IF($K46="","",INDEX(RegionSet!$B:$B,MATCH($K46,RegionSet!$A:$A,0))) | N46: =IF($M46="","",INDEX(GeneticDistanceProtocol!$C:$C,MATCH($M46,GeneticDistanceProtocol!$A:$A,0))) | O46: =$E46&" ("&$H46&(IF($J46="","",";"&$J46)&(IF($L46="","",";"&$L46)))&")" -> dim18_1 (INTERVAL;Age in years, intervals 0, 15, 25, 35, 45) | P46: {}
A47: 019a8753-bf2c-7f5c-2ac5-080f7445073c | B47: 0198ef6d-8543-ca89-d050-715e4e6f5013 | C47: =INDEX(Dim!$C:$C,MATCH($B47,Dim!$A:$A,0)) -> dim18 | D47: _1 | E47: =$C47&$D47 -> dim18_1 | F47: =RIGHT($D47,LEN($D47)-1)+1-1 -> 1 | G47: =$E47 -> dim18_1 | H47: INTERVAL | I47: 0198ef6d-8543-f668-cedc-b78f8e3bc412 | J47: =IF($I47="","",INDEX(ConceptSet!$C:$C,MATCH($I47,ConceptSet!$A:$A,0))) -> Age in years, intervals 0, 15, 25, 35, 45 | L47: =IF($K47="","",INDEX(RegionSet!$B:$B,MATCH($K47,RegionSet!$A:$A,0))) | N47: =IF($M47="","",INDEX(GeneticDistanceProtocol!$C:$C,MATCH($M47,GeneticDistanceProtocol!$A:$A,0))) | O47: =$E47&" ("&$H47&(IF($J47="","",";"&$J47)&(IF($L47="","",";"&$L47)))&")" -> dim18_1 (INTERVAL;Age in years, intervals 0, 15, 25, 35, 45) | P47: {}
A48: 019a8753-bf2c-2ad1-695d-91c2de758f72 | B48: 019a8753-bf2c-6736-45f3-e51be3f8198a | C48: =INDEX(Dim!$C:$C,MATCH($B48,Dim!$A:$A,0)) -> dim19 | D48: _1 | E48: =$C48&$D48 -> dim19_1 | F48: =RIGHT($D48,LEN($D48)-1)+1-1 -> 1 | G48: =$E48 -> dim19_1 | H48: GENETIC_READS | J48: =IF($I48="","",INDEX(ConceptSet!$C:$C,MATCH($I48,ConceptSet!$A:$A,0))) | L48: =IF($K48="","",INDEX(RegionSet!$B:$B,MATCH($K48,RegionSet!$A:$A,0))) | N48: =IF($M48="","",INDEX(GeneticDistanceProtocol!$C:$C,MATCH($M48,GeneticDistanceProtocol!$A:$A,0))) | O48: =$E48&" ("&$H48&(IF($J48="","",";"&$J48)&(IF($L48="","",";"&$L48)))&")" -> dim19_1 (GENETIC_READS) | P48: {}
A49: 019a8753-bf2c-b1c5-f4d2-cbd4bb120f8a | B49: 019a8753-bf2c-6736-45f3-e51be3f8198a | C49: =INDEX(Dim!$C:$C,MATCH($B49,Dim!$A:$A,0)) -> dim19 | D49: _2 | E49: =$C49&$D49 -> dim19_2 | F49: =RIGHT($D49,LEN($D49)-1)+1-1 -> 2 | G49: =$E49 -> dim19_2 | H49: GENETIC_SEQUENCE | J49: =IF($I49="","",INDEX(ConceptSet!$C:$C,MATCH($I49,ConceptSet!$A:$A,0))) | L49: =IF($K49="","",INDEX(RegionSet!$B:$B,MATCH($K49,RegionSet!$A:$A,0))) | N49: =IF($M49="","",INDEX(GeneticDistanceProtocol!$C:$C,MATCH($M49,GeneticDistanceProtocol!$A:$A,0))) | O49: =$E49&" ("&$H49&(IF($J49="","",";"&$J49)&(IF($L49="","",";"&$L49)))&")" -> dim19_2 (GENETIC_SEQUENCE) | P49: {}
A50: 019a8753-bf2c-1b70-418c-112fdaa45670 | B50: 019a8753-bf2c-6736-45f3-e51be3f8198a | C50: =INDEX(Dim!$C:$C,MATCH($B50,Dim!$A:$A,0)) -> dim19 | D50: _3 | E50: =$C50&$D50 -> dim19_3 | F50: =RIGHT($D50,LEN($D50)-1)+1-1 -> 3 | G50: =$E50 -> dim19_3 | H50: GENETIC_PROFILE | J50: =IF($I50="","",INDEX(ConceptSet!$C:$C,MATCH($I50,ConceptSet!$A:$A,0))) | L50: =IF($K50="","",INDEX(RegionSet!$B:$B,MATCH($K50,RegionSet!$A:$A,0))) | N50: =IF($M50="","",INDEX(GeneticDistanceProtocol!$C:$C,MATCH($M50,GeneticDistanceProtocol!$A:$A,0))) | O50: =$E50&" ("&$H50&(IF($J50="","",";"&$J50)&(IF($L50="","",";"&$L50)))&")" -> dim19_3 (GENETIC_PROFILE) | P50: {}
A51: 019a8753-bf2c-40b7-c27d-db870a816d04 | B51: 019a8753-bf2c-6736-45f3-e51be3f8198a | C51: =INDEX(Dim!$C:$C,MATCH($B51,Dim!$A:$A,0)) -> dim19 | D51: _4 | E51: =$C51&$D51 -> dim19_4 | F51: =RIGHT($D51,LEN($D51)-1)+1-1 -> 4 | G51: =$E51 -> dim19_4 | H51: GENETIC_DISTANCE | J51: =IF($I51="","",INDEX(ConceptSet!$C:$C,MATCH($I51,ConceptSet!$A:$A,0))) | L51: =IF($K51="","",INDEX(RegionSet!$B:$B,MATCH($K51,RegionSet!$A:$A,0))) | M51: 018e939f-fcd8-ce9f-c733-24999ae57c22 | N51: =IF($M51="","",INDEX(GeneticDistanceProtocol!$C:$C,MATCH($M51,GeneticDistanceProtocol!$A:$A,0))) -> SALM cgMLST | O51: =$E51&" ("&$H51&(IF($J51="","",";"&$J51)&(IF($L51="","",";"&$L51)))&")" -> dim19_4 (GENETIC_DISTANCE) | P51: {}
A52: 019a8753-bf2c-b218-f0e7-31e7a565acf9 | B52: 019a8753-bf2c-30f2-25e7-b666c207ecd1 | C52: =INDEX(Dim!$C:$C,MATCH($B52,Dim!$A:$A,0)) -> dim20 | D52: _1 | E52: =$C52&$D52 -> dim20_1 | F52: =RIGHT($D52,LEN($D52)-1)+1-1 -> 1 | G52: =$E52 -> dim20_1 | H52: GENETIC_READS | J52: =IF($I52="","",INDEX(ConceptSet!$C:$C,MATCH($I52,ConceptSet!$A:$A,0))) | L52: =IF($K52="","",INDEX(RegionSet!$B:$B,MATCH($K52,RegionSet!$A:$A,0))) | N52: =IF($M52="","",INDEX(GeneticDistanceProtocol!$C:$C,MATCH($M52,GeneticDistanceProtocol!$A:$A,0))) | O52: =$E52&" ("&$H52&(IF($J52="","",";"&$J52)&(IF($L52="","",";"&$L52)))&")" -> dim20_1 (GENETIC_READS) | P52: {}
A53: 019a8753-bf2c-92ec-aecb-61d7d86f87cd | B53: 019a8753-bf2c-30f2-25e7-b666c207ecd1 | C53: =INDEX(Dim!$C:$C,MATCH($B53,Dim!$A:$A,0)) -> dim20 | D53: _2 | E53: =$C53&$D53 -> dim20_2 | F53: =RIGHT($D53,LEN($D53)-1)+1-1 -> 2 | G53: =$E53 -> dim20_2 | H53: GENETIC_SEQUENCE | J53: =IF($I53="","",INDEX(ConceptSet!$C:$C,MATCH($I53,ConceptSet!$A:$A,0))) | L53: =IF($K53="","",INDEX(RegionSet!$B:$B,MATCH($K53,RegionSet!$A:$A,0))) | N53: =IF($M53="","",INDEX(GeneticDistanceProtocol!$C:$C,MATCH($M53,GeneticDistanceProtocol!$A:$A,0))) | O53: =$E53&" ("&$H53&(IF($J53="","",";"&$J53)&(IF($L53="","",";"&$L53)))&")" -> dim20_2 (GENETIC_SEQUENCE) | P53: {}
A54: 019a8753-bf2c-4c50-1550-07f654ebf9b5 | B54: 019a8753-bf2c-30f2-25e7-b666c207ecd1 | C54: =INDEX(Dim!$C:$C,MATCH($B54,Dim!$A:$A,0)) -> dim20 | D54: _3 | E54: =$C54&$D54 -> dim20_3 | F54: =RIGHT($D54,LEN($D54)-1)+1-1 -> 3 | G54: =$E54 -> dim20_3 | H54: GENETIC_PROFILE | J54: =IF($I54="","",INDEX(ConceptSet!$C:$C,MATCH($I54,ConceptSet!$A:$A,0))) | L54: =IF($K54="","",INDEX(RegionSet!$B:$B,MATCH($K54,RegionSet!$A:$A,0))) | N54: =IF($M54="","",INDEX(GeneticDistanceProtocol!$C:$C,MATCH($M54,GeneticDistanceProtocol!$A:$A,0))) | O54: =$E54&" ("&$H54&(IF($J54="","",";"&$J54)&(IF($L54="","",";"&$L54)))&")" -> dim20_3 (GENETIC_PROFILE) | P54: {}
A55: 019a8753-bf2c-5f22-8241-8ff215e72832 | B55: 019a8753-bf2c-30f2-25e7-b666c207ecd1 | C55: =INDEX(Dim!$C:$C,MATCH($B55,Dim!$A:$A,0)) -> dim20 | D55: _4 | E55: =$C55&$D55 -> dim20_4 | F55: =RIGHT($D55,LEN($D55)-1)+1-1 -> 4 | G55: =$E55 -> dim20_4 | H55: GENETIC_DISTANCE | J55: =IF($I55="","",INDEX(ConceptSet!$C:$C,MATCH($I55,ConceptSet!$A:$A,0))) | L55: =IF($K55="","",INDEX(RegionSet!$B:$B,MATCH($K55,RegionSet!$A:$A,0))) | M55: 018e939f-fcd8-0aa8-8314-a1fd64d004a7 | N55: =IF($M55="","",INDEX(GeneticDistanceProtocol!$C:$C,MATCH($M55,GeneticDistanceProtocol!$A:$A,0))) -> SALM SNP | O55: =$E55&" ("&$H55&(IF($J55="","",";"&$J55)&(IF($L55="","",";"&$L55)))&")" -> dim20_4 (GENETIC_DISTANCE) | P55: {}
A56: 0198ef6d-8543-48c7-ff84-ba2c574cb664 | B56: 0198ef6d-8543-464e-e152-42bb0dc00713 | C56: =INDEX(Dim!$C:$C,MATCH($B56,Dim!$A:$A,0)) -> dim21 | D56: _1 | E56: =$C56&$D56 -> dim21_1 | F56: =RIGHT($D56,LEN($D56)-1)+1-1 -> 1 | G56: =$E56 -> dim21_1 | H56: OTHER | J56: =IF($I56="","",INDEX(ConceptSet!$C:$C,MATCH($I56,ConceptSet!$A:$A,0))) | L56: =IF($K56="","",INDEX(RegionSet!$B:$B,MATCH($K56,RegionSet!$A:$A,0))) | N56: =IF($M56="","",INDEX(GeneticDistanceProtocol!$C:$C,MATCH($M56,GeneticDistanceProtocol!$A:$A,0))) | O56: =$E56&" ("&$H56&(IF($J56="","",";"&$J56)&(IF($L56="","",";"&$L56)))&")" -> dim21_1 (OTHER) | P56: {}
A57: 0198ef6d-8543-6928-904b-2f24d48dec5d | B57: 0198ef6d-8543-4209-5045-1bdd507593a7 | C57: =INDEX(Dim!$C:$C,MATCH($B57,Dim!$A:$A,0)) -> dim22 | D57: _1 | E57: =$C57&$D57 -> dim22_1 | F57: =RIGHT($D57,LEN($D57)-1)+1-1 -> 1 | G57: =$E57 -> dim22_1 | H57: OTHER | J57: =IF($I57="","",INDEX(ConceptSet!$C:$C,MATCH($I57,ConceptSet!$A:$A,0))) | L57: =IF($K57="","",INDEX(RegionSet!$B:$B,MATCH($K57,RegionSet!$A:$A,0))) | N57: =IF($M57="","",INDEX(GeneticDistanceProtocol!$C:$C,MATCH($M57,GeneticDistanceProtocol!$A:$A,0))) | O57: =$E57&" ("&$H57&(IF($J57="","",";"&$J57)&(IF($L57="","",";"&$L57)))&")" -> dim22_1 (OTHER) | P57: {}

Sheet Disease
A1: id | B1: name | C1: icd_code
A2: 0195d18c-1ca4-6d4f-99b8-10458cd57f32 | B2: disease1
A3: 0195d18c-1ca4-2098-2e1c-1f2c2d58cd41 | B3: disease2
A4: 0195d18c-1ca4-9f3c-a017-a8f11202fb1c | B4: disease3
A5: 0195d18c-1ca4-86bf-f4e7-8c2a92ff370d | B5: disease4
A6: 0195d18c-1ca4-6a53-af25-e4cd2ea0545a | B6: disease5

Sheet EtiologicalAgent
A1: id | B1: name | C1: type
A2: 0195d18c-1ca4-82bc-c40f-054b28401ddd | B2: etiological_agent1 | C2: ORGANISM
A3: 0195d18c-1ca4-d963-1fbd-e9bf6dbb100c | B3: etiological_agent2 | C3: ORGANISM
A4: 0195d18c-1ca5-5802-0739-33f87df230d4 | B4: etiological_agent3 | C4: ORGANISM
A5: 0195d18c-1ca5-6d25-b2ad-a663425c8c15 | B5: etiological_agent4 | C5: ORGANISM
A6: 0195d18c-1ca5-49ab-b2c2-6e8556234b5c | B6: etiological_agent5 | C6: ORGANISM

Sheet CaseType
A1: id | B1: name | C1: dm.code | D1: description | E1: disease_id | F1: dm.disease_name | G1: disease | H1: etiological_agent_id | I1: dm.etiological_agent_name | J1: etiological_agent
A2: 0195d18c-1ca6-fd99-9d76-fcfa0c0cf400 | B2: ="case_type"&$C2 -> case_type1 | C2: 1 | E2: 0195d18c-1ca4-6d4f-99b8-10458cd57f32 | F2: =INDEX(Disease!$B:$B,MATCH($E2,Disease!$A:$A,0)) -> disease1 | H2: 0195d18c-1ca4-82bc-c40f-054b28401ddd | I2: =INDEX(EtiologicalAgent!$B:$B,MATCH($H2,EtiologicalAgent!$A:$A,0)) -> etiological_agent1
A3: 0195d18c-1ca6-752a-ec56-ed1b3d0cb095 | B3: ="case_type"&$C3 -> case_type2 | C3: 2 | E3: 0195d18c-1ca4-2098-2e1c-1f2c2d58cd41 | F3: =INDEX(Disease!$B:$B,MATCH($E3,Disease!$A:$A,0)) -> disease2 | H3: 0195d18c-1ca4-d963-1fbd-e9bf6dbb100c | I3: =INDEX(EtiologicalAgent!$B:$B,MATCH($H3,EtiologicalAgent!$A:$A,0)) -> etiological_agent2
A4: 0195d18c-1ca6-0243-1762-326add8a5d71 | B4: ="case_type"&$C4 -> case_type3 | C4: 3 | E4: 0195d18c-1ca4-9f3c-a017-a8f11202fb1c | F4: =INDEX(Disease!$B:$B,MATCH($E4,Disease!$A:$A,0)) -> disease3 | H4: 0195d18c-1ca5-5802-0739-33f87df230d4 | I4: =INDEX(EtiologicalAgent!$B:$B,MATCH($H4,EtiologicalAgent!$A:$A,0)) -> etiological_agent3
A5: 0195d18c-1ca7-7209-a21c-556dc4fd3057 | B5: ="case_type"&$C5 -> case_type4 | C5: 4 | E5: 0195d18c-1ca4-86bf-f4e7-8c2a92ff370d | F5: =INDEX(Disease!$B:$B,MATCH($E5,Disease!$A:$A,0)) -> disease4 | H5: 0195d18c-1ca5-6d25-b2ad-a663425c8c15 | I5: =INDEX(EtiologicalAgent!$B:$B,MATCH($H5,EtiologicalAgent!$A:$A,0)) -> etiological_agent4
A6: 0195d18c-1ca7-ae33-0f89-bd1fd65da091 | B6: ="case_type"&$C6 -> case_type5 | C6: 5 | E6: 0195d18c-1ca4-6a53-af25-e4cd2ea0545a | F6: =INDEX(Disease!$B:$B,MATCH($E6,Disease!$A:$A,0)) -> disease5 | H6: 0195d18c-1ca5-49ab-b2c2-6e8556234b5c | I6: =INDEX(EtiologicalAgent!$B:$B,MATCH($H6,EtiologicalAgent!$A:$A,0)) -> etiological_agent5

Sheet CaseTypeSetCategory
A1: id | B1: name | C1: description | D1: rank | E1: purpose
A2: 0195d18c-1cb8-a47f-3df5-ebefd976f759 | B2: case_type_set_category1 | D2: 0 | E2: CONTENT

Sheet CaseTypeSet
A1: id | B1: name | C1: description | D1: case_type_set_category_id | E1: dm.case_type_set_category_name | F1: case_type_set_category | G1: rank
A2: 0195d18c-1cb8-5af5-9939-74dc8b5d3b5b | B2: case_type_set1 | D2: 0195d18c-1cb8-a47f-3df5-ebefd976f759 | E2: =INDEX(CaseTypeSetCategory!$B:$B,MATCH($D2,CaseTypeSetCategory!$A:$A,0)) -> case_type_set_category1 | G2: 0
A3: 0195d18c-1cb9-5e89-a2b4-e8204c332fd3 | B3: case_type_set2 | D3: 0195d18c-1cb8-a47f-3df5-ebefd976f759 | E3: =INDEX(CaseTypeSetCategory!$B:$B,MATCH($D3,CaseTypeSetCategory!$A:$A,0)) -> case_type_set_category1 | G3: 0
A4: 0195d18c-1cb9-7277-79d2-a96535256e4a | B4: case_type_set3 | D4: 0195d18c-1cb8-a47f-3df5-ebefd976f759 | E4: =INDEX(CaseTypeSetCategory!$B:$B,MATCH($D4,CaseTypeSetCategory!$A:$A,0)) -> case_type_set_category1 | G4: 0
A5: 0195d18c-1cba-e53b-6f58-f412630c05e2 | B5: case_type_set4 | D5: 0195d18c-1cb8-a47f-3df5-ebefd976f759 | E5: =INDEX(CaseTypeSetCategory!$B:$B,MATCH($D5,CaseTypeSetCategory!$A:$A,0)) -> case_type_set_category1 | G5: 0
A6: 0195d18c-1cba-2679-11a9-d71fc494b25a | B6: case_type_set5 | D6: 0195d18c-1cb8-a47f-3df5-ebefd976f759 | E6: =INDEX(CaseTypeSetCategory!$B:$B,MATCH($D6,CaseTypeSetCategory!$A:$A,0)) -> case_type_set_category1 | G6: 0
A7: 0195d18c-1cbb-d7b8-d852-987a801e0ad5 | B7: case_type_set1,2 | D7: 0195d18c-1cb8-a47f-3df5-ebefd976f759 | E7: =INDEX(CaseTypeSetCategory!$B:$B,MATCH($D7,CaseTypeSetCategory!$A:$A,0)) -> case_type_set_category1 | G7: 0
A8: 0195d18c-1cbb-5047-ab67-71cb2cb84047 | B8: case_type_set1,3 | D8: 0195d18c-1cb8-a47f-3df5-ebefd976f759 | E8: =INDEX(CaseTypeSetCategory!$B:$B,MATCH($D8,CaseTypeSetCategory!$A:$A,0)) -> case_type_set_category1 | G8: 0
A9: 0195d18c-1cbc-41fb-3ad7-2eed31140bd6 | B9: case_type_set1,4 | D9: 0195d18c-1cb8-a47f-3df5-ebefd976f759 | E9: =INDEX(CaseTypeSetCategory!$B:$B,MATCH($D9,CaseTypeSetCategory!$A:$A,0)) -> case_type_set_category1 | G9: 0
A10: 0195d18c-1cbc-cf9a-b28d-bd77d3b30365 | B10: case_type_set1,5 | D10: 0195d18c-1cb8-a47f-3df5-ebefd976f759 | E10: =INDEX(CaseTypeSetCategory!$B:$B,MATCH($D10,CaseTypeSetCategory!$A:$A,0)) -> case_type_set_category1 | G10: 0
A11: 0195d18c-1cbd-f948-2304-f178298dbc48 | B11: case_type_set2,3 | D11: 0195d18c-1cb8-a47f-3df5-ebefd976f759 | E11: =INDEX(CaseTypeSetCategory!$B:$B,MATCH($D11,CaseTypeSetCategory!$A:$A,0)) -> case_type_set_category1 | G11: 0
A12: 0195d18c-1cbe-394f-58eb-6d327092ba44 | B12: case_type_set2,4 | D12: 0195d18c-1cb8-a47f-3df5-ebefd976f759 | E12: =INDEX(CaseTypeSetCategory!$B:$B,MATCH($D12,CaseTypeSetCategory!$A:$A,0)) -> case_type_set_category1 | G12: 0
A13: 0195d18c-1cbe-fcd0-15db-737a74dff6fa | B13: case_type_set2,5 | D13: 0195d18c-1cb8-a47f-3df5-ebefd976f759 | E13: =INDEX(CaseTypeSetCategory!$B:$B,MATCH($D13,CaseTypeSetCategory!$A:$A,0)) -> case_type_set_category1 | G13: 0
... A16: 0195d18c-1cc0-1fae-3a05-50f42b0128fc | B16: case_type_set4,5 | D16: 0195d18c-1cb8-a47f-3df5-ebefd976f759 | E16: =INDEX(CaseTypeSetCategory!$B:$B,MATCH($D16,CaseTypeSetCategory!$A:$A,0)) -> case_type_set_category1 | G16: 0

Sheet CaseTypeSetMember
A1: id | B1: case_type_set_id | C1: dm.case_type_set_name | D1: case_type_set | E1: case_type_id | F1: dm.case_type_code | G1: case_type | H1: dm.key
A2: 0195d18c-1cb8-ac82-67f2-bc32a6368340 | B2: 0195d18c-1cb8-5af5-9939-74dc8b5d3b5b | C2: =INDEX(CaseTypeSet!$B:$B,MATCH($B2,CaseTypeSet!$A:$A,0)) -> case_type_set1 | E2: 0195d18c-1ca6-fd99-9d76-fcfa0c0cf400 | F2: =INDEX(CaseType!$B:$B,MATCH($E2,CaseType!$A:$A,0)) -> case_type1 | H2: =$B2&"|"&$E2 -> 0195d18c-1cb8-5af5-9939-74dc8b5d3b5b|0195d18c-1ca6-fd99-9d76-fcfa0c0cf400
A3: 0195d18c-1cb9-04cf-ee83-d2e14f70e6f7 | B3: 0195d18c-1cb9-5e89-a2b4-e8204c332fd3 | C3: =INDEX(CaseTypeSet!$B:$B,MATCH($B3,CaseTypeSet!$A:$A,0)) -> case_type_set2 | E3: 0195d18c-1ca6-752a-ec56-ed1b3d0cb095 | F3: =INDEX(CaseType!$B:$B,MATCH($E3,CaseType!$A:$A,0)) -> case_type2
A4: 0195d18c-1cb9-0db7-dd63-2f5c66ce2096 | B4: 0195d18c-1cb9-7277-79d2-a96535256e4a | C4: =INDEX(CaseTypeSet!$B:$B,MATCH($B4,CaseTypeSet!$A:$A,0)) -> case_type_set3 | E4: 0195d18c-1ca6-0243-1762-326add8a5d71 | F4: =INDEX(CaseType!$B:$B,MATCH($E4,CaseType!$A:$A,0)) -> case_type3
A5: 0195d18c-1cba-d75a-4f52-be8189bfd480 | B5: 0195d18c-1cba-e53b-6f58-f412630c05e2 | C5: =INDEX(CaseTypeSet!$B:$B,MATCH($B5,CaseTypeSet!$A:$A,0)) -> case_type_set4 | E5: 0195d18c-1ca7-7209-a21c-556dc4fd3057 | F5: =INDEX(CaseType!$B:$B,MATCH($E5,CaseType!$A:$A,0)) -> case_type4
A6: 0195d18c-1cba-880a-4d3d-9231b03e604d | B6: 0195d18c-1cba-2679-11a9-d71fc494b25a | C6: =INDEX(CaseTypeSet!$B:$B,MATCH($B6,CaseTypeSet!$A:$A,0)) -> case_type_set5 | E6: 0195d18c-1ca7-ae33-0f89-bd1fd65da091 | F6: =INDEX(CaseType!$B:$B,MATCH($E6,CaseType!$A:$A,0)) -> case_type5
A7: 0195d18c-1cbb-4d56-8309-26658e320187 | B7: 0195d18c-1cbb-d7b8-d852-987a801e0ad5 | C7: =INDEX(CaseTypeSet!$B:$B,MATCH($B7,CaseTypeSet!$A:$A,0)) -> case_type_set1,2 | E7: 0195d18c-1ca6-fd99-9d76-fcfa0c0cf400 | F7: =INDEX(CaseType!$B:$B,MATCH($E7,CaseType!$A:$A,0)) -> case_type1 | H7: =$B7&"|"&$E7 -> 0195d18c-1cbb-d7b8-d852-987a801e0ad5|0195d18c-1ca6-fd99-9d76-fcfa0c0cf400
A8: 0195d18c-1cbb-e8cf-b7a9-624604063760 | B8: 0195d18c-1cbb-d7b8-d852-987a801e0ad5 | C8: =INDEX(CaseTypeSet!$B:$B,MATCH($B8,CaseTypeSet!$A:$A,0)) -> case_type_set1,2 | E8: 0195d18c-1ca6-752a-ec56-ed1b3d0cb095 | F8: =INDEX(CaseType!$B:$B,MATCH($E8,CaseType!$A:$A,0)) -> case_type2
A9: 0195d18c-1cbc-34b5-25b1-15430bfc43cb | B9: 0195d18c-1cbb-5047-ab67-71cb2cb84047 | C9: =INDEX(CaseTypeSet!$B:$B,MATCH($B9,CaseTypeSet!$A:$A,0)) -> case_type_set1,3 | E9: 0195d18c-1ca6-0243-1762-326add8a5d71 | F9: =INDEX(CaseType!$B:$B,MATCH($E9,CaseType!$A:$A,0)) -> case_type3
A10: 0195d18c-1cbc-42ec-af5d-d0c541b3c295 | B10: 0195d18c-1cbb-5047-ab67-71cb2cb84047 | C10: =INDEX(CaseTypeSet!$B:$B,MATCH($B10,CaseTypeSet!$A:$A,0)) -> case_type_set1,3 | E10: 0195d18c-1ca6-fd99-9d76-fcfa0c0cf400 | F10: =INDEX(CaseType!$B:$B,MATCH($E10,CaseType!$A:$A,0)) -> case_type1 | H10: =$B10&"|"&$E10 -> 0195d18c-1cbb-5047-ab67-71cb2cb84047|0195d18c-1ca6-fd99-9d76-fcfa0c0cf400
A11: 0195d18c-1cbc-93ea-ba50-3ea9ab23cfcf | B11: 0195d18c-1cbc-41fb-3ad7-2eed31140bd6 | C11: =INDEX(CaseTypeSet!$B:$B,MATCH($B11,CaseTypeSet!$A:$A,0)) -> case_type_set1,4 | E11: 0195d18c-1ca6-fd99-9d76-fcfa0c0cf400 | F11: =INDEX(CaseType!$B:$B,MATCH($E11,CaseType!$A:$A,0)) -> case_type1 | H11: =$B11&"|"&$E11 -> 0195d18c-1cbc-41fb-3ad7-2eed31140bd6|0195d18c-1ca6-fd99-9d76-fcfa0c0cf400
A12: 0195d18c-1cbc-5d27-ec6f-91a2b6d7fba6 | B12: 0195d18c-1cbc-41fb-3ad7-2eed31140bd6 | C12: =INDEX(CaseTypeSet!$B:$B,MATCH($B12,CaseTypeSet!$A:$A,0)) -> case_type_set1,4 | E12: 0195d18c-1ca7-7209-a21c-556dc4fd3057 | F12: =INDEX(CaseType!$B:$B,MATCH($E12,CaseType!$A:$A,0)) -> case_type4
A13: 0195d18c-1cbd-afb8-4103-44bd3d6db520 | B13: 0195d18c-1cbc-cf9a-b28d-bd77d3b30365 | C13: =INDEX(CaseTypeSet!$B:$B,MATCH($B13,CaseTypeSet!$A:$A,0)) -> case_type_set1,5 | E13: 0195d18c-1ca7-ae33-0f89-bd1fd65da091 | F13: =INDEX(CaseType!$B:$B,MATCH($E13,CaseType!$A:$A,0)) -> case_type5
A14: 0195d18c-1cbd-598d-2fbc-ab1a86b38c7b | B14: 0195d18c-1cbc-cf9a-b28d-bd77d3b30365 | C14: =INDEX(CaseTypeSet!$B:$B,MATCH($B14,CaseTypeSet!$A:$A,0)) -> case_type_set1,5 | E14: 0195d18c-1ca6-fd99-9d76-fcfa0c0cf400 | F14: =INDEX(CaseType!$B:$B,MATCH($E14,CaseType!$A:$A,0)) -> case_type1 | H14: =$B14&"|"&$E14 -> 0195d18c-1cbc-cf9a-b28d-bd77d3b30365|0195d18c-1ca6-fd99-9d76-fcfa0c0cf400
A15: 0195d18c-1cbd-64ee-0053-12e519dbaea2 | B15: 0195d18c-1cbd-f948-2304-f178298dbc48 | C15: =INDEX(CaseTypeSet!$B:$B,MATCH($B15,CaseTypeSet!$A:$A,0)) -> case_type_set2,3 | E15: 0195d18c-1ca6-0243-1762-326add8a5d71 | F15: =INDEX(CaseType!$B:$B,MATCH($E15,CaseType!$A:$A,0)) -> case_type3
A16: 0195d18c-1cbd-e5e4-5e2c-49dcc5a54ec2 | B16: 0195d18c-1cbd-f948-2304-f178298dbc48 | C16: =INDEX(CaseTypeSet!$B:$B,MATCH($B16,CaseTypeSet!$A:$A,0)) -> case_type_set2,3 | E16: 0195d18c-1ca6-752a-ec56-ed1b3d0cb095 | F16: =INDEX(CaseType!$B:$B,MATCH($E16,CaseType!$A:$A,0)) -> case_type2
A17: 0195d18c-1cbe-25ec-3c13-b743a72fe44e | B17: 0195d18c-1cbe-394f-58eb-6d327092ba44 | C17: =INDEX(CaseTypeSet!$B:$B,MATCH($B17,CaseTypeSet!$A:$A,0)) -> case_type_set2,4 | E17: 0195d18c-1ca7-7209-a21c-556dc4fd3057 | F17: =INDEX(CaseType!$B:$B,MATCH($E17,CaseType!$A:$A,0)) -> case_type4
A18: 0195d18c-1cbe-ccf9-b1b3-31b52fe304c2 | B18: 0195d18c-1cbe-394f-58eb-6d327092ba44 | C18: =INDEX(CaseTypeSet!$B:$B,MATCH($B18,CaseTypeSet!$A:$A,0)) -> case_type_set2,4 | E18: 0195d18c-1ca6-752a-ec56-ed1b3d0cb095 | F18: =INDEX(CaseType!$B:$B,MATCH($E18,CaseType!$A:$A,0)) -> case_type2
A19: 0195d18c-1cbf-6781-d8e6-4821a8cca56f | B19: 0195d18c-1cbe-fcd0-15db-737a74dff6fa | C19: =INDEX(CaseTypeSet!$B:$B,MATCH($B19,CaseTypeSet!$A:$A,0)) -> case_type_set2,5 | E19: 0195d18c-1ca7-ae33-0f89-bd1fd65da091 | F19: =INDEX(CaseType!$B:$B,MATCH($E19,CaseType!$A:$A,0)) -> case_type5
A20: 0195d18c-1cbf-2af9-365a-9fcfc6325153 | B20: 0195d18c-1cbe-fcd0-15db-737a74dff6fa | C20: =INDEX(CaseTypeSet!$B:$B,MATCH($B20,CaseTypeSet!$A:$A,0)) -> case_type_set2,5 | E20: 0195d18c-1ca6-752a-ec56-ed1b3d0cb095 | F20: =INDEX(CaseType!$B:$B,MATCH($E20,CaseType!$A:$A,0)) -> case_type2
A21: 0195d18c-1cbf-cab5-f26b-de1986258d80 | B21: 0195d18c-1cbf-2a22-b845-fb9a44b67a96 | C21: =INDEX(CaseTypeSet!$B:$B,MATCH($B21,CaseTypeSet!$A:$A,0)) -> case_type_set3,4 | E21: 0195d18c-1ca6-0243-1762-326add8a5d71 | F21: =INDEX(CaseType!$B:$B,MATCH($E21,CaseType!$A:$A,0)) -> case_type3
A22: 0195d18c-1cbf-3ae8-57bc-297cbb3e0b04 | B22: 0195d18c-1cbf-2a22-b845-fb9a44b67a96 | C22: =INDEX(CaseTypeSet!$B:$B,MATCH($B22,CaseTypeSet!$A:$A,0)) -> case_type_set3,4 | E22: 0195d18c-1ca7-7209-a21c-556dc4fd3057 | F22: =INDEX(CaseType!$B:$B,MATCH($E22,CaseType!$A:$A,0)) -> case_type4
A23: 0195d18c-1cc0-5142-d6dc-6a0d5b641c6b | B23: 0195d18c-1cc0-9f98-c18d-367b41358c49 | C23: =INDEX(CaseTypeSet!$B:$B,MATCH($B23,CaseTypeSet!$A:$A,0)) -> case_type_set3,5 | E23: 0195d18c-1ca6-0243-1762-326add8a5d71 | F23: =INDEX(CaseType!$B:$B,MATCH($E23,CaseType!$A:$A,0)) -> case_type3
A24: 0195d18c-1cc0-212b-34ce-e734d4976333 | B24: 0195d18c-1cc0-9f98-c18d-367b41358c49 | C24: =INDEX(CaseTypeSet!$B:$B,MATCH($B24,CaseTypeSet!$A:$A,0)) -> case_type_set3,5 | E24: 0195d18c-1ca7-ae33-0f89-bd1fd65da091 | F24: =INDEX(CaseType!$B:$B,MATCH($E24,CaseType!$A:$A,0)) -> case_type5
A25: 0195d18c-1cc0-6108-5b6c-a68da2f4a40c | B25: 0195d18c-1cc0-1fae-3a05-50f42b0128fc | C25: =INDEX(CaseTypeSet!$B:$B,MATCH($B25,CaseTypeSet!$A:$A,0)) -> case_type_set4,5 | E25: 0195d18c-1ca7-ae33-0f89-bd1fd65da091 | F25: =INDEX(CaseType!$B:$B,MATCH($E25,CaseType!$A:$A,0)) -> case_type5
A26: 0195d18c-1cc0-3596-3a3f-e4a37028e9f8 | B26: 0195d18c-1cc0-1fae-3a05-50f42b0128fc | C26: =INDEX(CaseTypeSet!$B:$B,MATCH($B26,CaseTypeSet!$A:$A,0)) -> case_type_set4,5 | E26: 0195d18c-1ca7-7209-a21c-556dc4fd3057 | F26: =INDEX(CaseType!$B:$B,MATCH($E26,CaseType!$A:$A,0)) -> case_type4

Sheet CaseTypeDim
A1: id | B1: case_type_id | C1: dm.case_type.code | D1: occurrence | E1: dim_id | F1: is_case_date_dim | G1: dm.dim.dim_type | H1: dm.dim.code | I1: code | J1: rank | K1: label | L1: description
A2: 019a8753-bf2c-11a3-ffc0-920ea3cc02d3 | B2: 0195d18c-1ca6-fd99-9d76-fcfa0c0cf400 | C2: =INDEX(CaseType!$C:$C,MATCH($B2,CaseType!$A:$A,0)) -> 1 | D2: 0 | E2: 0198ef6d-8543-8d7e-a786-a78961958b68 | F2: FALSE | G2: =INDEX(Dim!$B:$B,MATCH($E2,Dim!$A:$A,0)) -> TEXT | H2: =INDEX(Dim!$F:$F,MATCH($E2,Dim!$A:$A,0)) -> 1_ | I2: =$C2&"_"&$H2&$D2 -> 1_1_0 | J2: 1 | K2: ="case_type_dim"&$I2 -> case_type_dim1_1_0
A3: 019a8753-bf2c-7723-2de8-7a1e80d0f90e | B3: 0195d18c-1ca6-fd99-9d76-fcfa0c0cf400 | C3: =INDEX(CaseType!$C:$C,MATCH($B3,CaseType!$A:$A,0)) -> 1 | D3: 0 | E3: 0198ef6d-8543-4e10-dadc-606a590cbf81 | F3: FALSE | G3: =INDEX(Dim!$B:$B,MATCH($E3,Dim!$A:$A,0)) -> TEXT | H3: =INDEX(Dim!$F:$F,MATCH($E3,Dim!$A:$A,0)) -> 2_ | I3: =$C3&"_"&$H3&$D3 -> 1_2_0 | J3: 2 | K3: ="case_type_dim"&$I3 -> case_type_dim1_2_0
A4: 019a8753-bf2c-7f23-5feb-5856f75e3ac4 | B4: 0195d18c-1ca6-fd99-9d76-fcfa0c0cf400 | C4: =INDEX(CaseType!$C:$C,MATCH($B4,CaseType!$A:$A,0)) -> 1 | D4: 0 | E4: 0198ef6d-8543-4b57-ccc7-1e34bcca2de1 | F4: FALSE | G4: =INDEX(Dim!$B:$B,MATCH($E4,Dim!$A:$A,0)) -> TEXT | H4: =INDEX(Dim!$F:$F,MATCH($E4,Dim!$A:$A,0)) -> 3_ | I4: =$C4&"_"&$H4&$D4 -> 1_3_0 | J4: 3 | K4: ="case_type_dim"&$I4 -> case_type_dim1_3_0
A5: 019a8753-bf2c-e120-df50-ee274d4d0bea | B5: 0195d18c-1ca6-fd99-9d76-fcfa0c0cf400 | C5: =INDEX(CaseType!$C:$C,MATCH($B5,CaseType!$A:$A,0)) -> 1 | D5: 0 | E5: 0198ef6d-8543-9c78-54a7-6b4c2ca6ce88 | F5: FALSE | G5: =INDEX(Dim!$B:$B,MATCH($E5,Dim!$A:$A,0)) -> TEXT | H5: =INDEX(Dim!$F:$F,MATCH($E5,Dim!$A:$A,0)) -> 4_ | I5: =$C5&"_"&$H5&$D5 -> 1_4_0 | J5: 4 | K5: ="case_type_dim"&$I5 -> case_type_dim1_4_0
A6: 019a8753-bf2c-2576-37b2-48d393c0805b | B6: 0195d18c-1ca6-fd99-9d76-fcfa0c0cf400 | C6: =INDEX(CaseType!$C:$C,MATCH($B6,CaseType!$A:$A,0)) -> 1 | D6: 0 | E6: 0198ef6d-8543-6a7f-4553-b7280cc2ab9b | F6: FALSE | G6: =INDEX(Dim!$B:$B,MATCH($E6,Dim!$A:$A,0)) -> TEXT | H6: =INDEX(Dim!$F:$F,MATCH($E6,Dim!$A:$A,0)) -> 5_ | I6: =$C6&"_"&$H6&$D6 -> 1_5_0 | J6: 5 | K6: ="case_type_dim"&$I6 -> case_type_dim1_5_0
A7: 019a8753-bf2c-21c8-0283-22d2864e1a10 | B7: 0195d18c-1ca6-fd99-9d76-fcfa0c0cf400 | C7: =INDEX(CaseType!$C:$C,MATCH($B7,CaseType!$A:$A,0)) -> 1 | D7: 0 | E7: 0198ef6d-8543-5e3c-cec3-8db0ccbd38fa | F7: FALSE | G7: =INDEX(Dim!$B:$B,MATCH($E7,Dim!$A:$A,0)) -> TEXT | H7: =INDEX(Dim!$F:$F,MATCH($E7,Dim!$A:$A,0)) -> 6_ | I7: =$C7&"_"&$H7&$D7 -> 1_6_0 | J7: 6 | K7: ="case_type_dim"&$I7 -> case_type_dim1_6_0
A8: 019a8753-bf2c-75ce-52ad-567429f69a79 | B8: 0195d18c-1ca6-fd99-9d76-fcfa0c0cf400 | C8: =INDEX(CaseType!$C:$C,MATCH($B8,CaseType!$A:$A,0)) -> 1 | D8: 0 | E8: 0198ef6d-8543-0b52-87e5-431792f951a2 | F8: FALSE | G8: =INDEX(Dim!$B:$B,MATCH($E8,Dim!$A:$A,0)) -> TEXT | H8: =INDEX(Dim!$F:$F,MATCH($E8,Dim!$A:$A,0)) -> 7_ | I8: =$C8&"_"&$H8&$D8 -> 1_7_0 | J8: 7 | K8: ="case_type_dim"&$I8 -> case_type_dim1_7_0
A9: 019a8753-bf2c-b92e-74d8-3cf4632872eb | B9: 0195d18c-1ca6-fd99-9d76-fcfa0c0cf400 | C9: =INDEX(CaseType!$C:$C,MATCH($B9,CaseType!$A:$A,0)) -> 1 | D9: 0 | E9: 0198ef6d-8543-e0a4-1718-6ae19c4f6090 | F9: FALSE | G9: =INDEX(Dim!$B:$B,MATCH($E9,Dim!$A:$A,0)) -> TEXT | H9: =INDEX(Dim!$F:$F,MATCH($E9,Dim!$A:$A,0)) -> 8_ | I9: =$C9&"_"&$H9&$D9 -> 1_8_0 | J9: 8 | K9: ="case_type_dim"&$I9 -> case_type_dim1_8_0
A10: 019a8753-bf2c-cfe8-b31f-d4d69b923add | B10: 0195d18c-1ca6-fd99-9d76-fcfa0c0cf400 | C10: =INDEX(CaseType!$C:$C,MATCH($B10,CaseType!$A:$A,0)) -> 1 | D10: 0 | E10: 0198ef6d-8543-b0f3-f8b0-c502bee720e9 | F10: FALSE | G10: =INDEX(Dim!$B:$B,MATCH($E10,Dim!$A:$A,0)) -> ORGANIZATION | H10: =INDEX(Dim!$F:$F,MATCH($E10,Dim!$A:$A,0)) -> 9_ | I10: =$C10&"_"&$H10&$D10 -> 1_9_0 | J10: 9 | K10: ="case_type_dim"&$I10 -> case_type_dim1_9_0
A11: 019a8753-bf2c-2a28-5638-214464e36193 | B11: 0195d18c-1ca6-fd99-9d76-fcfa0c0cf400 | C11: =INDEX(CaseType!$C:$C,MATCH($B11,CaseType!$A:$A,0)) -> 1 | D11: 0 | E11: 0198ef6d-8543-5ea8-9f20-a8177b2d28d2 | F11: FALSE | G11: =INDEX(Dim!$B:$B,MATCH($E11,Dim!$A:$A,0)) -> ORGANIZATION | H11: =INDEX(Dim!$F:$F,MATCH($E11,Dim!$A:$A,0)) -> 10_ | I11: =$C11&"_"&$H11&$D11 -> 1_10_0 | J11: 10 | K11: ="case_type_dim"&$I11 -> case_type_dim1_10_0
A12: 019a8753-bf2c-dd77-ce96-388e4cb1d50d | B12: 0195d18c-1ca6-fd99-9d76-fcfa0c0cf400 | C12: =INDEX(CaseType!$C:$C,MATCH($B12,CaseType!$A:$A,0)) -> 1 | D12: 0 | E12: 0198ef6d-8543-d4cb-e9cb-2c352f1baa30 | F12: FALSE | G12: =INDEX(Dim!$B:$B,MATCH($E12,Dim!$A:$A,0)) -> GEO | H12: =INDEX(Dim!$F:$F,MATCH($E12,Dim!$A:$A,0)) -> 11_ | I12: =$C12&"_"&$H12&$D12 -> 1_11_0 | J12: 11 | K12: ="case_type_dim"&$I12 -> case_type_dim1_11_0
A13: 019a8753-bf2c-6c1f-a038-a54fc110a17d | B13: 0195d18c-1ca6-fd99-9d76-fcfa0c0cf400 | C13: =INDEX(CaseType!$C:$C,MATCH($B13,CaseType!$A:$A,0)) -> 1 | D13: 0 | E13: 0198ef6d-8543-08a5-b8d2-bad85d28ce19 | F13: FALSE | G13: =INDEX(Dim!$B:$B,MATCH($E13,Dim!$A:$A,0)) -> GEO | H13: =INDEX(Dim!$F:$F,MATCH($E13,Dim!$A:$A,0)) -> 12_ | I13: =$C13&"_"&$H13&$D13 -> 1_12_0 | J13: 12 | K13: ="case_type_dim"&$I13 -> case_type_dim1_12_0
... A48: 019a8753-bf2c-2b71-e049-02021035fa92 | B48: 0195d18c-1ca7-ae33-0f89-bd1fd65da091 | C48: =INDEX(CaseType!$C:$C,MATCH($B48,CaseType!$A:$A,0)) -> 5 | D48: 0 | E48: 0198ef6d-8543-8d7e-a786-a78961958b68 | F48: FALSE | G48: =INDEX(Dim!$B:$B,MATCH($E48,Dim!$A:$A,0)) -> TEXT | H48: =INDEX(Dim!$F:$F,MATCH($E48,Dim!$A:$A,0)) -> 1_ | I48: =$C48&"_"&$H48&$D48 -> 5_1_0 | J48: 1 | K48: ="case_type_dim"&$I48 -> case_type_dim5_1_0

Sheet CaseTypeCol
A1: id | B1: case_type_id | C1: case_type_name | D1: col_id | E1: dm.col.col_type | F1: case_type_dim_id | G1: dm.case_type_dim.code | H1: code | I1: rank | J1: label | K1: description | L1: min_value | M1: max_value | N1: min_datetime | O1: max_datetime | P1: min_length | Q1: max_length | R1: pattern | S1: genetic_sequence_case_type_col_id | T1: tree_algorithm_codes | U1: props
A2: 0198ef6d-8543-a221-af7e-774497e4801a | B2: 0195d18c-1ca6-fd99-9d76-fcfa0c0cf400 | C2: =INDEX(CaseType!$B:$B,MATCH($B2,CaseType!$A:$A,0)) -> case_type1 | D2: 0198ef6d-8543-eb2b-e8cd-6ad2e7ad4523 | E2: =INDEX(Col!$H:$H,MATCH($D2,Col!$A:$A,0)) -> NOMINAL | F2: 019a8753-bf2c-11a3-ffc0-920ea3cc02d3 | G2: =INDEX(CaseTypeDim!$I:$I,MATCH($F2,CaseTypeDim!$A:$A,0)) -> 1_1_0 | H2: =$G2&"_"&$I2 -> 1_1_0_1 | I2: 1 | J2: ="case_type_col"&$H2&"_"&$E2 -> case_type_col1_1_0_1_NOMINAL | U2: {}
A3: 0198ef6d-8543-987d-80eb-fb29936d633c | B3: 0195d18c-1ca6-fd99-9d76-fcfa0c0cf400 | C3: =INDEX(CaseType!$B:$B,MATCH($B3,CaseType!$A:$A,0)) -> case_type1 | D3: 0198ef6d-8543-1234-cbf1-9947a51d56ff | E3: =INDEX(Col!$H:$H,MATCH($D3,Col!$A:$A,0)) -> NOMINAL | F3: 019a8753-bf2c-7723-2de8-7a1e80d0f90e | G3: =INDEX(CaseTypeDim!$I:$I,MATCH($F3,CaseTypeDim!$A:$A,0)) -> 1_2_0 | H3: =$G3&"_"&$I3 -> 1_2_0_1 | I3: 1 | J3: ="case_type_col"&$H3&"_"&$E3 -> case_type_col1_2_0_1_NOMINAL | U3: {}
A4: 0198ef6d-8543-ce42-568c-c8e8405533a1 | B4: 0195d18c-1ca6-fd99-9d76-fcfa0c0cf400 | C4: =INDEX(CaseType!$B:$B,MATCH($B4,CaseType!$A:$A,0)) -> case_type1 | D4: 0198ef6d-8543-50ea-8c7a-9f5c1a8041c4 | E4: =INDEX(Col!$H:$H,MATCH($D4,Col!$A:$A,0)) -> ORDINAL | F4: 019a8753-bf2c-7f23-5feb-5856f75e3ac4 | G4: =INDEX(CaseTypeDim!$I:$I,MATCH($F4,CaseTypeDim!$A:$A,0)) -> 1_3_0 | H4: =$G4&"_"&$I4 -> 1_3_0_1 | I4: 1 | J4: ="case_type_col"&$H4&"_"&$E4 -> case_type_col1_3_0_1_ORDINAL | U4: {}
A5: 0198ef6d-8543-8bc8-93ea-2f4c7e8626f2 | B5: 0195d18c-1ca6-fd99-9d76-fcfa0c0cf400 | C5: =INDEX(CaseType!$B:$B,MATCH($B5,CaseType!$A:$A,0)) -> case_type1 | D5: 0198ef6d-8543-76c4-4fb4-25f7403d7972 | E5: =INDEX(Col!$H:$H,MATCH($D5,Col!$A:$A,0)) -> ORDINAL | F5: 019a8753-bf2c-e120-df50-ee274d4d0bea | G5: =INDEX(CaseTypeDim!$I:$I,MATCH($F5,CaseTypeDim!$A:$A,0)) -> 1_4_0 | H5: =$G5&"_"&$I5 -> 1_4_0_1 | I5: 1 | J5: ="case_type_col"&$H5&"_"&$E5 -> case_type_col1_4_0_1_ORDINAL | U5: {}
A6: 0198ef6d-8543-1062-3f54-74f967fd95da | B6: 0195d18c-1ca6-fd99-9d76-fcfa0c0cf400 | C6: =INDEX(CaseType!$B:$B,MATCH($B6,CaseType!$A:$A,0)) -> case_type1 | D6: 0198ef6d-8543-479e-1e7a-3428fa97ebc7 | E6: =INDEX(Col!$H:$H,MATCH($D6,Col!$A:$A,0)) -> REGULAR_LANGUAGE | F6: 019a8753-bf2c-2576-37b2-48d393c0805b | G6: =INDEX(CaseTypeDim!$I:$I,MATCH($F6,CaseTypeDim!$A:$A,0)) -> 1_5_0 | H6: =$G6&"_"&$I6 -> 1_5_0_1 | I6: 1 | J6: ="case_type_col"&$H6&"_"&$E6 -> case_type_col1_5_0_1_REGULAR_LANGUAGE | U6: {}
A7: 0198ef6d-8543-3bfd-fcb0-c5698a1b2d9a | B7: 0195d18c-1ca6-fd99-9d76-fcfa0c0cf400 | C7: =INDEX(CaseType!$B:$B,MATCH($B7,CaseType!$A:$A,0)) -> case_type1 | D7: 0198ef6d-8543-0924-3aca-6065227cd9ef | E7: =INDEX(Col!$H:$H,MATCH($D7,Col!$A:$A,0)) -> REGULAR_LANGUAGE | F7: 019a8753-bf2c-21c8-0283-22d2864e1a10 | G7: =INDEX(CaseTypeDim!$I:$I,MATCH($F7,CaseTypeDim!$A:$A,0)) -> 1_6_0 | H7: =$G7&"_"&$I7 -> 1_6_0_1 | I7: 1 | J7: ="case_type_col"&$H7&"_"&$E7 -> case_type_col1_6_0_1_REGULAR_LANGUAGE | U7: {}
A8: 0198ef6d-8543-f372-ce25-38616e4c214d | B8: 0195d18c-1ca6-fd99-9d76-fcfa0c0cf400 | C8: =INDEX(CaseType!$B:$B,MATCH($B8,CaseType!$A:$A,0)) -> case_type1 | D8: 0198ef6d-8543-78ba-e607-ac65487d273b | E8: =INDEX(Col!$H:$H,MATCH($D8,Col!$A:$A,0)) -> TEXT | F8: 019a8753-bf2c-75ce-52ad-567429f69a79 | G8: =INDEX(CaseTypeDim!$I:$I,MATCH($F8,CaseTypeDim!$A:$A,0)) -> 1_7_0 | H8: =$G8&"_"&$I8 -> 1_7_0_1 | I8: 1 | J8: ="case_type_col"&$H8&"_"&$E8 -> case_type_col1_7_0_1_TEXT | U8: {}
A9: 0198ef6d-8543-d9b1-6322-01cffb585d60 | B9: 0195d18c-1ca6-fd99-9d76-fcfa0c0cf400 | C9: =INDEX(CaseType!$B:$B,MATCH($B9,CaseType!$A:$A,0)) -> case_type1 | D9: 0198ef6d-8543-2d1c-8ae5-fde6579f02e4 | E9: =INDEX(Col!$H:$H,MATCH($D9,Col!$A:$A,0)) -> TEXT | F9: 019a8753-bf2c-b92e-74d8-3cf4632872eb | G9: =INDEX(CaseTypeDim!$I:$I,MATCH($F9,CaseTypeDim!$A:$A,0)) -> 1_8_0 | H9: =$G9&"_"&$I9 -> 1_8_0_1 | I9: 1 | J9: ="case_type_col"&$H9&"_"&$E9 -> case_type_col1_8_0_1_TEXT | U9: {}
A10: 0198ef6d-8543-b8fc-9de5-72be815082e0 | B10: 0195d18c-1ca6-fd99-9d76-fcfa0c0cf400 | C10: =INDEX(CaseType!$B:$B,MATCH($B10,CaseType!$A:$A,0)) -> case_type1 | D10: 0198ef6d-8543-9c02-f715-88d1935aca9a | E10: =INDEX(Col!$H:$H,MATCH($D10,Col!$A:$A,0)) -> ORGANIZATION | F10: 019a8753-bf2c-cfe8-b31f-d4d69b923add | G10: =INDEX(CaseTypeDim!$I:$I,MATCH($F10,CaseTypeDim!$A:$A,0)) -> 1_9_0 | H10: =$G10&"_"&$I10 -> 1_9_0_1 | I10: 1 | J10: ="case_type_col"&$H10&"_"&$E10 -> case_type_col1_9_0_1_ORGANIZATION | U10: {}
A11: 0198ef6d-8543-f0ab-b028-4f183545ce97 | B11: 0195d18c-1ca6-fd99-9d76-fcfa0c0cf400 | C11: =INDEX(CaseType!$B:$B,MATCH($B11,CaseType!$A:$A,0)) -> case_type1 | D11: 0198ef6d-8543-5be8-beb1-cbc53a476302 | E11: =INDEX(Col!$H:$H,MATCH($D11,Col!$A:$A,0)) -> ORGANIZATION | F11: 019a8753-bf2c-2a28-5638-214464e36193 | G11: =INDEX(CaseTypeDim!$I:$I,MATCH($F11,CaseTypeDim!$A:$A,0)) -> 1_10_0 | H11: =$G11&"_"&$I11 -> 1_10_0_1 | I11: 1 | J11: ="case_type_col"&$H11&"_"&$E11 -> case_type_col1_10_0_1_ORGANIZATION | U11: {}
A12: 0198ef6d-8543-371a-179d-9c036f8c66f2 | B12: 0195d18c-1ca6-fd99-9d76-fcfa0c0cf400 | C12: =INDEX(CaseType!$B:$B,MATCH($B12,CaseType!$A:$A,0)) -> case_type1 | D12: 0198ef6d-8543-13b8-702c-f36c6968d08f | E12: =INDEX(Col!$H:$H,MATCH($D12,Col!$A:$A,0)) -> GEO_REGION | F12: 019a8753-bf2c-dd77-ce96-388e4cb1d50d | G12: =INDEX(CaseTypeDim!$I:$I,MATCH($F12,CaseTypeDim!$A:$A,0)) -> 1_11_0 | H12: =$G12&"_"&$I12 -> 1_11_0_1 | I12: 1 | J12: ="case_type_col"&$H12&"_"&$E12 -> case_type_col1_11_0_1_GEO_REGION | U12: {}
A13: 0198ef6d-8543-7325-a3c3-0be3c6d6193b | B13: 0195d18c-1ca6-fd99-9d76-fcfa0c0cf400 | C13: =INDEX(CaseType!$B:$B,MATCH($B13,CaseType!$A:$A,0)) -> case_type1 | D13: 0198ef6d-8543-74d1-8cf2-4f5da375834f | E13: =INDEX(Col!$H:$H,MATCH($D13,Col!$A:$A,0)) -> GEO_REGION | F13: 019a8753-bf2c-dd77-ce96-388e4cb1d50d | G13: =INDEX(CaseTypeDim!$I:$I,MATCH($F13,CaseTypeDim!$A:$A,0)) -> 1_11_0 | H13: =$G13&"_"&$I13 -> 1_11_0_2 | I13: 2 | J13: ="case_type_col"&$H13&"_"&$E13 -> case_type_col1_11_0_2_GEO_REGION | U13: {}
... A85: 0198ef6d-8543-9692-4d73-8baa6656fb8d | B85: 0195d18c-1ca7-ae33-0f89-bd1fd65da091 | C85: =INDEX(CaseType!$B:$B,MATCH($B85,CaseType!$A:$A,0)) -> case_type5 | D85: 0198ef6d-8543-eb2b-e8cd-6ad2e7ad4523 | E85: =INDEX(Col!$H:$H,MATCH($D85,Col!$A:$A,0)) -> NOMINAL | F85: 019a8753-bf2c-2b71-e049-02021035fa92 | G85: =INDEX(CaseTypeDim!$I:$I,MATCH($F85,CaseTypeDim!$A:$A,0)) -> 5_1_0 | H85: =$G85&"_"&$I85 -> 5_1_0_3 | I85: 3 | J85: ="case_type_col"&$H85&"_"&$E85 -> case_type_col5_1_0_3_NOMINAL | U85: {}

Sheet ValidateCasesCommand
A1: index | B1: dm.is_active | C1: user.id | D1: user.name | E1: is_allowed | F1: dm.organization_id | G1: dm.user_roles_is_ge_app_admin | H1: dm.organization_access_case_policy_row | I1: dm.organization_access_case_policy_case_type_set_contains_case_type | J1: dm.organization_access_case_policy_add_case | K1: dm.organization_access_case_policy_remove_case | L1: dm.user_access_case_policy_row | M1: dm.user_access_case_policy_case_type_set_contains_case_type | N1: dm.user_access_case_policy_add_case | O1: dm.user_access_case_policy_remove_case | P1: case_type_id | Q1: dm.case_type_name | R1: created_in_data_collection_id | S1: dm.created_in_data_collection_name | T1: is_update | U1: case_id1 | V1: case_case_type_id1 | W1: case_created_in_data_collection_id1 | X1: dm.case_case_type_matches1 | Y1: dm.case_created_in_data_collection_matches1
A2: 1 | B2: TRUE | C2: 019542cc-8225-8f5d-fa30-d9c3f2629703 | D2: =INDEX(User!$D:$D,MATCH($C2,User!$A:$A,0)) -> root1_1 | E2: =OR($G2,AND($I2,$J2,$M2,$N2)) -> TRUE | F2: =INDEX(User!$G:$G,MATCH($C2,User!$A:$A,0)) -> 018d074d-ea0c-e942-07db-a3cc0ba1d653 | G2: =INDEX(User!$M:$M,MATCH($C2,User!$A:$A,0)) -> TRUE | H2: =IF(ISNA(MATCH($F2&"|"&$R2,OrganizationAccessCasePolicy!$V:$V,0)),"",MATCH($F2&"|"&$R2,OrganizationAccessCasePolicy!$V:$V,0)) -> 2 | I2: {=IF($H2="",FALSE,NOT(ISNA(MATCH(INDIRECT("OrganizationAccessCasePolicy!D"&$H2)&"|"&$V2,CaseTypeSetMember!$H:$H,0))))} -> TRUE | J2: {=IF($H2="",FALSE,AND(INDIRECT("OrganizationAccessCasePolicy!H"&$H2),NOT(ISNA(MATCH(INDIRECT("OrganizationAccessCasePolicy!D"&$H2)&"|"&$V2,CaseTypeSetMember!$H:$H,0)))))} -> TRUE | K2: {=IF($H2="",FALSE,AND(INDIRECT("OrganizationAccessCasePolicy!I"&$H2),NOT(ISNA(MATCH(INDIRECT("OrganizationAccessCasePolicy!D"&$H2)&"|"&$V2,CaseTypeSetMember!$H:$H,0)))))} -> TRUE | L2: =IF(ISNA(MATCH($C2&"|"&$R2,UserAccessCasePolicy!$W:$W,0)),"",MATCH($C2&"|"&$R2,UserAccessCasePolicy!$W:$W,0)) | M2: {=IF($L2="",FALSE,NOT(ISNA(MATCH(INDIRECT("UserAccessCasePolicy!D"&$L2)&"|"&$V2,CaseTypeSetMember!$H:$H,0))))} -> FALSE | N2: {=IF($L2="",FALSE,AND(INDIRECT("UserAccessCasePolicy!G"&$L2),NOT(ISNA(MATCH(INDIRECT("UserAccessCasePolicy!D"&$L2)&"|"&$V2,CaseTypeSetMember!$H:$H,0)))))} -> FALSE | O2: {=IF($L2="",FALSE,AND(INDIRECT("UserAccessCasePolicy!H"&$L2),NOT(ISNA(MATCH(INDIRECT("UserAccessCasePolicy!D"&$L2)&"|"&$V2,CaseTypeSetMember!$H:$H,0)))))} -> FALSE | P2: 0195d18c-1ca6-fd99-9d76-fcfa0c0cf400 | Q2: =INDEX(CaseType!$B:$B,MATCH($P2,CaseType!$A:$A,0)) -> case_type1 | R2: 0195d18c-1ca2-a23d-1f64-00271f63199c | S2: =INDEX(DataCollection!$B:$B,MATCH($R2,DataCollection!$A:$A,0)) -> data_collection1 | T2: FALSE | U2: 0198ef6d-8543-d4c1-b8e7-b6f93524b895 | V2: =INDEX(_CaseData!$B:$B,MATCH($U2,_CaseData!$A:$A,0)) -> 0195d18c-1ca6-fd99-9d76-fcfa0c0cf400 | W2: 0195d18c-1ca2-a23d-1f64-00271f63199c | X2: =$V2=$P2 -> TRUE | Y2: =$W2=$R2 -> TRUE
A3: 2 | B3: TRUE | C3: 0195d18c-1c92-110e-81c1-75ba0fec4494 | D3: =INDEX(User!$D:$D,MATCH($C3,User!$A:$A,0)) -> app_admin1_1 | E3: =OR($G3,AND($I3,$J3,$M3,$N3)) -> TRUE | F3: =INDEX(User!$G:$G,MATCH($C3,User!$A:$A,0)) -> 018d074d-ea0c-e942-07db-a3cc0ba1d653 | G3: =INDEX(User!$M:$M,MATCH($C3,User!$A:$A,0)) -> TRUE | H3: =IF(ISNA(MATCH($F3&"|"&$R3,OrganizationAccessCasePolicy!$V:$V,0)),"",MATCH($F3&"|"&$R3,OrganizationAccessCasePolicy!$V:$V,0)) -> 2 | I3: {=IF($H3="",FALSE,NOT(ISNA(MATCH(INDIRECT("OrganizationAccessCasePolicy!D"&$H3)&"|"&$V3,CaseTypeSetMember!$H:$H,0))))} -> TRUE | J3: {=IF($H3="",FALSE,AND(INDIRECT("OrganizationAccessCasePolicy!H"&$H3),NOT(ISNA(MATCH(INDIRECT("OrganizationAccessCasePolicy!D"&$H3)&"|"&$V3,CaseTypeSetMember!$H:$H,0)))))} -> TRUE | K3: {=IF($H3="",FALSE,AND(INDIRECT("OrganizationAccessCasePolicy!I"&$H3),NOT(ISNA(MATCH(INDIRECT("OrganizationAccessCasePolicy!D"&$H3)&"|"&$V3,CaseTypeSetMember!$H:$H,0)))))} -> TRUE | L3: =IF(ISNA(MATCH($C3&"|"&$R3,UserAccessCasePolicy!$W:$W,0)),"",MATCH($C3&"|"&$R3,UserAccessCasePolicy!$W:$W,0)) | M3: {=IF($L3="",FALSE,NOT(ISNA(MATCH(INDIRECT("UserAccessCasePolicy!D"&$L3)&"|"&$V3,CaseTypeSetMember!$H:$H,0))))} -> FALSE | N3: {=IF($L3="",FALSE,AND(INDIRECT("UserAccessCasePolicy!G"&$L3),NOT(ISNA(MATCH(INDIRECT("UserAccessCasePolicy!D"&$L3)&"|"&$V3,CaseTypeSetMember!$H:$H,0)))))} -> FALSE | O3: {=IF($L3="",FALSE,AND(INDIRECT("UserAccessCasePolicy!H"&$L3),NOT(ISNA(MATCH(INDIRECT("UserAccessCasePolicy!D"&$L3)&"|"&$V3,CaseTypeSetMember!$H:$H,0)))))} -> FALSE | P3: 0195d18c-1ca6-fd99-9d76-fcfa0c0cf400 | Q3: =INDEX(CaseType!$B:$B,MATCH($P3,CaseType!$A:$A,0)) -> case_type1 | R3: 0195d18c-1ca2-a23d-1f64-00271f63199c | S3: =INDEX(DataCollection!$B:$B,MATCH($R3,DataCollection!$A:$A,0)) -> data_collection1 | T3: FALSE | U3: 0198ef6d-8543-d4c1-b8e7-b6f93524b895 | V3: =INDEX(_CaseData!$B:$B,MATCH($U3,_CaseData!$A:$A,0)) -> 0195d18c-1ca6-fd99-9d76-fcfa0c0cf400 | W3: 0195d18c-1ca2-a23d-1f64-00271f63199c | X3: =$V3=$P3 -> TRUE | Y3: =$W3=$R3 -> TRUE
A4: 3 | B4: TRUE | C4: 0195d18c-1c93-bcbb-eea8-94332d77b172 | D4: =INDEX(User!$D:$D,MATCH($C4,User!$A:$A,0)) -> refdata_admin1_1 | E4: =OR($G4,AND($I4,$J4,$M4,$N4)) -> FALSE | F4: =INDEX(User!$G:$G,MATCH($C4,User!$A:$A,0)) -> 018d074d-ea0c-e942-07db-a3cc0ba1d653 | G4: =INDEX(User!$M:$M,MATCH($C4,User!$A:$A,0)) -> FALSE | H4: =IF(ISNA(MATCH($F4&"|"&$R4,OrganizationAccessCasePolicy!$V:$V,0)),"",MATCH($F4&"|"&$R4,OrganizationAccessCasePolicy!$V:$V,0)) -> 2 | I4: {=IF($H4="",FALSE,NOT(ISNA(MATCH(INDIRECT("OrganizationAccessCasePolicy!D"&$H4)&"|"&$V4,CaseTypeSetMember!$H:$H,0))))} -> TRUE | J4: {=IF($H4="",FALSE,AND(INDIRECT("OrganizationAccessCasePolicy!H"&$H4),NOT(ISNA(MATCH(INDIRECT("OrganizationAccessCasePolicy!D"&$H4)&"|"&$V4,CaseTypeSetMember!$H:$H,0)))))} -> TRUE | K4: {=IF($H4="",FALSE,AND(INDIRECT("OrganizationAccessCasePolicy!I"&$H4),NOT(ISNA(MATCH(INDIRECT("OrganizationAccessCasePolicy!D"&$H4)&"|"&$V4,CaseTypeSetMember!$H:$H,0)))))} -> TRUE | L4: =IF(ISNA(MATCH($C4&"|"&$R4,UserAccessCasePolicy!$W:$W,0)),"",MATCH($C4&"|"&$R4,UserAccessCasePolicy!$W:$W,0)) | M4: {=IF($L4="",FALSE,NOT(ISNA(MATCH(INDIRECT("UserAccessCasePolicy!D"&$L4)&"|"&$V4,CaseTypeSetMember!$H:$H,0))))} -> FALSE | N4: {=IF($L4="",FALSE,AND(INDIRECT("UserAccessCasePolicy!G"&$L4),NOT(ISNA(MATCH(INDIRECT("UserAccessCasePolicy!D"&$L4)&"|"&$V4,CaseTypeSetMember!$H:$H,0)))))} -> FALSE | O4: {=IF($L4="",FALSE,AND(INDIRECT("UserAccessCasePolicy!H"&$L4),NOT(ISNA(MATCH(INDIRECT("UserAccessCasePolicy!D"&$L4)&"|"&$V4,CaseTypeSetMember!$H:$H,0)))))} -> FALSE | P4: 0195d18c-1ca6-fd99-9d76-fcfa0c0cf400 | Q4: =INDEX(CaseType!$B:$B,MATCH($P4,CaseType!$A:$A,0)) -> case_type1 | R4: 0195d18c-1ca2-a23d-1f64-00271f63199c | S4: =INDEX(DataCollection!$B:$B,MATCH($R4,DataCollection!$A:$A,0)) -> data_collection1 | T4: FALSE | U4: 0198ef6d-8543-d4c1-b8e7-b6f93524b895 | V4: =INDEX(_CaseData!$B:$B,MATCH($U4,_CaseData!$A:$A,0)) -> 0195d18c-1ca6-fd99-9d76-fcfa0c0cf400 | W4: 0195d18c-1ca2-a23d-1f64-00271f63199c | X4: =$V4=$P4 -> TRUE | Y4: =$W4=$R4 -> TRUE
A5: 4 | B5: TRUE | C5: 0195d18c-1c93-1f4b-8c40-19223d6c7a8c | D5: =INDEX(User!$D:$D,MATCH($C5,User!$A:$A,0)) -> org_admin1_1 | E5: =OR($G5,AND($I5,$J5,$M5,$N5)) -> FALSE | F5: =INDEX(User!$G:$G,MATCH($C5,User!$A:$A,0)) -> 018d074d-ea0c-e942-07db-a3cc0ba1d653 | G5: =INDEX(User!$M:$M,MATCH($C5,User!$A:$A,0)) -> FALSE | H5: =IF(ISNA(MATCH($F5&"|"&$R5,OrganizationAccessCasePolicy!$V:$V,0)),"",MATCH($F5&"|"&$R5,OrganizationAccessCasePolicy!$V:$V,0)) -> 2 | I5: {=IF($H5="",FALSE,NOT(ISNA(MATCH(INDIRECT("OrganizationAccessCasePolicy!D"&$H5)&"|"&$V5,CaseTypeSetMember!$H:$H,0))))} -> TRUE | J5: {=IF($H5="",FALSE,AND(INDIRECT("OrganizationAccessCasePolicy!H"&$H5),NOT(ISNA(MATCH(INDIRECT("OrganizationAccessCasePolicy!D"&$H5)&"|"&$V5,CaseTypeSetMember!$H:$H,0)))))} -> TRUE | K5: {=IF($H5="",FALSE,AND(INDIRECT("OrganizationAccessCasePolicy!I"&$H5),NOT(ISNA(MATCH(INDIRECT("OrganizationAccessCasePolicy!D"&$H5)&"|"&$V5,CaseTypeSetMember!$H:$H,0)))))} -> TRUE | L5: =IF(ISNA(MATCH($C5&"|"&$R5,UserAccessCasePolicy!$W:$W,0)),"",MATCH($C5&"|"&$R5,UserAccessCasePolicy!$W:$W,0)) | M5: {=IF($L5="",FALSE,NOT(ISNA(MATCH(INDIRECT("UserAccessCasePolicy!D"&$L5)&"|"&$V5,CaseTypeSetMember!$H:$H,0))))} -> FALSE | N5: {=IF($L5="",FALSE,AND(INDIRECT("UserAccessCasePolicy!G"&$L5),NOT(ISNA(MATCH(INDIRECT("UserAccessCasePolicy!D"&$L5)&"|"&$V5,CaseTypeSetMember!$H:$H,0)))))} -> FALSE | O5: {=IF($L5="",FALSE,AND(INDIRECT("UserAccessCasePolicy!H"&$L5),NOT(ISNA(MATCH(INDIRECT("UserAccessCasePolicy!D"&$L5)&"|"&$V5,CaseTypeSetMember!$H:$H,0)))))} -> FALSE | P5: 0195d18c-1ca6-fd99-9d76-fcfa0c0cf400 | Q5: =INDEX(CaseType!$B:$B,MATCH($P5,CaseType!$A:$A,0)) -> case_type1 | R5: 0195d18c-1ca2-a23d-1f64-00271f63199c | S5: =INDEX(DataCollection!$B:$B,MATCH($R5,DataCollection!$A:$A,0)) -> data_collection1 | T5: FALSE | U5: 0198ef6d-8543-d4c1-b8e7-b6f93524b895 | V5: =INDEX(_CaseData!$B:$B,MATCH($U5,_CaseData!$A:$A,0)) -> 0195d18c-1ca6-fd99-9d76-fcfa0c0cf400 | W5: 0195d18c-1ca2-a23d-1f64-00271f63199c | X5: =$V5=$P5 -> TRUE | Y5: =$W5=$R5 -> TRUE
A6: 5 | B6: TRUE | C6: 0195d18c-1c98-7e0b-0c91-8cafbdb2c852 | D6: =INDEX(User!$D:$D,MATCH($C6,User!$A:$A,0)) -> org_user1_1 | E6: =OR($G6,AND($I6,$J6,$M6,$N6)) -> TRUE | F6: =INDEX(User!$G:$G,MATCH($C6,User!$A:$A,0)) -> 018d074d-ea0c-e942-07db-a3cc0ba1d653 | G6: =INDEX(User!$M:$M,MATCH($C6,User!$A:$A,0)) -> FALSE | H6: =IF(ISNA(MATCH($F6&"|"&$R6,OrganizationAccessCasePolicy!$V:$V,0)),"",MATCH($F6&"|"&$R6,OrganizationAccessCasePolicy!$V:$V,0)) -> 2 | I6: {=IF($H6="",FALSE,NOT(ISNA(MATCH(INDIRECT("OrganizationAccessCasePolicy!D"&$H6)&"|"&$V6,CaseTypeSetMember!$H:$H,0))))} -> TRUE | J6: {=IF($H6="",FALSE,AND(INDIRECT("OrganizationAccessCasePolicy!H"&$H6),NOT(ISNA(MATCH(INDIRECT("OrganizationAccessCasePolicy!D"&$H6)&"|"&$V6,CaseTypeSetMember!$H:$H,0)))))} -> TRUE | K6: {=IF($H6="",FALSE,AND(INDIRECT("OrganizationAccessCasePolicy!I"&$H6),NOT(ISNA(MATCH(INDIRECT("OrganizationAccessCasePolicy!D"&$H6)&"|"&$V6,CaseTypeSetMember!$H:$H,0)))))} -> TRUE | L6: =IF(ISNA(MATCH($C6&"|"&$R6,UserAccessCasePolicy!$W:$W,0)),"",MATCH($C6&"|"&$R6,UserAccessCasePolicy!$W:$W,0)) -> 2 | M6: {=IF($L6="",FALSE,NOT(ISNA(MATCH(INDIRECT("UserAccessCasePolicy!D"&$L6)&"|"&$V6,CaseTypeSetMember!$H:$H,0))))} -> TRUE | N6: {=IF($L6="",FALSE,AND(INDIRECT("UserAccessCasePolicy!G"&$L6),NOT(ISNA(MATCH(INDIRECT("UserAccessCasePolicy!D"&$L6)&"|"&$V6,CaseTypeSetMember!$H:$H,0)))))} -> TRUE | O6: {=IF($L6="",FALSE,AND(INDIRECT("UserAccessCasePolicy!H"&$L6),NOT(ISNA(MATCH(INDIRECT("UserAccessCasePolicy!D"&$L6)&"|"&$V6,CaseTypeSetMember!$H:$H,0)))))} -> TRUE | P6: 0195d18c-1ca6-fd99-9d76-fcfa0c0cf400 | Q6: =INDEX(CaseType!$B:$B,MATCH($P6,CaseType!$A:$A,0)) -> case_type1 | R6: 0195d18c-1ca2-a23d-1f64-00271f63199c | S6: =INDEX(DataCollection!$B:$B,MATCH($R6,DataCollection!$A:$A,0)) -> data_collection1 | T6: FALSE | U6: 0198ef6d-8543-d4c1-b8e7-b6f93524b895 | V6: =INDEX(_CaseData!$B:$B,MATCH($U6,_CaseData!$A:$A,0)) -> 0195d18c-1ca6-fd99-9d76-fcfa0c0cf400 | W6: 0195d18c-1ca2-a23d-1f64-00271f63199c | X6: =$V6=$P6 -> TRUE | Y6: =$W6=$R6 -> TRUE
A7: 6 | B7: TRUE | C7: 019542cc-8225-8f5d-fa30-d9c3f2629703 | D7: =INDEX(User!$D:$D,MATCH($C7,User!$A:$A,0)) -> root1_1 | E7: =OR($G7,AND($I7,$J7,$M7,$N7)) -> TRUE | F7: =INDEX(User!$G:$G,MATCH($C7,User!$A:$A,0)) -> 018d074d-ea0c-e942-07db-a3cc0ba1d653 | G7: =INDEX(User!$M:$M,MATCH($C7,User!$A:$A,0)) -> TRUE | H7: =IF(ISNA(MATCH($F7&"|"&$R7,OrganizationAccessCasePolicy!$V:$V,0)),"",MATCH($F7&"|"&$R7,OrganizationAccessCasePolicy!$V:$V,0)) -> 2 | I7: {=IF($H7="",FALSE,NOT(ISNA(MATCH(INDIRECT("OrganizationAccessCasePolicy!D"&$H7)&"|"&$V7,CaseTypeSetMember!$H:$H,0))))} -> TRUE | J7: {=IF($H7="",FALSE,AND(INDIRECT("OrganizationAccessCasePolicy!H"&$H7),NOT(ISNA(MATCH(INDIRECT("OrganizationAccessCasePolicy!D"&$H7)&"|"&$V7,CaseTypeSetMember!$H:$H,0)))))} -> TRUE | K7: {=IF($H7="",FALSE,AND(INDIRECT("OrganizationAccessCasePolicy!I"&$H7),NOT(ISNA(MATCH(INDIRECT("OrganizationAccessCasePolicy!D"&$H7)&"|"&$V7,CaseTypeSetMember!$H:$H,0)))))} -> TRUE | L7: =IF(ISNA(MATCH($C7&"|"&$R7,UserAccessCasePolicy!$W:$W,0)),"",MATCH($C7&"|"&$R7,UserAccessCasePolicy!$W:$W,0)) | M7: {=IF($L7="",FALSE,NOT(ISNA(MATCH(INDIRECT("UserAccessCasePolicy!D"&$L7)&"|"&$V7,CaseTypeSetMember!$H:$H,0))))} -> FALSE | N7: {=IF($L7="",FALSE,AND(INDIRECT("UserAccessCasePolicy!G"&$L7),NOT(ISNA(MATCH(INDIRECT("UserAccessCasePolicy!D"&$L7)&"|"&$V7,CaseTypeSetMember!$H:$H,0)))))} -> FALSE | O7: {=IF($L7="",FALSE,AND(INDIRECT("UserAccessCasePolicy!H"&$L7),NOT(ISNA(MATCH(INDIRECT("UserAccessCasePolicy!D"&$L7)&"|"&$V7,CaseTypeSetMember!$H:$H,0)))))} -> FALSE | P7: 0195d18c-1ca6-fd99-9d76-fcfa0c0cf400 | Q7: =INDEX(CaseType!$B:$B,MATCH($P7,CaseType!$A:$A,0)) -> case_type1 | R7: 0195d18c-1ca2-a23d-1f64-00271f63199c | S7: =INDEX(DataCollection!$B:$B,MATCH($R7,DataCollection!$A:$A,0)) -> data_collection1 | T7: FALSE | U7: 0198ef6d-8543-d4c1-b8e7-b6f93524b895 | V7: =INDEX(_CaseData!$B:$B,MATCH($U7,_CaseData!$A:$A,0)) -> 0195d18c-1ca6-fd99-9d76-fcfa0c0cf400 | W7: 0195d18c-1ca2-a23d-1f64-00271f63199c | X7: =$V7=$P7 -> TRUE | Y7: =$W7=$R7 -> TRUE
A8: 7 | B8: TRUE | C8: 0195d18c-1c92-110e-81c1-75ba0fec4494 | D8: =INDEX(User!$D:$D,MATCH($C8,User!$A:$A,0)) -> app_admin1_1 | E8: =OR($G8,AND($I8,$J8,$M8,$N8)) -> TRUE | F8: =INDEX(User!$G:$G,MATCH($C8,User!$A:$A,0)) -> 018d074d-ea0c-e942-07db-a3cc0ba1d653 | G8: =INDEX(User!$M:$M,MATCH($C8,User!$A:$A,0)) -> TRUE | H8: =IF(ISNA(MATCH($F8&"|"&$R8,OrganizationAccessCasePolicy!$V:$V,0)),"",MATCH($F8&"|"&$R8,OrganizationAccessCasePolicy!$V:$V,0)) -> 2 | I8: {=IF($H8="",FALSE,NOT(ISNA(MATCH(INDIRECT("OrganizationAccessCasePolicy!D"&$H8)&"|"&$V8,CaseTypeSetMember!$H:$H,0))))} -> TRUE | J8: {=IF($H8="",FALSE,AND(INDIRECT("OrganizationAccessCasePolicy!H"&$H8),NOT(ISNA(MATCH(INDIRECT("OrganizationAccessCasePolicy!D"&$H8)&"|"&$V8,CaseTypeSetMember!$H:$H,0)))))} -> TRUE | K8: {=IF($H8="",FALSE,AND(INDIRECT("OrganizationAccessCasePolicy!I"&$H8),NOT(ISNA(MATCH(INDIRECT("OrganizationAccessCasePolicy!D"&$H8)&"|"&$V8,CaseTypeSetMember!$H:$H,0)))))} -> TRUE | L8: =IF(ISNA(MATCH($C8&"|"&$R8,UserAccessCasePolicy!$W:$W,0)),"",MATCH($C8&"|"&$R8,UserAccessCasePolicy!$W:$W,0)) | M8: {=IF($L8="",FALSE,NOT(ISNA(MATCH(INDIRECT("UserAccessCasePolicy!D"&$L8)&"|"&$V8,CaseTypeSetMember!$H:$H,0))))} -> FALSE | N8: {=IF($L8="",FALSE,AND(INDIRECT("UserAccessCasePolicy!G"&$L8),NOT(ISNA(MATCH(INDIRECT("UserAccessCasePolicy!D"&$L8)&"|"&$V8,CaseTypeSetMember!$H:$H,0)))))} -> FALSE | O8: {=IF($L8="",FALSE,AND(INDIRECT("UserAccessCasePolicy!H"&$L8),NOT(ISNA(MATCH(INDIRECT("UserAccessCasePolicy!D"&$L8)&"|"&$V8,CaseTypeSetMember!$H:$H,0)))))} -> FALSE | P8: 0195d18c-1ca6-fd99-9d76-fcfa0c0cf400 | Q8: =INDEX(CaseType!$B:$B,MATCH($P8,CaseType!$A:$A,0)) -> case_type1 | R8: 0195d18c-1ca2-a23d-1f64-00271f63199c | S8: =INDEX(DataCollection!$B:$B,MATCH($R8,DataCollection!$A:$A,0)) -> data_collection1 | T8: FALSE | U8: 0198ef6d-8543-d4c1-b8e7-b6f93524b895 | V8: =INDEX(_CaseData!$B:$B,MATCH($U8,_CaseData!$A:$A,0)) -> 0195d18c-1ca6-fd99-9d76-fcfa0c0cf400 | W8: 0195d18c-1ca2-a23d-1f64-00271f63199c | X8: =$V8=$P8 -> TRUE | Y8: =$W8=$R8 -> TRUE
A9: 8 | B9: TRUE | C9: 0195d18c-1c93-1f4b-8c40-19223d6c7a8c | D9: =INDEX(User!$D:$D,MATCH($C9,User!$A:$A,0)) -> org_admin1_1 | E9: =OR($G9,AND($I9,$J9,$M9,$N9)) -> FALSE | F9: =INDEX(User!$G:$G,MATCH($C9,User!$A:$A,0)) -> 018d074d-ea0c-e942-07db-a3cc0ba1d653 | G9: =INDEX(User!$M:$M,MATCH($C9,User!$A:$A,0)) -> FALSE | H9: =IF(ISNA(MATCH($F9&"|"&$R9,OrganizationAccessCasePolicy!$V:$V,0)),"",MATCH($F9&"|"&$R9,OrganizationAccessCasePolicy!$V:$V,0)) -> 2 | I9: {=IF($H9="",FALSE,NOT(ISNA(MATCH(INDIRECT("OrganizationAccessCasePolicy!D"&$H9)&"|"&$V9,CaseTypeSetMember!$H:$H,0))))} -> TRUE | J9: {=IF($H9="",FALSE,AND(INDIRECT("OrganizationAccessCasePolicy!H"&$H9),NOT(ISNA(MATCH(INDIRECT("OrganizationAccessCasePolicy!D"&$H9)&"|"&$V9,CaseTypeSetMember!$H:$H,0)))))} -> TRUE | K9: {=IF($H9="",FALSE,AND(INDIRECT("OrganizationAccessCasePolicy!I"&$H9),NOT(ISNA(MATCH(INDIRECT("OrganizationAccessCasePolicy!D"&$H9)&"|"&$V9,CaseTypeSetMember!$H:$H,0)))))} -> TRUE | L9: =IF(ISNA(MATCH($C9&"|"&$R9,UserAccessCasePolicy!$W:$W,0)),"",MATCH($C9&"|"&$R9,UserAccessCasePolicy!$W:$W,0)) | M9: {=IF($L9="",FALSE,NOT(ISNA(MATCH(INDIRECT("UserAccessCasePolicy!D"&$L9)&"|"&$V9,CaseTypeSetMember!$H:$H,0))))} -> FALSE | N9: {=IF($L9="",FALSE,AND(INDIRECT("UserAccessCasePolicy!G"&$L9),NOT(ISNA(MATCH(INDIRECT("UserAccessCasePolicy!D"&$L9)&"|"&$V9,CaseTypeSetMember!$H:$H,0)))))} -> FALSE | O9: {=IF($L9="",FALSE,AND(INDIRECT("UserAccessCasePolicy!H"&$L9),NOT(ISNA(MATCH(INDIRECT("UserAccessCasePolicy!D"&$L9)&"|"&$V9,CaseTypeSetMember!$H:$H,0)))))} -> FALSE | P9: 0195d18c-1ca6-fd99-9d76-fcfa0c0cf400 | Q9: =INDEX(CaseType!$B:$B,MATCH($P9,CaseType!$A:$A,0)) -> case_type1 | R9: 0195d18c-1ca2-a23d-1f64-00271f63199c | S9: =INDEX(DataCollection!$B:$B,MATCH($R9,DataCollection!$A:$A,0)) -> data_collection1 | T9: FALSE | U9: 0198ef6d-8543-d4c1-b8e7-b6f93524b895 | V9: =INDEX(_CaseData!$B:$B,MATCH($U9,_CaseData!$A:$A,0)) -> 0195d18c-1ca6-fd99-9d76-fcfa0c0cf400 | W9: 0195d18c-1ca2-a23d-1f64-00271f63199c | X9: =$V9=$P9 -> TRUE | Y9: =$W9=$R9 -> TRUE
A10: 9 | B10: TRUE | C10: 0195d18c-1c95-2343-576e-0c14e0a4505d | D10: =INDEX(User!$D:$D,MATCH($C10,User!$A:$A,0)) -> org_admin2_1 | E10: =OR($G10,AND($I10,$J10,$M10,$N10)) -> FALSE | F10: =INDEX(User!$G:$G,MATCH($C10,User!$A:$A,0)) -> 0195d18c-1c92-0ed4-2e94-b4f66d82baf3 | G10: =INDEX(User!$M:$M,MATCH($C10,User!$A:$A,0)) -> FALSE | H10: =IF(ISNA(MATCH($F10&"|"&$R10,OrganizationAccessCasePolicy!$V:$V,0)),"",MATCH($F10&"|"&$R10,OrganizationAccessCasePolicy!$V:$V,0)) | I10: {=IF($H10="",FALSE,NOT(ISNA(MATCH(INDIRECT("OrganizationAccessCasePolicy!D"&$H10)&"|"&$V10,CaseTypeSetMember!$H:$H,0))))} -> FALSE | J10: {=IF($H10="",FALSE,AND(INDIRECT("OrganizationAccessCasePolicy!H"&$H10),NOT(ISNA(MATCH(INDIRECT("OrganizationAccessCasePolicy!D"&$H10)&"|"&$V10,CaseTypeSetMember!$H:$H,0)))))} -> FALSE | K10: {=IF($H10="",FALSE,AND(INDIRECT("OrganizationAccessCasePolicy!I"&$H10),NOT(ISNA(MATCH(INDIRECT("OrganizationAccessCasePolicy!D"&$H10)&"|"&$V10,CaseTypeSetMember!$H:$H,0)))))} -> FALSE | L10: =IF(ISNA(MATCH($C10&"|"&$R10,UserAccessCasePolicy!$W:$W,0)),"",MATCH($C10&"|"&$R10,UserAccessCasePolicy!$W:$W,0)) | M10: {=IF($L10="",FALSE,NOT(ISNA(MATCH(INDIRECT("UserAccessCasePolicy!D"&$L10)&"|"&$V10,CaseTypeSetMember!$H:$H,0))))} -> FALSE | N10: {=IF($L10="",FALSE,AND(INDIRECT("UserAccessCasePolicy!G"&$L10),NOT(ISNA(MATCH(INDIRECT("UserAccessCasePolicy!D"&$L10)&"|"&$V10,CaseTypeSetMember!$H:$H,0)))))} -> FALSE | O10: {=IF($L10="",FALSE,AND(INDIRECT("UserAccessCasePolicy!H"&$L10),NOT(ISNA(MATCH(INDIRECT("UserAccessCasePolicy!D"&$L10)&"|"&$V10,CaseTypeSetMember!$H:$H,0)))))} -> FALSE | P10: 0195d18c-1ca6-fd99-9d76-fcfa0c0cf400 | Q10: =INDEX(CaseType!$B:$B,MATCH($P10,CaseType!$A:$A,0)) -> case_type1 | R10: 0195d18c-1ca2-a23d-1f64-00271f63199c | S10: =INDEX(DataCollection!$B:$B,MATCH($R10,DataCollection!$A:$A,0)) -> data_collection1 | T10: FALSE | U10: 0198ef6d-8543-d4c1-b8e7-b6f93524b895 | V10: =INDEX(_CaseData!$B:$B,MATCH($U10,_CaseData!$A:$A,0)) -> 0195d18c-1ca6-fd99-9d76-fcfa0c0cf400 | W10: 0195d18c-1ca2-a23d-1f64-00271f63199c | X10: =$V10=$P10 -> TRUE | Y10: =$W10=$R10 -> TRUE
A11: 10 | B11: TRUE | C11: 0195d18c-1c96-59a8-d2a6-70a3b13175a1 | D11: =INDEX(User!$D:$D,MATCH($C11,User!$A:$A,0)) -> org_admin3_1 | E11: =OR($G11,AND($I11,$J11,$M11,$N11)) -> FALSE | F11: =INDEX(User!$G:$G,MATCH($C11,User!$A:$A,0)) -> 0195d18c-1c92-52b3-93e0-43dc1f2aa037 | G11: =INDEX(User!$M:$M,MATCH($C11,User!$A:$A,0)) -> FALSE | H11: =IF(ISNA(MATCH($F11&"|"&$R11,OrganizationAccessCasePolicy!$V:$V,0)),"",MATCH($F11&"|"&$R11,OrganizationAccessCasePolicy!$V:$V,0)) | I11: {=IF($H11="",FALSE,NOT(ISNA(MATCH(INDIRECT("OrganizationAccessCasePolicy!D"&$H11)&"|"&$V11,CaseTypeSetMember!$H:$H,0))))} -> FALSE | J11: {=IF($H11="",FALSE,AND(INDIRECT("OrganizationAccessCasePolicy!H"&$H11),NOT(ISNA(MATCH(INDIRECT("OrganizationAccessCasePolicy!D"&$H11)&"|"&$V11,CaseTypeSetMember!$H:$H,0)))))} -> FALSE | K11: {=IF($H11="",FALSE,AND(INDIRECT("OrganizationAccessCasePolicy!I"&$H11),NOT(ISNA(MATCH(INDIRECT("OrganizationAccessCasePolicy!D"&$H11)&"|"&$V11,CaseTypeSetMember!$H:$H,0)))))} -> FALSE | L11: =IF(ISNA(MATCH($C11&"|"&$R11,UserAccessCasePolicy!$W:$W,0)),"",MATCH($C11&"|"&$R11,UserAccessCasePolicy!$W:$W,0)) | M11: {=IF($L11="",FALSE,NOT(ISNA(MATCH(INDIRECT("UserAccessCasePolicy!D"&$L11)&"|"&$V11,CaseTypeSetMember!$H:$H,0))))} -> FALSE | N11: {=IF($L11="",FALSE,AND(INDIRECT("UserAccessCasePolicy!G"&$L11),NOT(ISNA(MATCH(INDIRECT("UserAccessCasePolicy!D"&$L11)&"|"&$V11,CaseTypeSetMember!$H:$H,0)))))} -> FALSE | O11: {=IF($L11="",FALSE,AND(INDIRECT("UserAccessCasePolicy!H"&$L11),NOT(ISNA(MATCH(INDIRECT("UserAccessCasePolicy!D"&$L11)&"|"&$V11,CaseTypeSetMember!$H:$H,0)))))} -> FALSE | P11: 0195d18c-1ca6-fd99-9d76-fcfa0c0cf400 | Q11: =INDEX(CaseType!$B:$B,MATCH($P11,CaseType!$A:$A,0)) -> case_type1 | R11: 0195d18c-1ca2-a23d-1f64-00271f63199c | S11: =INDEX(DataCollection!$B:$B,MATCH($R11,DataCollection!$A:$A,0)) -> data_collection1 | T11: FALSE | U11: 0198ef6d-8543-d4c1-b8e7-b6f93524b895 | V11: =INDEX(_CaseData!$B:$B,MATCH($U11,_CaseData!$A:$A,0)) -> 0195d18c-1ca6-fd99-9d76-fcfa0c0cf400 | W11: 0195d18c-1ca2-a23d-1f64-00271f63199c | X11: =$V11=$P11 -> TRUE | Y11: =$W11=$R11 -> TRUE
A12: 11 | B12: TRUE | C12: 0195d18c-1c96-08ed-1241-eaf327bd1ffc | D12: =INDEX(User!$D:$D,MATCH($C12,User!$A:$A,0)) -> org_admin4_1 | E12: =OR($G12,AND($I12,$J12,$M12,$N12)) -> FALSE | F12: =INDEX(User!$G:$G,MATCH($C12,User!$A:$A,0)) -> 0195d18c-1c92-d419-4c71-a570f428499b | G12: =INDEX(User!$M:$M,MATCH($C12,User!$A:$A,0)) -> FALSE | H12: =IF(ISNA(MATCH($F12&"|"&$R12,OrganizationAccessCasePolicy!$V:$V,0)),"",MATCH($F12&"|"&$R12,OrganizationAccessCasePolicy!$V:$V,0)) | I12: {=IF($H12="",FALSE,NOT(ISNA(MATCH(INDIRECT("OrganizationAccessCasePolicy!D"&$H12)&"|"&$V12,CaseTypeSetMember!$H:$H,0))))} -> FALSE | J12: {=IF($H12="",FALSE,AND(INDIRECT("OrganizationAccessCasePolicy!H"&$H12),NOT(ISNA(MATCH(INDIRECT("OrganizationAccessCasePolicy!D"&$H12)&"|"&$V12,CaseTypeSetMember!$H:$H,0)))))} -> FALSE | K12: {=IF($H12="",FALSE,AND(INDIRECT("OrganizationAccessCasePolicy!I"&$H12),NOT(ISNA(MATCH(INDIRECT("OrganizationAccessCasePolicy!D"&$H12)&"|"&$V12,CaseTypeSetMember!$H:$H,0)))))} -> FALSE | L12: =IF(ISNA(MATCH($C12&"|"&$R12,UserAccessCasePolicy!$W:$W,0)),"",MATCH($C12&"|"&$R12,UserAccessCasePolicy!$W:$W,0)) | M12: {=IF($L12="",FALSE,NOT(ISNA(MATCH(INDIRECT("UserAccessCasePolicy!D"&$L12)&"|"&$V12,CaseTypeSetMember!$H:$H,0))))} -> FALSE | N12: {=IF($L12="",FALSE,AND(INDIRECT("UserAccessCasePolicy!G"&$L12),NOT(ISNA(MATCH(INDIRECT("UserAccessCasePolicy!D"&$L12)&"|"&$V12,CaseTypeSetMember!$H:$H,0)))))} -> FALSE | O12: {=IF($L12="",FALSE,AND(INDIRECT("UserAccessCasePolicy!H"&$L12),NOT(ISNA(MATCH(INDIRECT("UserAccessCasePolicy!D"&$L12)&"|"&$V12,CaseTypeSetMember!$H:$H,0)))))} -> FALSE | P12: 0195d18c-1ca6-fd99-9d76-fcfa0c0cf400 | Q12: =INDEX(CaseType!$B:$B,MATCH($P12,CaseType!$A:$A,0)) -> case_type1 | R12: 0195d18c-1ca2-a23d-1f64-00271f63199c | S12: =INDEX(DataCollection!$B:$B,MATCH($R12,DataCollection!$A:$A,0)) -> data_collection1 | T12: FALSE | U12: 0198ef6d-8543-d4c1-b8e7-b6f93524b895 | V12: =INDEX(_CaseData!$B:$B,MATCH($U12,_CaseData!$A:$A,0)) -> 0195d18c-1ca6-fd99-9d76-fcfa0c0cf400 | W12: 0195d18c-1ca2-a23d-1f64-00271f63199c | X12: =$V12=$P12 -> TRUE | Y12: =$W12=$R12 -> TRUE
A13: 12 | B13: TRUE | C13: 0195d18c-1c97-faac-82eb-3e357979b402 | D13: =INDEX(User!$D:$D,MATCH($C13,User!$A:$A,0)) -> org_admin5_1 | E13: =OR($G13,AND($I13,$J13,$M13,$N13)) -> FALSE | F13: =INDEX(User!$G:$G,MATCH($C13,User!$A:$A,0)) -> 0195d18c-1c93-02a2-6920-7e4dbfb73ce0 | G13: =INDEX(User!$M:$M,MATCH($C13,User!$A:$A,0)) -> FALSE | H13: =IF(ISNA(MATCH($F13&"|"&$R13,OrganizationAccessCasePolicy!$V:$V,0)),"",MATCH($F13&"|"&$R13,OrganizationAccessCasePolicy!$V:$V,0)) | I13: {=IF($H13="",FALSE,NOT(ISNA(MATCH(INDIRECT("OrganizationAccessCasePolicy!D"&$H13)&"|"&$V13,CaseTypeSetMember!$H:$H,0))))} -> FALSE | J13: {=IF($H13="",FALSE,AND(INDIRECT("OrganizationAccessCasePolicy!H"&$H13),NOT(ISNA(MATCH(INDIRECT("OrganizationAccessCasePolicy!D"&$H13)&"|"&$V13,CaseTypeSetMember!$H:$H,0)))))} -> FALSE | K13: {=IF($H13="",FALSE,AND(INDIRECT("OrganizationAccessCasePolicy!I"&$H13),NOT(ISNA(MATCH(INDIRECT("OrganizationAccessCasePolicy!D"&$H13)&"|"&$V13,CaseTypeSetMember!$H:$H,0)))))} -> FALSE | L13: =IF(ISNA(MATCH($C13&"|"&$R13,UserAccessCasePolicy!$W:$W,0)),"",MATCH($C13&"|"&$R13,UserAccessCasePolicy!$W:$W,0)) | M13: {=IF($L13="",FALSE,NOT(ISNA(MATCH(INDIRECT("UserAccessCasePolicy!D"&$L13)&"|"&$V13,CaseTypeSetMember!$H:$H,0))))} -> FALSE | N13: {=IF($L13="",FALSE,AND(INDIRECT("UserAccessCasePolicy!G"&$L13),NOT(ISNA(MATCH(INDIRECT("UserAccessCasePolicy!D"&$L13)&"|"&$V13,CaseTypeSetMember!$H:$H,0)))))} -> FALSE | O13: {=IF($L13="",FALSE,AND(INDIRECT("UserAccessCasePolicy!H"&$L13),NOT(ISNA(MATCH(INDIRECT("UserAccessCasePolicy!D"&$L13)&"|"&$V13,CaseTypeSetMember!$H:$H,0)))))} -> FALSE | P13: 0195d18c-1ca6-fd99-9d76-fcfa0c0cf400 | Q13: =INDEX(CaseType!$B:$B,MATCH($P13,CaseType!$A:$A,0)) -> case_type1 | R13: 0195d18c-1ca2-a23d-1f64-00271f63199c | S13: =INDEX(DataCollection!$B:$B,MATCH($R13,DataCollection!$A:$A,0)) -> data_collection1 | T13: FALSE | U13: 0198ef6d-8543-d4c1-b8e7-b6f93524b895 | V13: =INDEX(_CaseData!$B:$B,MATCH($U13,_CaseData!$A:$A,0)) -> 0195d18c-1ca6-fd99-9d76-fcfa0c0cf400 | W13: 0195d18c-1ca2-a23d-1f64-00271f63199c | X13: =$V13=$P13 -> TRUE | Y13: =$W13=$R13 -> TRUE
... A33: 32 | B33: TRUE | C33: 0195d18c-1ca1-d3df-24f3-7aac91cc3f3a | D33: =INDEX(User!$D:$D,MATCH($C33,User!$A:$A,0)) -> org_user5_4 | E33: =OR($G33,AND($I33,$J33,$M33,$N33)) -> FALSE | F33: =INDEX(User!$G:$G,MATCH($C33,User!$A:$A,0)) -> 0195d18c-1c93-02a2-6920-7e4dbfb73ce0 | G33: =INDEX(User!$M:$M,MATCH($C33,User!$A:$A,0)) -> FALSE | H33: =IF(ISNA(MATCH($F33&"|"&$R33,OrganizationAccessCasePolicy!$V:$V,0)),"",MATCH($F33&"|"&$R33,OrganizationAccessCasePolicy!$V:$V,0)) | I33: {=IF($H33="",FALSE,NOT(ISNA(MATCH(INDIRECT("OrganizationAccessCasePolicy!D"&$H33)&"|"&$V33,CaseTypeSetMember!$H:$H,0))))} -> FALSE | J33: {=IF($H33="",FALSE,AND(INDIRECT("OrganizationAccessCasePolicy!H"&$H33),NOT(ISNA(MATCH(INDIRECT("OrganizationAccessCasePolicy!D"&$H33)&"|"&$V33,CaseTypeSetMember!$H:$H,0)))))} -> FALSE | K33: {=IF($H33="",FALSE,AND(INDIRECT("OrganizationAccessCasePolicy!I"&$H33),NOT(ISNA(MATCH(INDIRECT("OrganizationAccessCasePolicy!D"&$H33)&"|"&$V33,CaseTypeSetMember!$H:$H,0)))))} -> FALSE | L33: =IF(ISNA(MATCH($C33&"|"&$R33,UserAccessCasePolicy!$W:$W,0)),"",MATCH($C33&"|"&$R33,UserAccessCasePolicy!$W:$W,0)) | M33: {=IF($L33="",FALSE,NOT(ISNA(MATCH(INDIRECT("UserAccessCasePolicy!D"&$L33)&"|"&$V33,CaseTypeSetMember!$H:$H,0))))} -> FALSE | N33: {=IF($L33="",FALSE,AND(INDIRECT("UserAccessCasePolicy!G"&$L33),NOT(ISNA(MATCH(INDIRECT("UserAccessCasePolicy!D"&$L33)&"|"&$V33,CaseTypeSetMember!$H:$H,0)))))} -> FALSE | O33: {=IF($L33="",FALSE,AND(INDIRECT("UserAccessCasePolicy!H"&$L33),NOT(ISNA(MATCH(INDIRECT("UserAccessCasePolicy!D"&$L33)&"|"&$V33,CaseTypeSetMember!$H:$H,0)))))} -> FALSE | P33: 0195d18c-1ca6-fd99-9d76-fcfa0c0cf400 | Q33: =INDEX(CaseType!$B:$B,MATCH($P33,CaseType!$A:$A,0)) -> case_type1 | R33: 0195d18c-1ca2-a23d-1f64-00271f63199c | S33: =INDEX(DataCollection!$B:$B,MATCH($R33,DataCollection!$A:$A,0)) -> data_collection1 | T33: FALSE | U33: 0198ef6d-8543-d4c1-b8e7-b6f93524b895 | V33: =INDEX(_CaseData!$B:$B,MATCH($U33,_CaseData!$A:$A,0)) -> 0195d18c-1ca6-fd99-9d76-fcfa0c0cf400 | W33: 0195d18c-1ca2-a23d-1f64-00271f63199c | X33: =$V33=$P33 -> TRUE | Y33: =$W33=$R33 -> TRUE

Sheet UploadCasesCommand
A1: index | B1: dm.is_active | C1: id | D1: user.id | E1: user.name | F1: operation | G1: is_allowed | H1: dm.organization.id | I1: dm.user.roles.is_ge_app_admin | J1: dm.organization_access_case_policy.row | K1: dm.organization_access_case_policy.case_type_set.contains_case_type | L1: dm.organization_access_case_policy.add_case | M1: dm.organization_access_case_policy.remove_case | N1: dm.user_access_case_policy.row | O1: dm.user_access_case_policy.case_type_set.contains_case_type | P1: dm.user_access_case_policy.add_case | Q1: dm.user_access_case_policy.remove_case | R1: case.id | S1: case.code | T1: case.case_type_id | U1: dm.case.case_type.code | V1: dm.case.case_type.cols_match | W1: case.subject_id | X1: case.created_in_data_collection_id | Y1: dm.case.created_in_data_collection.name | Z1: seqdb.sample_id_case_type_col_id | AA1: dm.seqdb.sample_id_case_type_col.code | AB1: seqdb.identifier_issuer_id | AC1: dm.seqdb.identifier_issuer.code | AD1: seqdb.sequencing_protocol_id | AE1: dm.seqdb.sequencing_protocol.code | AF1: seqdb.assembly_protocol_id | AG1: dm.seqdb.assembly_protocol.code | AH1: case.count | AI1: case.case_date | AJ1: case.content.case_type_col_id1 | AK1: case.content.case_type_col_value1 | AL1: dm.case.content.case_type_col_code1 | AM1: dm.organization_access_case_policy.read_case_type_col_set.contains_col1 | AN1: dm.organization_access_case_policy.write_case_type_col_set.contains_col1 | AO1: dm.user_access_case_policy.read_case_type_col_set.contains_col1 | AP1: dm.user_access_case_policy.write_case_type_col_set.contains_col1 | AQ1: case.content.case_type_col_id2 | AR1: case.content.case_type_col_value2 | AS1: dm.case.content.case_type_col_code2 | AT1: dm.organization_access_case_policy.read_case_type_col_set.contains_col2 | AU1: dm.organization_access_case_policy.write_case_type_col_set.contains_col2 | AV1: dm.user_access_case_policy.read_case_type_col_set.contains_col2 | AW1: dm.user_access_case_policy.write_case_type_col_set.contains_col2 | AX1: case.content.case_type_col_id3 | AY1: case.content.case_type_col_value3 | AZ1: dm.case.content.case_type_col_code3 | BA1: dm.organization_access_case_policy.read_case_type_col_set.contains_col3 | BB1: dm.organization_access_case_policy.write_case_type_col_set.contains_col3 | BC1: dm.user_access_case_policy.read_case_type_col_set.contains_col3 | BD1: dm.user_access_case_policy.write_case_type_col_set.contains_col3
A2: 1 | B2: FALSE | C2: 0198221b-5adb-2bd2-27ee-f32693770240 | D2: 019542cc-8225-8f5d-fa30-d9c3f2629703 | E2: =INDEX(User!$D:$D,MATCH($D2,User!$A:$A,0)) -> root1_1 | F2: CREATE | G2: =IF($F2="CREATE",$I2,IF($F2="CREATE_CASES",OR($I2,AND($K2,$L2,$O2,$P2,$AN2,AP2,$AU2,$AW2,$BB2,$BD2)),"TBD")) -> TRUE | H2: =INDEX(User!$G:$G,MATCH($D2,User!$A:$A,0)) -> 018d074d-ea0c-e942-07db-a3cc0ba1d653 | I2: =INDEX(User!$M:$M,MATCH($D2,User!$A:$A,0)) -> TRUE | J2: =IF(ISNA(MATCH($H2&"|"&$X2,OrganizationAccessCasePolicy!$V:$V,0)),"",MATCH($H2&"|"&$X2,OrganizationAccessCasePolicy!$V:$V,0)) -> 2 | K2: {=IF($J2="",FALSE,NOT(ISNA(MATCH(INDIRECT("OrganizationAccessCasePolicy!D"&$J2)&"|"&$T2,CaseTypeSetMember!$H:$H,0))))} -> TRUE | L2: {=IF($J2="",FALSE,AND(INDIRECT("OrganizationAccessCasePolicy!H"&$J2),NOT(ISNA(MATCH(INDIRECT("OrganizationAccessCasePolicy!D"&$J2)&"|"&$T2,CaseTypeSetMember!$H:$H,0)))))} -> TRUE | M2: {=IF($J2="",FALSE,AND(INDIRECT("OrganizationAccessCasePolicy!I"&$J2),NOT(ISNA(MATCH(INDIRECT("OrganizationAccessCasePolicy!D"&$J2)&"|"&$T2,CaseTypeSetMember!$H:$H,0)))))} -> TRUE | N2: =IF(ISNA(MATCH($D2&"|"&$X2,UserAccessCasePolicy!$W:$W,0)),"",MATCH($D2&"|"&$X2,UserAccessCasePolicy!$W:$W,0)) | O2: {=IF($N2="",FALSE,NOT(ISNA(MATCH(INDIRECT("UserAccessCasePolicy!D"&$N2)&"|"&$T2,CaseTypeSetMember!$H:$H,0))))} -> FALSE | P2: {=IF($N2="",FALSE,AND(INDIRECT("UserAccessCasePolicy!G"&$N2),NOT(ISNA(MATCH(INDIRECT("UserAccessCasePolicy!D"&$N2)&"|"&$T2,CaseTypeSetMember!$H:$H,0)))))} -> FALSE | Q2: {=IF($N2="",FALSE,AND(INDIRECT("UserAccessCasePolicy!H"&$N2),NOT(ISNA(MATCH(INDIRECT("UserAccessCasePolicy!D"&$N2)&"|"&$T2,CaseTypeSetMember!$H:$H,0)))))} -> FALSE | R2: 0198221b-5adb-2c9d-bed2-3ec38384a0ef | S2: ="case"&MATCH($R2,$R$1:$R2,0)-1 -> case1 | T2: 0195d18c-1ca6-fd99-9d76-fcfa0c0cf400 | U2: =INDEX(CaseType!$B:$B,MATCH($T2,CaseType!$A:$A,0)) -> case_type1 | V2: =AND(IF($AJ2="",TRUE,$T2=INDEX(CaseTypeCol!$B:$B,MATCH($AJ2,CaseTypeCol!$A:$A,0))),IF($AQ2="",TRUE,$T2=INDEX(CaseTypeCol!$B:$B,MATCH($AQ2,CaseTypeCol!$A:$A,0))),IF($AX2="",TRUE,$T2=INDEX(CaseTypeCol!$B:$B,MATCH($AX2,CaseTypeCol!$A:$A,0)))) -> TRUE | X2: 0195d18c-1ca2-a23d-1f64-00271f63199c | Y2: =INDEX(DataCollection!$B:$B,MATCH($X2,DataCollection!$A:$A,0)) -> data_collection1 | AA2: =IF($Z2="","",INDEX(CaseTypeCol!$J:$J,MATCH($Z2,CaseTypeCol!$A:$A,0))) | AC2: =IF($AB2="","",INDEX(IdentifierIssuer!$B:$B,MATCH($AB2,IdentifierIssuer!$A:$A,0))) | AE2: =IF($AD2="","",INDEX(SequencingProtocol!$B:$B,MATCH($AD2,SequencingProtocol!$A:$A,0))) | AG2: =IF($AF2="","",INDEX(AssemblyProtocol!$B:$B,MATCH($AF2,AssemblyProtocol!$A:$A,0))) | AI2: 36526 | AJ2: 0198ef6d-8543-f372-ce25-38616e4c214d | AK2: a | AL2: =IF($AJ2="","",INDEX(CaseTypeCol!$J:$J,MATCH($AJ2,CaseTypeCol!$A:$A,0))) -> case_type_col1_7_0_1_TEXT | AM2: {=IF($AJ2="",TRUE,IF($J2="",FALSE,IF(INDIRECT("OrganizationAccessCasePolicy!J"&$J2)="",FALSE,NOT(ISNA(MATCH(INDIRECT("OrganizationAccessCasePolicy!J"&$J2)&"|"&$AJ2,CaseTypeColSetMember!$H:$H,0))))))} -> TRUE | AN2: {=IF($AJ2="",TRUE,IF($J2="",FALSE,IF(INDIRECT("OrganizationAccessCasePolicy!L"&$J2)="",FALSE,NOT(ISNA(MATCH(INDIRECT("OrganizationAccessCasePolicy!L"&$J2)&"|"&$AJ2,CaseTypeColSetMember!$H:$H,0))))))} -> TRUE | AO2: {=IF($AJ2="",TRUE,IF($N2="",FALSE,IF(INDIRECT("UserAccessCasePolicy!I"&$N2)="",FALSE,NOT(ISNA(MATCH(INDIRECT("UserAccessCasePolicy!I"&$N2)&"|"&$AJ2,CaseTypeColSetMember!$H:$H,0))))))} -> FALSE | AP2: {=IF($AJ2="",TRUE,IF($N2="",FALSE,IF(INDIRECT("UserAccessCasePolicy!K"&$N2)="",FALSE,NOT(ISNA(MATCH(INDIRECT("UserAccessCasePolicy!K"&$N2)&"|"&$AJ2,CaseTypeColSetMember!$H:$H,0))))))} -> FALSE | AS2: =IF($AQ2="","",INDEX(CaseTypeCol!$J:$J,MATCH($AQ2,CaseTypeCol!$A:$A,0))) | AT2: {=IF($AQ2="",TRUE,IF($J2="",FALSE,IF(INDIRECT("OrganizationAccessCasePolicy!J"&$J2)="",FALSE,NOT(ISNA(MATCH(INDIRECT("OrganizationAccessCasePolicy!J"&$J2)&"|"&$AQ2,CaseTypeColSetMember!$H:$H,0))))))} -> TRUE | AU2: {=IF($AQ2="",TRUE,IF($J2="",FALSE,IF(INDIRECT("OrganizationAccessCasePolicy!L"&$J2)="",FALSE,NOT(ISNA(MATCH(INDIRECT("OrganizationAccessCasePolicy!L"&$J2)&"|"&$AQ2,CaseTypeColSetMember!$H:$H,0))))))} -> TRUE | AV2: {=IF($AQ2="",TRUE,IF($N2="",FALSE,IF(INDIRECT("UserAccessCasePolicy!I"&$N2)="",FALSE,NOT(ISNA(MATCH(INDIRECT("UserAccessCasePolicy!I"&$N2)&"|"&$AQ2,CaseTypeColSetMember!$H:$H,0))))))} -> TRUE | AW2: {=IF($AQ2="",TRUE,IF($N2="",FALSE,IF(INDIRECT("UserAccessCasePolicy!K"&$N2)="",FALSE,NOT(ISNA(MATCH(INDIRECT("UserAccessCasePolicy!K"&$N2)&"|"&$AQ2,CaseTypeColSetMember!$H:$H,0))))))} -> TRUE | AZ2: =IF($AX2="","",INDEX(CaseTypeCol!$J:$J,MATCH($AX2,CaseTypeCol!$A:$A,0))) | BA2: {=IF($AX2="",TRUE,IF($J2="",FALSE,IF(INDIRECT("OrganizationAccessCasePolicy!J"&$J2)="",FALSE,NOT(ISNA(MATCH(INDIRECT("OrganizationAccessCasePolicy!J"&$J2)&"|"&$AX2,CaseTypeColSetMember!$H:$H,0))))))} -> TRUE | BB2: {=IF($AX2="",TRUE,IF($J2="",FALSE,IF(INDIRECT("OrganizationAccessCasePolicy!L"&$J2)="",FALSE,NOT(ISNA(MATCH(INDIRECT("OrganizationAccessCasePolicy!L"&$J2)&"|"&$AX2,CaseTypeColSetMember!$H:$H,0))))))} -> TRUE | BC2: {=IF($AX2="",TRUE,IF($N2="",FALSE,IF(INDIRECT("UserAccessCasePolicy!I"&$N2)="",FALSE,NOT(ISNA(MATCH(INDIRECT("UserAccessCasePolicy!I"&$N2)&"|"&$AX2,CaseTypeColSetMember!$H:$H,0))))))} -> TRUE | BD2: {=IF($AX2="",TRUE,IF($N2="",FALSE,IF(INDIRECT("UserAccessCasePolicy!K"&$N2)="",FALSE,NOT(ISNA(MATCH(INDIRECT("UserAccessCasePolicy!K"&$N2)&"|"&$AX2,CaseTypeColSetMember!$H:$H,0))))))} -> TRUE
A3: 2 | B3: FALSE | C3: 0198221b-5adb-8c9b-d440-6f661d5bac2d | D3: 0195d18c-1c92-110e-81c1-75ba0fec4494 | E3: =INDEX(User!$D:$D,MATCH($D3,User!$A:$A,0)) -> app_admin1_1 | F3: CREATE | G3: =IF($F3="CREATE",$I3,IF($F3="CREATE_CASES",OR($I3,AND($K3,$L3,$O3,$P3,$AN3,AP3,$AU3,$AW3,$BB3,$BD3)),"TBD")) -> TRUE | H3: =INDEX(User!$G:$G,MATCH($D3,User!$A:$A,0)) -> 018d074d-ea0c-e942-07db-a3cc0ba1d653 | I3: =INDEX(User!$M:$M,MATCH($D3,User!$A:$A,0)) -> TRUE | J3: =IF(ISNA(MATCH($H3&"|"&$X3,OrganizationAccessCasePolicy!$V:$V,0)),"",MATCH($H3&"|"&$X3,OrganizationAccessCasePolicy!$V:$V,0)) -> 2 | K3: {=IF($J3="",FALSE,NOT(ISNA(MATCH(INDIRECT("OrganizationAccessCasePolicy!D"&$J3)&"|"&$T3,CaseTypeSetMember!$H:$H,0))))} -> TRUE | L3: {=IF($J3="",FALSE,AND(INDIRECT("OrganizationAccessCasePolicy!H"&$J3),NOT(ISNA(MATCH(INDIRECT("OrganizationAccessCasePolicy!D"&$J3)&"|"&$T3,CaseTypeSetMember!$H:$H,0)))))} -> TRUE | M3: {=IF($J3="",FALSE,AND(INDIRECT("OrganizationAccessCasePolicy!I"&$J3),NOT(ISNA(MATCH(INDIRECT("OrganizationAccessCasePolicy!D"&$J3)&"|"&$T3,CaseTypeSetMember!$H:$H,0)))))} -> TRUE | N3: =IF(ISNA(MATCH($D3&"|"&$X3,UserAccessCasePolicy!$W:$W,0)),"",MATCH($D3&"|"&$X3,UserAccessCasePolicy!$W:$W,0)) | O3: {=IF($N3="",FALSE,NOT(ISNA(MATCH(INDIRECT("UserAccessCasePolicy!D"&$N3)&"|"&$T3,CaseTypeSetMember!$H:$H,0))))} -> FALSE | P3: {=IF($N3="",FALSE,AND(INDIRECT("UserAccessCasePolicy!G"&$N3),NOT(ISNA(MATCH(INDIRECT("UserAccessCasePolicy!D"&$N3)&"|"&$T3,CaseTypeSetMember!$H:$H,0)))))} -> FALSE | Q3: {=IF($N3="",FALSE,AND(INDIRECT("UserAccessCasePolicy!H"&$N3),NOT(ISNA(MATCH(INDIRECT("UserAccessCasePolicy!D"&$N3)&"|"&$T3,CaseTypeSetMember!$H:$H,0)))))} -> FALSE | R3: 0198221b-5adb-867c-dfe6-fb216e643760 | S3: ="case"&MATCH($R3,$R$1:$R3,0)-1 -> case2 | T3: 0195d18c-1ca6-fd99-9d76-fcfa0c0cf400 | U3: =INDEX(CaseType!$B:$B,MATCH($T3,CaseType!$A:$A,0)) -> case_type1 | V3: =AND(IF($AJ3="",TRUE,$T3=INDEX(CaseTypeCol!$B:$B,MATCH($AJ3,CaseTypeCol!$A:$A,0))),IF($AQ3="",TRUE,$T3=INDEX(CaseTypeCol!$B:$B,MATCH($AQ3,CaseTypeCol!$A:$A,0))),IF($AX3="",TRUE,$T3=INDEX(CaseTypeCol!$B:$B,MATCH($AX3,CaseTypeCol!$A:$A,0)))) -> TRUE | X3: 0195d18c-1ca2-a23d-1f64-00271f63199c | Y3: =INDEX(DataCollection!$B:$B,MATCH($X3,DataCollection!$A:$A,0)) -> data_collection1 | AA3: =IF($Z3="","",INDEX(CaseTypeCol!$J:$J,MATCH($Z3,CaseTypeCol!$A:$A,0))) | AC3: =IF($AB3="","",INDEX(IdentifierIssuer!$B:$B,MATCH($AB3,IdentifierIssuer!$A:$A,0))) | AE3: =IF($AD3="","",INDEX(SequencingProtocol!$B:$B,MATCH($AD3,SequencingProtocol!$A:$A,0))) | AG3: =IF($AF3="","",INDEX(AssemblyProtocol!$B:$B,MATCH($AF3,AssemblyProtocol!$A:$A,0))) | AI3: 36526 | AJ3: 0198ef6d-8543-f372-ce25-38616e4c214d | AK3: a | AL3: =IF($AJ3="","",INDEX(CaseTypeCol!$J:$J,MATCH($AJ3,CaseTypeCol!$A:$A,0))) -> case_type_col1_7_0_1_TEXT | AM3: {=IF($AJ3="",TRUE,IF($J3="",FALSE,IF(INDIRECT("OrganizationAccessCasePolicy!J"&$J3)="",FALSE,NOT(ISNA(MATCH(INDIRECT("OrganizationAccessCasePolicy!J"&$J3)&"|"&$AJ3,CaseTypeColSetMember!$H:$H,0))))))} -> TRUE | AN3: {=IF($AJ3="",TRUE,IF($J3="",FALSE,IF(INDIRECT("OrganizationAccessCasePolicy!L"&$J3)="",FALSE,NOT(ISNA(MATCH(INDIRECT("OrganizationAccessCasePolicy!L"&$J3)&"|"&$AJ3,CaseTypeColSetMember!$H:$H,0))))))} -> TRUE | AO3: {=IF($AJ3="",TRUE,IF($N3="",FALSE,IF(INDIRECT("UserAccessCasePolicy!I"&$N3)="",FALSE,NOT(ISNA(MATCH(INDIRECT("UserAccessCasePolicy!I"&$N3)&"|"&$AJ3,CaseTypeColSetMember!$H:$H,0))))))} -> FALSE | AP3: {=IF($AJ3="",TRUE,IF($N3="",FALSE,IF(INDIRECT("UserAccessCasePolicy!K"&$N3)="",FALSE,NOT(ISNA(MATCH(INDIRECT("UserAccessCasePolicy!K"&$N3)&"|"&$AJ3,CaseTypeColSetMember!$H:$H,0))))))} -> FALSE | AS3: =IF($AQ3="","",INDEX(CaseTypeCol!$J:$J,MATCH($AQ3,CaseTypeCol!$A:$A,0))) | AT3: {=IF($AQ3="",TRUE,IF($J3="",FALSE,IF(INDIRECT("OrganizationAccessCasePolicy!J"&$J3)="",FALSE,NOT(ISNA(MATCH(INDIRECT("OrganizationAccessCasePolicy!J"&$J3)&"|"&$AQ3,CaseTypeColSetMember!$H:$H,0))))))} -> TRUE | AU3: {=IF($AQ3="",TRUE,IF($J3="",FALSE,IF(INDIRECT("OrganizationAccessCasePolicy!L"&$J3)="",FALSE,NOT(ISNA(MATCH(INDIRECT("OrganizationAccessCasePolicy!L"&$J3)&"|"&$AQ3,CaseTypeColSetMember!$H:$H,0))))))} -> TRUE | AV3: {=IF($AQ3="",TRUE,IF($N3="",FALSE,IF(INDIRECT("UserAccessCasePolicy!I"&$N3)="",FALSE,NOT(ISNA(MATCH(INDIRECT("UserAccessCasePolicy!I"&$N3)&"|"&$AQ3,CaseTypeColSetMember!$H:$H,0))))))} -> TRUE | AW3: {=IF($AQ3="",TRUE,IF($N3="",FALSE,IF(INDIRECT("UserAccessCasePolicy!K"&$N3)="",FALSE,NOT(ISNA(MATCH(INDIRECT("UserAccessCasePolicy!K"&$N3)&"|"&$AQ3,CaseTypeColSetMember!$H:$H,0))))))} -> TRUE | AZ3: =IF($AX3="","",INDEX(CaseTypeCol!$J:$J,MATCH($AX3,CaseTypeCol!$A:$A,0))) | BA3: {=IF($AX3="",TRUE,IF($J3="",FALSE,IF(INDIRECT("OrganizationAccessCasePolicy!J"&$J3)="",FALSE,NOT(ISNA(MATCH(INDIRECT("OrganizationAccessCasePolicy!J"&$J3)&"|"&$AX3,CaseTypeColSetMember!$H:$H,0))))))} -> TRUE | BB3: {=IF($AX3="",TRUE,IF($J3="",FALSE,IF(INDIRECT("OrganizationAccessCasePolicy!L"&$J3)="",FALSE,NOT(ISNA(MATCH(INDIRECT("OrganizationAccessCasePolicy!L"&$J3)&"|"&$AX3,CaseTypeColSetMember!$H:$H,0))))))} -> TRUE | BC3: {=IF($AX3="",TRUE,IF($N3="",FALSE,IF(INDIRECT("UserAccessCasePolicy!I"&$N3)="",FALSE,NOT(ISNA(MATCH(INDIRECT("UserAccessCasePolicy!I"&$N3)&"|"&$AX3,CaseTypeColSetMember!$H:$H,0))))))} -> TRUE | BD3: {=IF($AX3="",TRUE,IF($N3="",FALSE,IF(INDIRECT("UserAccessCasePolicy!K"&$N3)="",FALSE,NOT(ISNA(MATCH(INDIRECT("UserAccessCasePolicy!K"&$N3)&"|"&$AX3,CaseTypeColSetMember!$H:$H,0))))))} -> TRUE
A4: 3 | B4: FALSE | C4: 0198221b-5adb-07fc-811a-cec040f6fed6 | D4: 0195d18c-1c93-bcbb-eea8-94332d77b172 | E4: =INDEX(User!$D:$D,MATCH($D4,User!$A:$A,0)) -> refdata_admin1_1 | F4: CREATE | G4: =IF($F4="CREATE",$I4,IF($F4="CREATE_CASES",OR($I4,AND($K4,$L4,$O4,$P4,$AN4,AP4,$AU4,$AW4,$BB4,$BD4)),"TBD")) -> FALSE | H4: =INDEX(User!$G:$G,MATCH($D4,User!$A:$A,0)) -> 018d074d-ea0c-e942-07db-a3cc0ba1d653 | I4: =INDEX(User!$M:$M,MATCH($D4,User!$A:$A,0)) -> FALSE | J4: =IF(ISNA(MATCH($H4&"|"&$X4,OrganizationAccessCasePolicy!$V:$V,0)),"",MATCH($H4&"|"&$X4,OrganizationAccessCasePolicy!$V:$V,0)) -> 2 | K4: {=IF($J4="",FALSE,NOT(ISNA(MATCH(INDIRECT("OrganizationAccessCasePolicy!D"&$J4)&"|"&$T4,CaseTypeSetMember!$H:$H,0))))} -> TRUE | L4: {=IF($J4="",FALSE,AND(INDIRECT("OrganizationAccessCasePolicy!H"&$J4),NOT(ISNA(MATCH(INDIRECT("OrganizationAccessCasePolicy!D"&$J4)&"|"&$T4,CaseTypeSetMember!$H:$H,0)))))} -> TRUE | M4: {=IF($J4="",FALSE,AND(INDIRECT("OrganizationAccessCasePolicy!I"&$J4),NOT(ISNA(MATCH(INDIRECT("OrganizationAccessCasePolicy!D"&$J4)&"|"&$T4,CaseTypeSetMember!$H:$H,0)))))} -> TRUE | N4: =IF(ISNA(MATCH($D4&"|"&$X4,UserAccessCasePolicy!$W:$W,0)),"",MATCH($D4&"|"&$X4,UserAccessCasePolicy!$W:$W,0)) | O4: {=IF($N4="",FALSE,NOT(ISNA(MATCH(INDIRECT("UserAccessCasePolicy!D"&$N4)&"|"&$T4,CaseTypeSetMember!$H:$H,0))))} -> FALSE | P4: {=IF($N4="",FALSE,AND(INDIRECT("UserAccessCasePolicy!G"&$N4),NOT(ISNA(MATCH(INDIRECT("UserAccessCasePolicy!D"&$N4)&"|"&$T4,CaseTypeSetMember!$H:$H,0)))))} -> FALSE | Q4: {=IF($N4="",FALSE,AND(INDIRECT("UserAccessCasePolicy!H"&$N4),NOT(ISNA(MATCH(INDIRECT("UserAccessCasePolicy!D"&$N4)&"|"&$T4,CaseTypeSetMember!$H:$H,0)))))} -> FALSE | R4: 0198221b-5adb-7040-eaf9-8365166dcc2d | S4: ="case"&MATCH($R4,$R$1:$R4,0)-1 -> case3 | T4: 0195d18c-1ca6-fd99-9d76-fcfa0c0cf400 | U4: =INDEX(CaseType!$B:$B,MATCH($T4,CaseType!$A:$A,0)) -> case_type1 | V4: =AND(IF($AJ4="",TRUE,$T4=INDEX(CaseTypeCol!$B:$B,MATCH($AJ4,CaseTypeCol!$A:$A,0))),IF($AQ4="",TRUE,$T4=INDEX(CaseTypeCol!$B:$B,MATCH($AQ4,CaseTypeCol!$A:$A,0))),IF($AX4="",TRUE,$T4=INDEX(CaseTypeCol!$B:$B,MATCH($AX4,CaseTypeCol!$A:$A,0)))) -> TRUE | X4: 0195d18c-1ca2-a23d-1f64-00271f63199c | Y4: =INDEX(DataCollection!$B:$B,MATCH($X4,DataCollection!$A:$A,0)) -> data_collection1 | AA4: =IF($Z4="","",INDEX(CaseTypeCol!$J:$J,MATCH($Z4,CaseTypeCol!$A:$A,0))) | AC4: =IF($AB4="","",INDEX(IdentifierIssuer!$B:$B,MATCH($AB4,IdentifierIssuer!$A:$A,0))) | AE4: =IF($AD4="","",INDEX(SequencingProtocol!$B:$B,MATCH($AD4,SequencingProtocol!$A:$A,0))) | AG4: =IF($AF4="","",INDEX(AssemblyProtocol!$B:$B,MATCH($AF4,AssemblyProtocol!$A:$A,0))) | AI4: 36526 | AJ4: 0198ef6d-8543-f372-ce25-38616e4c214d | AK4: a | AL4: =IF($AJ4="","",INDEX(CaseTypeCol!$J:$J,MATCH($AJ4,CaseTypeCol!$A:$A,0))) -> case_type_col1_7_0_1_TEXT | AM4: {=IF($AJ4="",TRUE,IF($J4="",FALSE,IF(INDIRECT("OrganizationAccessCasePolicy!J"&$J4)="",FALSE,NOT(ISNA(MATCH(INDIRECT("OrganizationAccessCasePolicy!J"&$J4)&"|"&$AJ4,CaseTypeColSetMember!$H:$H,0))))))} -> TRUE | AN4: {=IF($AJ4="",TRUE,IF($J4="",FALSE,IF(INDIRECT("OrganizationAccessCasePolicy!L"&$J4)="",FALSE,NOT(ISNA(MATCH(INDIRECT("OrganizationAccessCasePolicy!L"&$J4)&"|"&$AJ4,CaseTypeColSetMember!$H:$H,0))))))} -> TRUE | AO4: {=IF($AJ4="",TRUE,IF($N4="",FALSE,IF(INDIRECT("UserAccessCasePolicy!I"&$N4)="",FALSE,NOT(ISNA(MATCH(INDIRECT("UserAccessCasePolicy!I"&$N4)&"|"&$AJ4,CaseTypeColSetMember!$H:$H,0))))))} -> FALSE | AP4: {=IF($AJ4="",TRUE,IF($N4="",FALSE,IF(INDIRECT("UserAccessCasePolicy!K"&$N4)="",FALSE,NOT(ISNA(MATCH(INDIRECT("UserAccessCasePolicy!K"&$N4)&"|"&$AJ4,CaseTypeColSetMember!$H:$H,0))))))} -> FALSE | AS4: =IF($AQ4="","",INDEX(CaseTypeCol!$J:$J,MATCH($AQ4,CaseTypeCol!$A:$A,0))) | AT4: {=IF($AQ4="",TRUE,IF($J4="",FALSE,IF(INDIRECT("OrganizationAccessCasePolicy!J"&$J4)="",FALSE,NOT(ISNA(MATCH(INDIRECT("OrganizationAccessCasePolicy!J"&$J4)&"|"&$AQ4,CaseTypeColSetMember!$H:$H,0))))))} -> TRUE | AU4: {=IF($AQ4="",TRUE,IF($J4="",FALSE,IF(INDIRECT("OrganizationAccessCasePolicy!L"&$J4)="",FALSE,NOT(ISNA(MATCH(INDIRECT("OrganizationAccessCasePolicy!L"&$J4)&"|"&$AQ4,CaseTypeColSetMember!$H:$H,0))))))} -> TRUE | AV4: {=IF($AQ4="",TRUE,IF($N4="",FALSE,IF(INDIRECT("UserAccessCasePolicy!I"&$N4)="",FALSE,NOT(ISNA(MATCH(INDIRECT("UserAccessCasePolicy!I"&$N4)&"|"&$AQ4,CaseTypeColSetMember!$H:$H,0))))))} -> TRUE | AW4: {=IF($AQ4="",TRUE,IF($N4="",FALSE,IF(INDIRECT("UserAccessCasePolicy!K"&$N4)="",FALSE,NOT(ISNA(MATCH(INDIRECT("UserAccessCasePolicy!K"&$N4)&"|"&$AQ4,CaseTypeColSetMember!$H:$H,0))))))} -> TRUE | AZ4: =IF($AX4="","",INDEX(CaseTypeCol!$J:$J,MATCH($AX4,CaseTypeCol!$A:$A,0))) | BA4: {=IF($AX4="",TRUE,IF($J4="",FALSE,IF(INDIRECT("OrganizationAccessCasePolicy!J"&$J4)="",FALSE,NOT(ISNA(MATCH(INDIRECT("OrganizationAccessCasePolicy!J"&$J4)&"|"&$AX4,CaseTypeColSetMember!$H:$H,0))))))} -> TRUE | BB4: {=IF($AX4="",TRUE,IF($J4="",FALSE,IF(INDIRECT("OrganizationAccessCasePolicy!L"&$J4)="",FALSE,NOT(ISNA(MATCH(INDIRECT("OrganizationAccessCasePolicy!L"&$J4)&"|"&$AX4,CaseTypeColSetMember!$H:$H,0))))))} -> TRUE | BC4: {=IF($AX4="",TRUE,IF($N4="",FALSE,IF(INDIRECT("UserAccessCasePolicy!I"&$N4)="",FALSE,NOT(ISNA(MATCH(INDIRECT("UserAccessCasePolicy!I"&$N4)&"|"&$AX4,CaseTypeColSetMember!$H:$H,0))))))} -> TRUE | BD4: {=IF($AX4="",TRUE,IF($N4="",FALSE,IF(INDIRECT("UserAccessCasePolicy!K"&$N4)="",FALSE,NOT(ISNA(MATCH(INDIRECT("UserAccessCasePolicy!K"&$N4)&"|"&$AX4,CaseTypeColSetMember!$H:$H,0))))))} -> TRUE
A5: 4 | B5: FALSE | C5: 0198221b-5adb-d596-0352-8ae2fe336894 | D5: 0195d18c-1c93-1f4b-8c40-19223d6c7a8c | E5: =INDEX(User!$D:$D,MATCH($D5,User!$A:$A,0)) -> org_admin1_1 | F5: CREATE | G5: =IF($F5="CREATE",$I5,IF($F5="CREATE_CASES",OR($I5,AND($K5,$L5,$O5,$P5,$AN5,AP5,$AU5,$AW5,$BB5,$BD5)),"TBD")) -> FALSE | H5: =INDEX(User!$G:$G,MATCH($D5,User!$A:$A,0)) -> 018d074d-ea0c-e942-07db-a3cc0ba1d653 | I5: =INDEX(User!$M:$M,MATCH($D5,User!$A:$A,0)) -> FALSE | J5: =IF(ISNA(MATCH($H5&"|"&$X5,OrganizationAccessCasePolicy!$V:$V,0)),"",MATCH($H5&"|"&$X5,OrganizationAccessCasePolicy!$V:$V,0)) -> 2 | K5: {=IF($J5="",FALSE,NOT(ISNA(MATCH(INDIRECT("OrganizationAccessCasePolicy!D"&$J5)&"|"&$T5,CaseTypeSetMember!$H:$H,0))))} -> TRUE | L5: {=IF($J5="",FALSE,AND(INDIRECT("OrganizationAccessCasePolicy!H"&$J5),NOT(ISNA(MATCH(INDIRECT("OrganizationAccessCasePolicy!D"&$J5)&"|"&$T5,CaseTypeSetMember!$H:$H,0)))))} -> TRUE | M5: {=IF($J5="",FALSE,AND(INDIRECT("OrganizationAccessCasePolicy!I"&$J5),NOT(ISNA(MATCH(INDIRECT("OrganizationAccessCasePolicy!D"&$J5)&"|"&$T5,CaseTypeSetMember!$H:$H,0)))))} -> TRUE | N5: =IF(ISNA(MATCH($D5&"|"&$X5,UserAccessCasePolicy!$W:$W,0)),"",MATCH($D5&"|"&$X5,UserAccessCasePolicy!$W:$W,0)) | O5: {=IF($N5="",FALSE,NOT(ISNA(MATCH(INDIRECT("UserAccessCasePolicy!D"&$N5)&"|"&$T5,CaseTypeSetMember!$H:$H,0))))} -> FALSE | P5: {=IF($N5="",FALSE,AND(INDIRECT("UserAccessCasePolicy!G"&$N5),NOT(ISNA(MATCH(INDIRECT("UserAccessCasePolicy!D"&$N5)&"|"&$T5,CaseTypeSetMember!$H:$H,0)))))} -> FALSE | Q5: {=IF($N5="",FALSE,AND(INDIRECT("UserAccessCasePolicy!H"&$N5),NOT(ISNA(MATCH(INDIRECT("UserAccessCasePolicy!D"&$N5)&"|"&$T5,CaseTypeSetMember!$H:$H,0)))))} -> FALSE | R5: 0198221b-5adb-f506-672a-860dee7d4d46 | S5: ="case"&MATCH($R5,$R$1:$R5,0)-1 -> case4 | T5: 0195d18c-1ca6-fd99-9d76-fcfa0c0cf400 | U5: =INDEX(CaseType!$B:$B,MATCH($T5,CaseType!$A:$A,0)) -> case_type1 | V5: =AND(IF($AJ5="",TRUE,$T5=INDEX(CaseTypeCol!$B:$B,MATCH($AJ5,CaseTypeCol!$A:$A,0))),IF($AQ5="",TRUE,$T5=INDEX(CaseTypeCol!$B:$B,MATCH($AQ5,CaseTypeCol!$A:$A,0))),IF($AX5="",TRUE,$T5=INDEX(CaseTypeCol!$B:$B,MATCH($AX5,CaseTypeCol!$A:$A,0)))) -> TRUE | X5: 0195d18c-1ca2-a23d-1f64-00271f63199c | Y5: =INDEX(DataCollection!$B:$B,MATCH($X5,DataCollection!$A:$A,0)) -> data_collection1 | AA5: =IF($Z5="","",INDEX(CaseTypeCol!$J:$J,MATCH($Z5,CaseTypeCol!$A:$A,0))) | AC5: =IF($AB5="","",INDEX(IdentifierIssuer!$B:$B,MATCH($AB5,IdentifierIssuer!$A:$A,0))) | AE5: =IF($AD5="","",INDEX(SequencingProtocol!$B:$B,MATCH($AD5,SequencingProtocol!$A:$A,0))) | AG5: =IF($AF5="","",INDEX(AssemblyProtocol!$B:$B,MATCH($AF5,AssemblyProtocol!$A:$A,0))) | AI5: 36526 | AJ5: 0198ef6d-8543-f372-ce25-38616e4c214d | AK5: a | AL5: =IF($AJ5="","",INDEX(CaseTypeCol!$J:$J,MATCH($AJ5,CaseTypeCol!$A:$A,0))) -> case_type_col1_7_0_1_TEXT | AM5: {=IF($AJ5="",TRUE,IF($J5="",FALSE,IF(INDIRECT("OrganizationAccessCasePolicy!J"&$J5)="",FALSE,NOT(ISNA(MATCH(INDIRECT("OrganizationAccessCasePolicy!J"&$J5)&"|"&$AJ5,CaseTypeColSetMember!$H:$H,0))))))} -> TRUE | AN5: {=IF($AJ5="",TRUE,IF($J5="",FALSE,IF(INDIRECT("OrganizationAccessCasePolicy!L"&$J5)="",FALSE,NOT(ISNA(MATCH(INDIRECT("OrganizationAccessCasePolicy!L"&$J5)&"|"&$AJ5,CaseTypeColSetMember!$H:$H,0))))))} -> TRUE | AO5: {=IF($AJ5="",TRUE,IF($N5="",FALSE,IF(INDIRECT("UserAccessCasePolicy!I"&$N5)="",FALSE,NOT(ISNA(MATCH(INDIRECT("UserAccessCasePolicy!I"&$N5)&"|"&$AJ5,CaseTypeColSetMember!$H:$H,0))))))} -> FALSE | AP5: {=IF($AJ5="",TRUE,IF($N5="",FALSE,IF(INDIRECT("UserAccessCasePolicy!K"&$N5)="",FALSE,NOT(ISNA(MATCH(INDIRECT("UserAccessCasePolicy!K"&$N5)&"|"&$AJ5,CaseTypeColSetMember!$H:$H,0))))))} -> FALSE | AS5: =IF($AQ5="","",INDEX(CaseTypeCol!$J:$J,MATCH($AQ5,CaseTypeCol!$A:$A,0))) | AT5: {=IF($AQ5="",TRUE,IF($J5="",FALSE,IF(INDIRECT("OrganizationAccessCasePolicy!J"&$J5)="",FALSE,NOT(ISNA(MATCH(INDIRECT("OrganizationAccessCasePolicy!J"&$J5)&"|"&$AQ5,CaseTypeColSetMember!$H:$H,0))))))} -> TRUE | AU5: {=IF($AQ5="",TRUE,IF($J5="",FALSE,IF(INDIRECT("OrganizationAccessCasePolicy!L"&$J5)="",FALSE,NOT(ISNA(MATCH(INDIRECT("OrganizationAccessCasePolicy!L"&$J5)&"|"&$AQ5,CaseTypeColSetMember!$H:$H,0))))))} -> TRUE | AV5: {=IF($AQ5="",TRUE,IF($N5="",FALSE,IF(INDIRECT("UserAccessCasePolicy!I"&$N5)="",FALSE,NOT(ISNA(MATCH(INDIRECT("UserAccessCasePolicy!I"&$N5)&"|"&$AQ5,CaseTypeColSetMember!$H:$H,0))))))} -> TRUE | AW5: {=IF($AQ5="",TRUE,IF($N5="",FALSE,IF(INDIRECT("UserAccessCasePolicy!K"&$N5)="",FALSE,NOT(ISNA(MATCH(INDIRECT("UserAccessCasePolicy!K"&$N5)&"|"&$AQ5,CaseTypeColSetMember!$H:$H,0))))))} -> TRUE | AZ5: =IF($AX5="","",INDEX(CaseTypeCol!$J:$J,MATCH($AX5,CaseTypeCol!$A:$A,0))) | BA5: {=IF($AX5="",TRUE,IF($J5="",FALSE,IF(INDIRECT("OrganizationAccessCasePolicy!J"&$J5)="",FALSE,NOT(ISNA(MATCH(INDIRECT("OrganizationAccessCasePolicy!J"&$J5)&"|"&$AX5,CaseTypeColSetMember!$H:$H,0))))))} -> TRUE | BB5: {=IF($AX5="",TRUE,IF($J5="",FALSE,IF(INDIRECT("OrganizationAccessCasePolicy!L"&$J5)="",FALSE,NOT(ISNA(MATCH(INDIRECT("OrganizationAccessCasePolicy!L"&$J5)&"|"&$AX5,CaseTypeColSetMember!$H:$H,0))))))} -> TRUE | BC5: {=IF($AX5="",TRUE,IF($N5="",FALSE,IF(INDIRECT("UserAccessCasePolicy!I"&$N5)="",FALSE,NOT(ISNA(MATCH(INDIRECT("UserAccessCasePolicy!I"&$N5)&"|"&$AX5,CaseTypeColSetMember!$H:$H,0))))))} -> TRUE | BD5: {=IF($AX5="",TRUE,IF($N5="",FALSE,IF(INDIRECT("UserAccessCasePolicy!K"&$N5)="",FALSE,NOT(ISNA(MATCH(INDIRECT("UserAccessCasePolicy!K"&$N5)&"|"&$AX5,CaseTypeColSetMember!$H:$H,0))))))} -> TRUE
A6: 5 | B6: FALSE | C6: 0198221b-5adb-068a-e2eb-3e3da27aaf5c | D6: 0195d18c-1c98-7e0b-0c91-8cafbdb2c852 | E6: =INDEX(User!$D:$D,MATCH($D6,User!$A:$A,0)) -> org_user1_1 | F6: CREATE | G6: =IF($F6="CREATE",$I6,IF($F6="CREATE_CASES",OR($I6,AND($K6,$L6,$O6,$P6,$AN6,AP6,$AU6,$AW6,$BB6,$BD6)),"TBD")) -> FALSE | H6: =INDEX(User!$G:$G,MATCH($D6,User!$A:$A,0)) -> 018d074d-ea0c-e942-07db-a3cc0ba1d653 | I6: =INDEX(User!$M:$M,MATCH($D6,User!$A:$A,0)) -> FALSE | J6: =IF(ISNA(MATCH($H6&"|"&$X6,OrganizationAccessCasePolicy!$V:$V,0)),"",MATCH($H6&"|"&$X6,OrganizationAccessCasePolicy!$V:$V,0)) -> 2 | K6: {=IF($J6="",FALSE,NOT(ISNA(MATCH(INDIRECT("OrganizationAccessCasePolicy!D"&$J6)&"|"&$T6,CaseTypeSetMember!$H:$H,0))))} -> TRUE | L6: {=IF($J6="",FALSE,AND(INDIRECT("OrganizationAccessCasePolicy!H"&$J6),NOT(ISNA(MATCH(INDIRECT("OrganizationAccessCasePolicy!D"&$J6)&"|"&$T6,CaseTypeSetMember!$H:$H,0)))))} -> TRUE | M6: {=IF($J6="",FALSE,AND(INDIRECT("OrganizationAccessCasePolicy!I"&$J6),NOT(ISNA(MATCH(INDIRECT("OrganizationAccessCasePolicy!D"&$J6)&"|"&$T6,CaseTypeSetMember!$H:$H,0)))))} -> TRUE | N6: =IF(ISNA(MATCH($D6&"|"&$X6,UserAccessCasePolicy!$W:$W,0)),"",MATCH($D6&"|"&$X6,UserAccessCasePolicy!$W:$W,0)) -> 2 | O6: {=IF($N6="",FALSE,NOT(ISNA(MATCH(INDIRECT("UserAccessCasePolicy!D"&$N6)&"|"&$T6,CaseTypeSetMember!$H:$H,0))))} -> TRUE | P6: {=IF($N6="",FALSE,AND(INDIRECT("UserAccessCasePolicy!G"&$N6),NOT(ISNA(MATCH(INDIRECT("UserAccessCasePolicy!D"&$N6)&"|"&$T6,CaseTypeSetMember!$H:$H,0)))))} -> TRUE | Q6: {=IF($N6="",FALSE,AND(INDIRECT("UserAccessCasePolicy!H"&$N6),NOT(ISNA(MATCH(INDIRECT("UserAccessCasePolicy!D"&$N6)&"|"&$T6,CaseTypeSetMember!$H:$H,0)))))} -> TRUE | R6: 0198221b-5adb-97fb-41db-bca5efc1bbb6 | S6: ="case"&MATCH($R6,$R$1:$R6,0)-1 -> case5 | T6: 0195d18c-1ca6-fd99-9d76-fcfa0c0cf400 | U6: =INDEX(CaseType!$B:$B,MATCH($T6,CaseType!$A:$A,0)) -> case_type1 | V6: =AND(IF($AJ6="",TRUE,$T6=INDEX(CaseTypeCol!$B:$B,MATCH($AJ6,CaseTypeCol!$A:$A,0))),IF($AQ6="",TRUE,$T6=INDEX(CaseTypeCol!$B:$B,MATCH($AQ6,CaseTypeCol!$A:$A,0))),IF($AX6="",TRUE,$T6=INDEX(CaseTypeCol!$B:$B,MATCH($AX6,CaseTypeCol!$A:$A,0)))) -> TRUE | X6: 0195d18c-1ca2-a23d-1f64-00271f63199c | Y6: =INDEX(DataCollection!$B:$B,MATCH($X6,DataCollection!$A:$A,0)) -> data_collection1 | AA6: =IF($Z6="","",INDEX(CaseTypeCol!$J:$J,MATCH($Z6,CaseTypeCol!$A:$A,0))) | AC6: =IF($AB6="","",INDEX(IdentifierIssuer!$B:$B,MATCH($AB6,IdentifierIssuer!$A:$A,0))) | AE6: =IF($AD6="","",INDEX(SequencingProtocol!$B:$B,MATCH($AD6,SequencingProtocol!$A:$A,0))) | AG6: =IF($AF6="","",INDEX(AssemblyProtocol!$B:$B,MATCH($AF6,AssemblyProtocol!$A:$A,0))) | AI6: 36526 | AJ6: 0198ef6d-8543-f372-ce25-38616e4c214d | AK6: a | AL6: =IF($AJ6="","",INDEX(CaseTypeCol!$J:$J,MATCH($AJ6,CaseTypeCol!$A:$A,0))) -> case_type_col1_7_0_1_TEXT | AM6: {=IF($AJ6="",TRUE,IF($J6="",FALSE,IF(INDIRECT("OrganizationAccessCasePolicy!J"&$J6)="",FALSE,NOT(ISNA(MATCH(INDIRECT("OrganizationAccessCasePolicy!J"&$J6)&"|"&$AJ6,CaseTypeColSetMember!$H:$H,0))))))} -> TRUE | AN6: {=IF($AJ6="",TRUE,IF($J6="",FALSE,IF(INDIRECT("OrganizationAccessCasePolicy!L"&$J6)="",FALSE,NOT(ISNA(MATCH(INDIRECT("OrganizationAccessCasePolicy!L"&$J6)&"|"&$AJ6,CaseTypeColSetMember!$H:$H,0))))))} -> TRUE | AO6: {=IF($AJ6="",TRUE,IF($N6="",FALSE,IF(INDIRECT("UserAccessCasePolicy!I"&$N6)="",FALSE,NOT(ISNA(MATCH(INDIRECT("UserAccessCasePolicy!I"&$N6)&"|"&$AJ6,CaseTypeColSetMember!$H:$H,0))))))} -> TRUE | AP6: {=IF($AJ6="",TRUE,IF($N6="",FALSE,IF(INDIRECT("UserAccessCasePolicy!K"&$N6)="",FALSE,NOT(ISNA(MATCH(INDIRECT("UserAccessCasePolicy!K"&$N6)&"|"&$AJ6,CaseTypeColSetMember!$H:$H,0))))))} -> TRUE | AS6: =IF($AQ6="","",INDEX(CaseTypeCol!$J:$J,MATCH($AQ6,CaseTypeCol!$A:$A,0))) | AT6: {=IF($AQ6="",TRUE,IF($J6="",FALSE,IF(INDIRECT("OrganizationAccessCasePolicy!J"&$J6)="",FALSE,NOT(ISNA(MATCH(INDIRECT("OrganizationAccessCasePolicy!J"&$J6)&"|"&$AQ6,CaseTypeColSetMember!$H:$H,0))))))} -> TRUE | AU6: {=IF($AQ6="",TRUE,IF($J6="",FALSE,IF(INDIRECT("OrganizationAccessCasePolicy!L"&$J6)="",FALSE,NOT(ISNA(MATCH(INDIRECT("OrganizationAccessCasePolicy!L"&$J6)&"|"&$AQ6,CaseTypeColSetMember!$H:$H,0))))))} -> TRUE | AV6: {=IF($AQ6="",TRUE,IF($N6="",FALSE,IF(INDIRECT("UserAccessCasePolicy!I"&$N6)="",FALSE,NOT(ISNA(MATCH(INDIRECT("UserAccessCasePolicy!I"&$N6)&"|"&$AQ6,CaseTypeColSetMember!$H:$H,0))))))} -> TRUE | AW6: {=IF($AQ6="",TRUE,IF($N6="",FALSE,IF(INDIRECT("UserAccessCasePolicy!K"&$N6)="",FALSE,NOT(ISNA(MATCH(INDIRECT("UserAccessCasePolicy!K"&$N6)&"|"&$AQ6,CaseTypeColSetMember!$H:$H,0))))))} -> TRUE | AZ6: =IF($AX6="","",INDEX(CaseTypeCol!$J:$J,MATCH($AX6,CaseTypeCol!$A:$A,0))) | BA6: {=IF($AX6="",TRUE,IF($J6="",FALSE,IF(INDIRECT("OrganizationAccessCasePolicy!J"&$J6)="",FALSE,NOT(ISNA(MATCH(INDIRECT("OrganizationAccessCasePolicy!J"&$J6)&"|"&$AX6,CaseTypeColSetMember!$H:$H,0))))))} -> TRUE | BB6: {=IF($AX6="",TRUE,IF($J6="",FALSE,IF(INDIRECT("OrganizationAccessCasePolicy!L"&$J6)="",FALSE,NOT(ISNA(MATCH(INDIRECT("OrganizationAccessCasePolicy!L"&$J6)&"|"&$AX6,CaseTypeColSetMember!$H:$H,0))))))} -> TRUE | BC6: {=IF($AX6="",TRUE,IF($N6="",FALSE,IF(INDIRECT("UserAccessCasePolicy!I"&$N6)="",FALSE,NOT(ISNA(MATCH(INDIRECT("UserAccessCasePolicy!I"&$N6)&"|"&$AX6,CaseTypeColSetMember!$H:$H,0))))))} -> TRUE | BD6: {=IF($AX6="",TRUE,IF($N6="",FALSE,IF(INDIRECT("UserAccessCasePolicy!K"&$N6)="",FALSE,NOT(ISNA(MATCH(INDIRECT("UserAccessCasePolicy!K"&$N6)&"|"&$AX6,CaseTypeColSetMember!$H:$H,0))))))} -> TRUE
A7: 6 | B7: FALSE | C7: 0198221b-5adb-ea6d-fc5c-e1198ac9e42f | D7: 019542cc-8225-8f5d-fa30-d9c3f2629703 | E7: =INDEX(User!$D:$D,MATCH($D7,User!$A:$A,0)) -> root1_1 | F7: CREATE_CASES | G7: =IF($F7="CREATE",$I7,IF($F7="CREATE_CASES",OR($I7,AND($K7,$L7,$O7,$P7,$AN7,AP7,$AU7,$AW7,$BB7,$BD7)),"TBD")) -> TRUE | H7: =INDEX(User!$G:$G,MATCH($D7,User!$A:$A,0)) -> 018d074d-ea0c-e942-07db-a3cc0ba1d653 | I7: =INDEX(User!$M:$M,MATCH($D7,User!$A:$A,0)) -> TRUE | J7: =IF(ISNA(MATCH($H7&"|"&$X7,OrganizationAccessCasePolicy!$V:$V,0)),"",MATCH($H7&"|"&$X7,OrganizationAccessCasePolicy!$V:$V,0)) -> 2 | K7: {=IF($J7="",FALSE,NOT(ISNA(MATCH(INDIRECT("OrganizationAccessCasePolicy!D"&$J7)&"|"&$T7,CaseTypeSetMember!$H:$H,0))))} -> TRUE | L7: {=IF($J7="",FALSE,AND(INDIRECT("OrganizationAccessCasePolicy!H"&$J7),NOT(ISNA(MATCH(INDIRECT("OrganizationAccessCasePolicy!D"&$J7)&"|"&$T7,CaseTypeSetMember!$H:$H,0)))))} -> TRUE | M7: {=IF($J7="",FALSE,AND(INDIRECT("OrganizationAccessCasePolicy!I"&$J7),NOT(ISNA(MATCH(INDIRECT("OrganizationAccessCasePolicy!D"&$J7)&"|"&$T7,CaseTypeSetMember!$H:$H,0)))))} -> TRUE | N7: =IF(ISNA(MATCH($D7&"|"&$X7,UserAccessCasePolicy!$W:$W,0)),"",MATCH($D7&"|"&$X7,UserAccessCasePolicy!$W:$W,0)) | O7: {=IF($N7="",FALSE,NOT(ISNA(MATCH(INDIRECT("UserAccessCasePolicy!D"&$N7)&"|"&$T7,CaseTypeSetMember!$H:$H,0))))} -> FALSE | P7: {=IF($N7="",FALSE,AND(INDIRECT("UserAccessCasePolicy!G"&$N7),NOT(ISNA(MATCH(INDIRECT("UserAccessCasePolicy!D"&$N7)&"|"&$T7,CaseTypeSetMember!$H:$H,0)))))} -> FALSE | Q7: {=IF($N7="",FALSE,AND(INDIRECT("UserAccessCasePolicy!H"&$N7),NOT(ISNA(MATCH(INDIRECT("UserAccessCasePolicy!D"&$N7)&"|"&$T7,CaseTypeSetMember!$H:$H,0)))))} -> FALSE | R7: 0198221b-5adb-ac88-8aac-4b199ae92773 | S7: ="case"&MATCH($R7,$R$1:$R7,0)-1 -> case6 | T7: 0195d18c-1ca6-fd99-9d76-fcfa0c0cf400 | U7: =INDEX(CaseType!$B:$B,MATCH($T7,CaseType!$A:$A,0)) -> case_type1 | V7: =AND(IF($AJ7="",TRUE,$T7=INDEX(CaseTypeCol!$B:$B,MATCH($AJ7,CaseTypeCol!$A:$A,0))),IF($AQ7="",TRUE,$T7=INDEX(CaseTypeCol!$B:$B,MATCH($AQ7,CaseTypeCol!$A:$A,0))),IF($AX7="",TRUE,$T7=INDEX(CaseTypeCol!$B:$B,MATCH($AX7,CaseTypeCol!$A:$A,0)))) -> TRUE | X7: 0195d18c-1ca2-a23d-1f64-00271f63199c | Y7: =INDEX(DataCollection!$B:$B,MATCH($X7,DataCollection!$A:$A,0)) -> data_collection1 | AA7: =IF($Z7="","",INDEX(CaseTypeCol!$J:$J,MATCH($Z7,CaseTypeCol!$A:$A,0))) | AC7: =IF($AB7="","",INDEX(IdentifierIssuer!$B:$B,MATCH($AB7,IdentifierIssuer!$A:$A,0))) | AE7: =IF($AD7="","",INDEX(SequencingProtocol!$B:$B,MATCH($AD7,SequencingProtocol!$A:$A,0))) | AG7: =IF($AF7="","",INDEX(AssemblyProtocol!$B:$B,MATCH($AF7,AssemblyProtocol!$A:$A,0))) | AI7: 36526 | AJ7: 0198ef6d-8543-f372-ce25-38616e4c214d | AK7: a | AL7: =IF($AJ7="","",INDEX(CaseTypeCol!$J:$J,MATCH($AJ7,CaseTypeCol!$A:$A,0))) -> case_type_col1_7_0_1_TEXT | AM7: {=IF($AJ7="",TRUE,IF($J7="",FALSE,IF(INDIRECT("OrganizationAccessCasePolicy!J"&$J7)="",FALSE,NOT(ISNA(MATCH(INDIRECT("OrganizationAccessCasePolicy!J"&$J7)&"|"&$AJ7,CaseTypeColSetMember!$H:$H,0))))))} -> TRUE | AN7: {=IF($AJ7="",TRUE,IF($J7="",FALSE,IF(INDIRECT("OrganizationAccessCasePolicy!L"&$J7)="",FALSE,NOT(ISNA(MATCH(INDIRECT("OrganizationAccessCasePolicy!L"&$J7)&"|"&$AJ7,CaseTypeColSetMember!$H:$H,0))))))} -> TRUE | AO7: {=IF($AJ7="",TRUE,IF($N7="",FALSE,IF(INDIRECT("UserAccessCasePolicy!I"&$N7)="",FALSE,NOT(ISNA(MATCH(INDIRECT("UserAccessCasePolicy!I"&$N7)&"|"&$AJ7,CaseTypeColSetMember!$H:$H,0))))))} -> FALSE | AP7: {=IF($AJ7="",TRUE,IF($N7="",FALSE,IF(INDIRECT("UserAccessCasePolicy!K"&$N7)="",FALSE,NOT(ISNA(MATCH(INDIRECT("UserAccessCasePolicy!K"&$N7)&"|"&$AJ7,CaseTypeColSetMember!$H:$H,0))))))} -> FALSE | AS7: =IF($AQ7="","",INDEX(CaseTypeCol!$J:$J,MATCH($AQ7,CaseTypeCol!$A:$A,0))) | AT7: {=IF($AQ7="",TRUE,IF($J7="",FALSE,IF(INDIRECT("OrganizationAccessCasePolicy!J"&$J7)="",FALSE,NOT(ISNA(MATCH(INDIRECT("OrganizationAccessCasePolicy!J"&$J7)&"|"&$AQ7,CaseTypeColSetMember!$H:$H,0))))))} -> TRUE | AU7: {=IF($AQ7="",TRUE,IF($J7="",FALSE,IF(INDIRECT("OrganizationAccessCasePolicy!L"&$J7)="",FALSE,NOT(ISNA(MATCH(INDIRECT("OrganizationAccessCasePolicy!L"&$J7)&"|"&$AQ7,CaseTypeColSetMember!$H:$H,0))))))} -> TRUE | AV7: {=IF($AQ7="",TRUE,IF($N7="",FALSE,IF(INDIRECT("UserAccessCasePolicy!I"&$N7)="",FALSE,NOT(ISNA(MATCH(INDIRECT("UserAccessCasePolicy!I"&$N7)&"|"&$AQ7,CaseTypeColSetMember!$H:$H,0))))))} -> TRUE | AW7: {=IF($AQ7="",TRUE,IF($N7="",FALSE,IF(INDIRECT("UserAccessCasePolicy!K"&$N7)="",FALSE,NOT(ISNA(MATCH(INDIRECT("UserAccessCasePolicy!K"&$N7)&"|"&$AQ7,CaseTypeColSetMember!$H:$H,0))))))} -> TRUE | AZ7: =IF($AX7="","",INDEX(CaseTypeCol!$J:$J,MATCH($AX7,CaseTypeCol!$A:$A,0))) | BA7: {=IF($AX7="",TRUE,IF($J7="",FALSE,IF(INDIRECT("OrganizationAccessCasePolicy!J"&$J7)="",FALSE,NOT(ISNA(MATCH(INDIRECT("OrganizationAccessCasePolicy!J"&$J7)&"|"&$AX7,CaseTypeColSetMember!$H:$H,0))))))} -> TRUE | BB7: {=IF($AX7="",TRUE,IF($J7="",FALSE,IF(INDIRECT("OrganizationAccessCasePolicy!L"&$J7)="",FALSE,NOT(ISNA(MATCH(INDIRECT("OrganizationAccessCasePolicy!L"&$J7)&"|"&$AX7,CaseTypeColSetMember!$H:$H,0))))))} -> TRUE | BC7: {=IF($AX7="",TRUE,IF($N7="",FALSE,IF(INDIRECT("UserAccessCasePolicy!I"&$N7)="",FALSE,NOT(ISNA(MATCH(INDIRECT("UserAccessCasePolicy!I"&$N7)&"|"&$AX7,CaseTypeColSetMember!$H:$H,0))))))} -> TRUE | BD7: {=IF($AX7="",TRUE,IF($N7="",FALSE,IF(INDIRECT("UserAccessCasePolicy!K"&$N7)="",FALSE,NOT(ISNA(MATCH(INDIRECT("UserAccessCasePolicy!K"&$N7)&"|"&$AX7,CaseTypeColSetMember!$H:$H,0))))))} -> TRUE
A8: 7 | B8: TRUE | C8: 0198221b-5adb-ea6d-fc5c-e1198ac9e42f | D8: 019542cc-8225-8f5d-fa30-d9c3f2629703 | E8: =INDEX(User!$D:$D,MATCH($D8,User!$A:$A,0)) -> root1_1 | F8: CREATE_CASES | G8: =IF($F8="CREATE",$I8,IF($F8="CREATE_CASES",OR($I8,AND($K8,$L8,$O8,$P8,$AN8,AP8,$AU8,$AW8,$BB8,$BD8)),"TBD")) -> TRUE | H8: =INDEX(User!$G:$G,MATCH($D8,User!$A:$A,0)) -> 018d074d-ea0c-e942-07db-a3cc0ba1d653 | I8: =INDEX(User!$M:$M,MATCH($D8,User!$A:$A,0)) -> TRUE | J8: =IF(ISNA(MATCH($H8&"|"&$X8,OrganizationAccessCasePolicy!$V:$V,0)),"",MATCH($H8&"|"&$X8,OrganizationAccessCasePolicy!$V:$V,0)) -> 2 | K8: {=IF($J8="",FALSE,NOT(ISNA(MATCH(INDIRECT("OrganizationAccessCasePolicy!D"&$J8)&"|"&$T8,CaseTypeSetMember!$H:$H,0))))} -> TRUE | L8: {=IF($J8="",FALSE,AND(INDIRECT("OrganizationAccessCasePolicy!H"&$J8),NOT(ISNA(MATCH(INDIRECT("OrganizationAccessCasePolicy!D"&$J8)&"|"&$T8,CaseTypeSetMember!$H:$H,0)))))} -> TRUE | M8: {=IF($J8="",FALSE,AND(INDIRECT("OrganizationAccessCasePolicy!I"&$J8),NOT(ISNA(MATCH(INDIRECT("OrganizationAccessCasePolicy!D"&$J8)&"|"&$T8,CaseTypeSetMember!$H:$H,0)))))} -> TRUE | N8: =IF(ISNA(MATCH($D8&"|"&$X8,UserAccessCasePolicy!$W:$W,0)),"",MATCH($D8&"|"&$X8,UserAccessCasePolicy!$W:$W,0)) | O8: {=IF($N8="",FALSE,NOT(ISNA(MATCH(INDIRECT("UserAccessCasePolicy!D"&$N8)&"|"&$T8,CaseTypeSetMember!$H:$H,0))))} -> FALSE | P8: {=IF($N8="",FALSE,AND(INDIRECT("UserAccessCasePolicy!G"&$N8),NOT(ISNA(MATCH(INDIRECT("UserAccessCasePolicy!D"&$N8)&"|"&$T8,CaseTypeSetMember!$H:$H,0)))))} -> FALSE | Q8: {=IF($N8="",FALSE,AND(INDIRECT("UserAccessCasePolicy!H"&$N8),NOT(ISNA(MATCH(INDIRECT("UserAccessCasePolicy!D"&$N8)&"|"&$T8,CaseTypeSetMember!$H:$H,0)))))} -> FALSE | R8: 0198221b-5adb-ac88-8aac-4b199ae92773 | S8: ="case"&MATCH($R8,$R$1:$R8,0)-1 -> case6 | T8: 0195d18c-1ca6-fd99-9d76-fcfa0c0cf400 | U8: =INDEX(CaseType!$B:$B,MATCH($T8,CaseType!$A:$A,0)) -> case_type1 | V8: =AND(IF($AJ8="",TRUE,$T8=INDEX(CaseTypeCol!$B:$B,MATCH($AJ8,CaseTypeCol!$A:$A,0))),IF($AQ8="",TRUE,$T8=INDEX(CaseTypeCol!$B:$B,MATCH($AQ8,CaseTypeCol!$A:$A,0))),IF($AX8="",TRUE,$T8=INDEX(CaseTypeCol!$B:$B,MATCH($AX8,CaseTypeCol!$A:$A,0)))) -> FALSE | X8: 0195d18c-1ca2-a23d-1f64-00271f63199c | Y8: =INDEX(DataCollection!$B:$B,MATCH($X8,DataCollection!$A:$A,0)) -> data_collection1 | Z8: 019a8753-bf2c-f3f7-6016-0c5560739934 | AA8: =IF($Z8="","",INDEX(CaseTypeCol!$J:$J,MATCH($Z8,CaseTypeCol!$A:$A,0))) -> case_type_col1_15_0_2_ID_SAMPLE | AB8: 019a8753-bf2c-e0f0-6c51-beac31d70c3e | AC8: =IF($AB8="","",INDEX(IdentifierIssuer!$B:$B,MATCH($AB8,IdentifierIssuer!$A:$A,0))) -> identifier_issuer1 | AD8: 019965ee-5255-cea3-9854-c471ed5cca1d | AE8: =IF($AD8="","",INDEX(SequencingProtocol!$B:$B,MATCH($AD8,SequencingProtocol!$A:$A,0))) -> ILLUMINA | AF8: 01960be3-1a1b-0d70-a2db-b98d0029104d | AG8: =IF($AF8="","",INDEX(AssemblyProtocol!$B:$B,MATCH($AF8,AssemblyProtocol!$A:$A,0))) -> UNK | AI8: 36526 | AJ8: 019a8753-bf2c-f3f7-6016-0c5560739934 | AK8: ="sample"&MATCH($R8,$R$1:$R8,0)-1 -> sample6 | AL8: =IF($AJ8="","",INDEX(CaseTypeCol!$J:$J,MATCH($AJ8,CaseTypeCol!$A:$A,0))) -> case_type_col1_15_0_2_ID_SAMPLE | AM8: {=IF($AJ8="",TRUE,IF($J8="",FALSE,IF(INDIRECT("OrganizationAccessCasePolicy!J"&$J8)="",FALSE,NOT(ISNA(MATCH(INDIRECT("OrganizationAccessCasePolicy!J"&$J8)&"|"&$AJ8,CaseTypeColSetMember!$H:$H,0))))))} -> FALSE | AN8: {=IF($AJ8="",TRUE,IF($J8="",FALSE,IF(INDIRECT("OrganizationAccessCasePolicy!L"&$J8)="",FALSE,NOT(ISNA(MATCH(INDIRECT("OrganizationAccessCasePolicy!L"&$J8)&"|"&$AJ8,CaseTypeColSetMember!$H:$H,0))))))} -> FALSE | AO8: {=IF($AJ8="",TRUE,IF($N8="",FALSE,IF(INDIRECT("UserAccessCasePolicy!I"&$N8)="",FALSE,NOT(ISNA(MATCH(INDIRECT("UserAccessCasePolicy!I"&$N8)&"|"&$AJ8,CaseTypeColSetMember!$H:$H,0))))))} -> FALSE | AP8: {=IF($AJ8="",TRUE,IF($N8="",FALSE,IF(INDIRECT("UserAccessCasePolicy!K"&$N8)="",FALSE,NOT(ISNA(MATCH(INDIRECT("UserAccessCasePolicy!K"&$N8)&"|"&$AJ8,CaseTypeColSetMember!$H:$H,0))))))} -> FALSE | AQ8: 019a8753-bf2c-ac0e-6094-b453f8a8f0bf | AR8: (FILE) | AS8: =IF($AQ8="","",INDEX(CaseTypeCol!$J:$J,MATCH($AQ8,CaseTypeCol!$A:$A,0))) -> case_type_col2_19_0_1_GENETIC_READS | AT8: {=IF($AQ8="",TRUE,IF($J8="",FALSE,IF(INDIRECT("OrganizationAccessCasePolicy!J"&$J8)="",FALSE,NOT(ISNA(MATCH(INDIRECT("OrganizationAccessCasePolicy!J"&$J8)&"|"&$AQ8,CaseTypeColSetMember!$H:$H,0))))))} -> TRUE | AU8: {=IF($AQ8="",TRUE,IF($J8="",FALSE,IF(INDIRECT("OrganizationAccessCasePolicy!L"&$J8)="",FALSE,NOT(ISNA(MATCH(INDIRECT("OrganizationAccessCasePolicy!L"&$J8)&"|"&$AQ8,CaseTypeColSetMember!$H:$H,0))))))} -> TRUE | AV8: {=IF($AQ8="",TRUE,IF($N8="",FALSE,IF(INDIRECT("UserAccessCasePolicy!I"&$N8)="",FALSE,NOT(ISNA(MATCH(INDIRECT("UserAccessCasePolicy!I"&$N8)&"|"&$AQ8,CaseTypeColSetMember!$H:$H,0))))))} -> FALSE | AW8: {=IF($AQ8="",TRUE,IF($N8="",FALSE,IF(INDIRECT("UserAccessCasePolicy!K"&$N8)="",FALSE,NOT(ISNA(MATCH(INDIRECT("UserAccessCasePolicy!K"&$N8)&"|"&$AQ8,CaseTypeColSetMember!$H:$H,0))))))} -> FALSE | AZ8: =IF($AX8="","",INDEX(CaseTypeCol!$J:$J,MATCH($AX8,CaseTypeCol!$A:$A,0))) | BA8: {=IF($AX8="",TRUE,IF($J8="",FALSE,IF(INDIRECT("OrganizationAccessCasePolicy!J"&$J8)="",FALSE,NOT(ISNA(MATCH(INDIRECT("OrganizationAccessCasePolicy!J"&$J8)&"|"&$AX8,CaseTypeColSetMember!$H:$H,0))))))} -> TRUE | BB8: {=IF($AX8="",TRUE,IF($J8="",FALSE,IF(INDIRECT("OrganizationAccessCasePolicy!L"&$J8)="",FALSE,NOT(ISNA(MATCH(INDIRECT("OrganizationAccessCasePolicy!L"&$J8)&"|"&$AX8,CaseTypeColSetMember!$H:$H,0))))))} -> TRUE | BC8: {=IF($AX8="",TRUE,IF($N8="",FALSE,IF(INDIRECT("UserAccessCasePolicy!I"&$N8)="",FALSE,NOT(ISNA(MATCH(INDIRECT("UserAccessCasePolicy!I"&$N8)&"|"&$AX8,CaseTypeColSetMember!$H:$H,0))))))} -> TRUE | BD8: {=IF($AX8="",TRUE,IF($N8="",FALSE,IF(INDIRECT("UserAccessCasePolicy!K"&$N8)="",FALSE,NOT(ISNA(MATCH(INDIRECT("UserAccessCasePolicy!K"&$N8)&"|"&$AX8,CaseTypeColSetMember!$H:$H,0))))))} -> TRUE
A9: 8 | B9: FALSE | C9: 0198221b-5adb-2258-c194-eab8a8e94b90 | D9: 0195d18c-1c92-110e-81c1-75ba0fec4494 | E9: =INDEX(User!$D:$D,MATCH($D9,User!$A:$A,0)) -> app_admin1_1 | F9: CREATE_CASES | G9: =IF($F9="CREATE",$I9,IF($F9="CREATE_CASES",OR($I9,AND($K9,$L9,$O9,$P9,$AN9,AP9,$AU9,$AW9,$BB9,$BD9)),"TBD")) -> TRUE | H9: =INDEX(User!$G:$G,MATCH($D9,User!$A:$A,0)) -> 018d074d-ea0c-e942-07db-a3cc0ba1d653 | I9: =INDEX(User!$M:$M,MATCH($D9,User!$A:$A,0)) -> TRUE | J9: =IF(ISNA(MATCH($H9&"|"&$X9,OrganizationAccessCasePolicy!$V:$V,0)),"",MATCH($H9&"|"&$X9,OrganizationAccessCasePolicy!$V:$V,0)) -> 2 | K9: {=IF($J9="",FALSE,NOT(ISNA(MATCH(INDIRECT("OrganizationAccessCasePolicy!D"&$J9)&"|"&$T9,CaseTypeSetMember!$H:$H,0))))} -> TRUE | L9: {=IF($J9="",FALSE,AND(INDIRECT("OrganizationAccessCasePolicy!H"&$J9),NOT(ISNA(MATCH(INDIRECT("OrganizationAccessCasePolicy!D"&$J9)&"|"&$T9,CaseTypeSetMember!$H:$H,0)))))} -> TRUE | M9: {=IF($J9="",FALSE,AND(INDIRECT("OrganizationAccessCasePolicy!I"&$J9),NOT(ISNA(MATCH(INDIRECT("OrganizationAccessCasePolicy!D"&$J9)&"|"&$T9,CaseTypeSetMember!$H:$H,0)))))} -> TRUE | N9: =IF(ISNA(MATCH($D9&"|"&$X9,UserAccessCasePolicy!$W:$W,0)),"",MATCH($D9&"|"&$X9,UserAccessCasePolicy!$W:$W,0)) | O9: {=IF($N9="",FALSE,NOT(ISNA(MATCH(INDIRECT("UserAccessCasePolicy!D"&$N9)&"|"&$T9,CaseTypeSetMember!$H:$H,0))))} -> FALSE | P9: {=IF($N9="",FALSE,AND(INDIRECT("UserAccessCasePolicy!G"&$N9),NOT(ISNA(MATCH(INDIRECT("UserAccessCasePolicy!D"&$N9)&"|"&$T9,CaseTypeSetMember!$H:$H,0)))))} -> FALSE | Q9: {=IF($N9="",FALSE,AND(INDIRECT("UserAccessCasePolicy!H"&$N9),NOT(ISNA(MATCH(INDIRECT("UserAccessCasePolicy!D"&$N9)&"|"&$T9,CaseTypeSetMember!$H:$H,0)))))} -> FALSE | R9: 0198221b-5adb-bbaa-606d-fc0c31bc55ee | S9: ="case"&MATCH($R9,$R$1:$R9,0)-1 -> case8 | T9: 0195d18c-1ca6-fd99-9d76-fcfa0c0cf400 | U9: =INDEX(CaseType!$B:$B,MATCH($T9,CaseType!$A:$A,0)) -> case_type1 | V9: =AND(IF($AJ9="",TRUE,$T9=INDEX(CaseTypeCol!$B:$B,MATCH($AJ9,CaseTypeCol!$A:$A,0))),IF($AQ9="",TRUE,$T9=INDEX(CaseTypeCol!$B:$B,MATCH($AQ9,CaseTypeCol!$A:$A,0))),IF($AX9="",TRUE,$T9=INDEX(CaseTypeCol!$B:$B,MATCH($AX9,CaseTypeCol!$A:$A,0)))) -> TRUE | X9: 0195d18c-1ca2-a23d-1f64-00271f63199c | Y9: =INDEX(DataCollection!$B:$B,MATCH($X9,DataCollection!$A:$A,0)) -> data_collection1 | AA9: =IF($Z9="","",INDEX(CaseTypeCol!$J:$J,MATCH($Z9,CaseTypeCol!$A:$A,0))) | AC9: =IF($AB9="","",INDEX(IdentifierIssuer!$B:$B,MATCH($AB9,IdentifierIssuer!$A:$A,0))) | AE9: =IF($AD9="","",INDEX(SequencingProtocol!$B:$B,MATCH($AD9,SequencingProtocol!$A:$A,0))) | AG9: =IF($AF9="","",INDEX(AssemblyProtocol!$B:$B,MATCH($AF9,AssemblyProtocol!$A:$A,0))) | AI9: 36526 | AJ9: 0198ef6d-8543-f372-ce25-38616e4c214d | AK9: a | AL9: =IF($AJ9="","",INDEX(CaseTypeCol!$J:$J,MATCH($AJ9,CaseTypeCol!$A:$A,0))) -> case_type_col1_7_0_1_TEXT | AM9: {=IF($AJ9="",TRUE,IF($J9="",FALSE,IF(INDIRECT("OrganizationAccessCasePolicy!J"&$J9)="",FALSE,NOT(ISNA(MATCH(INDIRECT("OrganizationAccessCasePolicy!J"&$J9)&"|"&$AJ9,CaseTypeColSetMember!$H:$H,0))))))} -> TRUE | AN9: {=IF($AJ9="",TRUE,IF($J9="",FALSE,IF(INDIRECT("OrganizationAccessCasePolicy!L"&$J9)="",FALSE,NOT(ISNA(MATCH(INDIRECT("OrganizationAccessCasePolicy!L"&$J9)&"|"&$AJ9,CaseTypeColSetMember!$H:$H,0))))))} -> TRUE | AO9: {=IF($AJ9="",TRUE,IF($N9="",FALSE,IF(INDIRECT("UserAccessCasePolicy!I"&$N9)="",FALSE,NOT(ISNA(MATCH(INDIRECT("UserAccessCasePolicy!I"&$N9)&"|"&$AJ9,CaseTypeColSetMember!$H:$H,0))))))} -> FALSE | AP9: {=IF($AJ9="",TRUE,IF($N9="",FALSE,IF(INDIRECT("UserAccessCasePolicy!K"&$N9)="",FALSE,NOT(ISNA(MATCH(INDIRECT("UserAccessCasePolicy!K"&$N9)&"|"&$AJ9,CaseTypeColSetMember!$H:$H,0))))))} -> FALSE | AS9: =IF($AQ9="","",INDEX(CaseTypeCol!$J:$J,MATCH($AQ9,CaseTypeCol!$A:$A,0))) | AT9: {=IF($AQ9="",TRUE,IF($J9="",FALSE,IF(INDIRECT("OrganizationAccessCasePolicy!J"&$J9)="",FALSE,NOT(ISNA(MATCH(INDIRECT("OrganizationAccessCasePolicy!J"&$J9)&"|"&$AQ9,CaseTypeColSetMember!$H:$H,0))))))} -> TRUE | AU9: {=IF($AQ9="",TRUE,IF($J9="",FALSE,IF(INDIRECT("OrganizationAccessCasePolicy!L"&$J9)="",FALSE,NOT(ISNA(MATCH(INDIRECT("OrganizationAccessCasePolicy!L"&$J9)&"|"&$AQ9,CaseTypeColSetMember!$H:$H,0))))))} -> TRUE | AV9: {=IF($AQ9="",TRUE,IF($N9="",FALSE,IF(INDIRECT("UserAccessCasePolicy!I"&$N9)="",FALSE,NOT(ISNA(MATCH(INDIRECT("UserAccessCasePolicy!I"&$N9)&"|"&$AQ9,CaseTypeColSetMember!$H:$H,0))))))} -> TRUE | AW9: {=IF($AQ9="",TRUE,IF($N9="",FALSE,IF(INDIRECT("UserAccessCasePolicy!K"&$N9)="",FALSE,NOT(ISNA(MATCH(INDIRECT("UserAccessCasePolicy!K"&$N9)&"|"&$AQ9,CaseTypeColSetMember!$H:$H,0))))))} -> TRUE | AZ9: =IF($AX9="","",INDEX(CaseTypeCol!$J:$J,MATCH($AX9,CaseTypeCol!$A:$A,0))) | BA9: {=IF($AX9="",TRUE,IF($J9="",FALSE,IF(INDIRECT("OrganizationAccessCasePolicy!J"&$J9)="",FALSE,NOT(ISNA(MATCH(INDIRECT("OrganizationAccessCasePolicy!J"&$J9)&"|"&$AX9,CaseTypeColSetMember!$H:$H,0))))))} -> TRUE | BB9: {=IF($AX9="",TRUE,IF($J9="",FALSE,IF(INDIRECT("OrganizationAccessCasePolicy!L"&$J9)="",FALSE,NOT(ISNA(MATCH(INDIRECT("OrganizationAccessCasePolicy!L"&$J9)&"|"&$AX9,CaseTypeColSetMember!$H:$H,0))))))} -> TRUE | BC9: {=IF($AX9="",TRUE,IF($N9="",FALSE,IF(INDIRECT("UserAccessCasePolicy!I"&$N9)="",FALSE,NOT(ISNA(MATCH(INDIRECT("UserAccessCasePolicy!I"&$N9)&"|"&$AX9,CaseTypeColSetMember!$H:$H,0))))))} -> TRUE | BD9: {=IF($AX9="",TRUE,IF($N9="",FALSE,IF(INDIRECT("UserAccessCasePolicy!K"&$N9)="",FALSE,NOT(ISNA(MATCH(INDIRECT("UserAccessCasePolicy!K"&$N9)&"|"&$AX9,CaseTypeColSetMember!$H:$H,0))))))} -> TRUE
A10: 9 | B10: FALSE | C10: 0198221b-5adb-b228-da11-ccdf25de9889 | D10: 0195d18c-1c93-1f4b-8c40-19223d6c7a8c | E10: =INDEX(User!$D:$D,MATCH($D10,User!$A:$A,0)) -> org_admin1_1 | F10: CREATE_CASES | G10: =IF($F10="CREATE",$I10,IF($F10="CREATE_CASES",OR($I10,AND($K10,$L10,$O10,$P10,$AN10,AP10,$AU10,$AW10,$BB10,$BD10)),"TBD")) -> FALSE | H10: =INDEX(User!$G:$G,MATCH($D10,User!$A:$A,0)) -> 018d074d-ea0c-e942-07db-a3cc0ba1d653 | I10: =INDEX(User!$M:$M,MATCH($D10,User!$A:$A,0)) -> FALSE | J10: =IF(ISNA(MATCH($H10&"|"&$X10,OrganizationAccessCasePolicy!$V:$V,0)),"",MATCH($H10&"|"&$X10,OrganizationAccessCasePolicy!$V:$V,0)) -> 2 | K10: {=IF($J10="",FALSE,NOT(ISNA(MATCH(INDIRECT("OrganizationAccessCasePolicy!D"&$J10)&"|"&$T10,CaseTypeSetMember!$H:$H,0))))} -> TRUE | L10: {=IF($J10="",FALSE,AND(INDIRECT("OrganizationAccessCasePolicy!H"&$J10),NOT(ISNA(MATCH(INDIRECT("OrganizationAccessCasePolicy!D"&$J10)&"|"&$T10,CaseTypeSetMember!$H:$H,0)))))} -> TRUE | M10: {=IF($J10="",FALSE,AND(INDIRECT("OrganizationAccessCasePolicy!I"&$J10),NOT(ISNA(MATCH(INDIRECT("OrganizationAccessCasePolicy!D"&$J10)&"|"&$T10,CaseTypeSetMember!$H:$H,0)))))} -> TRUE | N10: =IF(ISNA(MATCH($D10&"|"&$X10,UserAccessCasePolicy!$W:$W,0)),"",MATCH($D10&"|"&$X10,UserAccessCasePolicy!$W:$W,0)) | O10: {=IF($N10="",FALSE,NOT(ISNA(MATCH(INDIRECT("UserAccessCasePolicy!D"&$N10)&"|"&$T10,CaseTypeSetMember!$H:$H,0))))} -> FALSE | P10: {=IF($N10="",FALSE,AND(INDIRECT("UserAccessCasePolicy!G"&$N10),NOT(ISNA(MATCH(INDIRECT("UserAccessCasePolicy!D"&$N10)&"|"&$T10,CaseTypeSetMember!$H:$H,0)))))} -> FALSE | Q10: {=IF($N10="",FALSE,AND(INDIRECT("UserAccessCasePolicy!H"&$N10),NOT(ISNA(MATCH(INDIRECT("UserAccessCasePolicy!D"&$N10)&"|"&$T10,CaseTypeSetMember!$H:$H,0)))))} -> FALSE | R10: 0198221b-5adb-85c7-196b-12b91ee34e77 | S10: ="case"&MATCH($R10,$R$1:$R10,0)-1 -> case9 | T10: 0195d18c-1ca6-fd99-9d76-fcfa0c0cf400 | U10: =INDEX(CaseType!$B:$B,MATCH($T10,CaseType!$A:$A,0)) -> case_type1 | V10: =AND(IF($AJ10="",TRUE,$T10=INDEX(CaseTypeCol!$B:$B,MATCH($AJ10,CaseTypeCol!$A:$A,0))),IF($AQ10="",TRUE,$T10=INDEX(CaseTypeCol!$B:$B,MATCH($AQ10,CaseTypeCol!$A:$A,0))),IF($AX10="",TRUE,$T10=INDEX(CaseTypeCol!$B:$B,MATCH($AX10,CaseTypeCol!$A:$A,0)))) -> TRUE | X10: 0195d18c-1ca2-a23d-1f64-00271f63199c | Y10: =INDEX(DataCollection!$B:$B,MATCH($X10,DataCollection!$A:$A,0)) -> data_collection1 | AA10: =IF($Z10="","",INDEX(CaseTypeCol!$J:$J,MATCH($Z10,CaseTypeCol!$A:$A,0))) | AC10: =IF($AB10="","",INDEX(IdentifierIssuer!$B:$B,MATCH($AB10,IdentifierIssuer!$A:$A,0))) | AE10: =IF($AD10="","",INDEX(SequencingProtocol!$B:$B,MATCH($AD10,SequencingProtocol!$A:$A,0))) | AG10: =IF($AF10="","",INDEX(AssemblyProtocol!$B:$B,MATCH($AF10,AssemblyProtocol!$A:$A,0))) | AI10: 36526 | AJ10: 0198ef6d-8543-f372-ce25-38616e4c214d | AK10: a | AL10: =IF($AJ10="","",INDEX(CaseTypeCol!$J:$J,MATCH($AJ10,CaseTypeCol!$A:$A,0))) -> case_type_col1_7_0_1_TEXT | AM10: {=IF($AJ10="",TRUE,IF($J10="",FALSE,IF(INDIRECT("OrganizationAccessCasePolicy!J"&$J10)="",FALSE,NOT(ISNA(MATCH(INDIRECT("OrganizationAccessCasePolicy!J"&$J10)&"|"&$AJ10,CaseTypeColSetMember!$H:$H,0))))))} -> TRUE | AN10: {=IF($AJ10="",TRUE,IF($J10="",FALSE,IF(INDIRECT("OrganizationAccessCasePolicy!L"&$J10)="",FALSE,NOT(ISNA(MATCH(INDIRECT("OrganizationAccessCasePolicy!L"&$J10)&"|"&$AJ10,CaseTypeColSetMember!$H:$H,0))))))} -> TRUE | AO10: {=IF($AJ10="",TRUE,IF($N10="",FALSE,IF(INDIRECT("UserAccessCasePolicy!I"&$N10)="",FALSE,NOT(ISNA(MATCH(INDIRECT("UserAccessCasePolicy!I"&$N10)&"|"&$AJ10,CaseTypeColSetMember!$H:$H,0))))))} -> FALSE | AP10: {=IF($AJ10="",TRUE,IF($N10="",FALSE,IF(INDIRECT("UserAccessCasePolicy!K"&$N10)="",FALSE,NOT(ISNA(MATCH(INDIRECT("UserAccessCasePolicy!K"&$N10)&"|"&$AJ10,CaseTypeColSetMember!$H:$H,0))))))} -> FALSE | AS10: =IF($AQ10="","",INDEX(CaseTypeCol!$J:$J,MATCH($AQ10,CaseTypeCol!$A:$A,0))) | AT10: {=IF($AQ10="",TRUE,IF($J10="",FALSE,IF(INDIRECT("OrganizationAccessCasePolicy!J"&$J10)="",FALSE,NOT(ISNA(MATCH(INDIRECT("OrganizationAccessCasePolicy!J"&$J10)&"|"&$AQ10,CaseTypeColSetMember!$H:$H,0))))))} -> TRUE | AU10: {=IF($AQ10="",TRUE,IF($J10="",FALSE,IF(INDIRECT("OrganizationAccessCasePolicy!L"&$J10)="",FALSE,NOT(ISNA(MATCH(INDIRECT("OrganizationAccessCasePolicy!L"&$J10)&"|"&$AQ10,CaseTypeColSetMember!$H:$H,0))))))} -> TRUE | AV10: {=IF($AQ10="",TRUE,IF($N10="",FALSE,IF(INDIRECT("UserAccessCasePolicy!I"&$N10)="",FALSE,NOT(ISNA(MATCH(INDIRECT("UserAccessCasePolicy!I"&$N10)&"|"&$AQ10,CaseTypeColSetMember!$H:$H,0))))))} -> TRUE | AW10: {=IF($AQ10="",TRUE,IF($N10="",FALSE,IF(INDIRECT("UserAccessCasePolicy!K"&$N10)="",FALSE,NOT(ISNA(MATCH(INDIRECT("UserAccessCasePolicy!K"&$N10)&"|"&$AQ10,CaseTypeColSetMember!$H:$H,0))))))} -> TRUE | AZ10: =IF($AX10="","",INDEX(CaseTypeCol!$J:$J,MATCH($AX10,CaseTypeCol!$A:$A,0))) | BA10: {=IF($AX10="",TRUE,IF($J10="",FALSE,IF(INDIRECT("OrganizationAccessCasePolicy!J"&$J10)="",FALSE,NOT(ISNA(MATCH(INDIRECT("OrganizationAccessCasePolicy!J"&$J10)&"|"&$AX10,CaseTypeColSetMember!$H:$H,0))))))} -> TRUE | BB10: {=IF($AX10="",TRUE,IF($J10="",FALSE,IF(INDIRECT("OrganizationAccessCasePolicy!L"&$J10)="",FALSE,NOT(ISNA(MATCH(INDIRECT("OrganizationAccessCasePolicy!L"&$J10)&"|"&$AX10,CaseTypeColSetMember!$H:$H,0))))))} -> TRUE | BC10: {=IF($AX10="",TRUE,IF($N10="",FALSE,IF(INDIRECT("UserAccessCasePolicy!I"&$N10)="",FALSE,NOT(ISNA(MATCH(INDIRECT("UserAccessCasePolicy!I"&$N10)&"|"&$AX10,CaseTypeColSetMember!$H:$H,0))))))} -> TRUE | BD10: {=IF($AX10="",TRUE,IF($N10="",FALSE,IF(INDIRECT("UserAccessCasePolicy!K"&$N10)="",FALSE,NOT(ISNA(MATCH(INDIRECT("UserAccessCasePolicy!K"&$N10)&"|"&$AX10,CaseTypeColSetMember!$H:$H,0))))))} -> TRUE
