Workbook

Sheet Organization
A1: id | B1: name | C1: legal_entity_code | D1: legal_region_id | E1: legal_region
A2: 018d074d-ea0c-e942-07db-a3cc0ba1d653 | B2: org1 | C2: org1
A3: 0195d18c-1c92-0ed4-2e94-b4f66d82baf3 | B3: org2 | C3: org2
A4: 0195d18c-1c92-52b3-93e0-43dc1f2aa037 | B4: org3 | C4: org3
A5: 0195d18c-1c92-d419-4c71-a570f428499b | B5: org4 | C5: org4
A6: 0195d18c-1c93-02a2-6920-7e4dbfb73ce0 | B6: org5 | C6: org5

Sheet DataCollection
A1: id | B1: name | C1: description
A2: 0195d18c-1ca2-a23d-1f64-00271f63199c | B2: data_collection1 | C2: ="dc"&RIGHT($B2,LEN($B2)-15) -> dc1
A3: 0195d18c-1ca2-2a29-96a5-37c6bf87f586 | B3: data_collection2 | C3: ="dc"&RIGHT($B3,LEN($B3)-15) -> dc2
A4: 0195d18c-1ca2-3a4f-1878-fbe3282c9c76 | B4: data_collection3 | C4: ="dc"&RIGHT($B4,LEN($B4)-15) -> dc3
A5: 0195d18c-1ca2-e55a-608d-a42fc6f948e1 | B5: data_collection4 | C5: ="dc"&RIGHT($B5,LEN($B5)-15) -> dc4
A6: 0195d18c-1ca2-b728-a2a1-d2a4cf7b8eb8 | B6: data_collection5 | C6: ="dc"&RIGHT($B6,LEN($B6)-15) -> dc5
A7: 0195d18c-1ca3-f309-f6f1-e4807afe3802 | B7: data_collection6 | C7: ="dc"&RIGHT($B7,LEN($B7)-15) -> dc6
A8: 0195d18c-1ca3-db40-a2a8-6dc905d6c1e9 | B8: data_collection7 | C8: ="dc"&RIGHT($B8,LEN($B8)-15) -> dc7
A9: 0195d18c-1ca3-da0a-44bb-877b3a1eb73e | B9: data_collection8 | C9: ="dc"&RIGHT($B9,LEN($B9)-15) -> dc8
A10: 0195d18c-1ca3-4d34-d0e9-8f024ad8651a | B10: data_collection9 | C10: ="dc"&RIGHT($B10,LEN($B10)-15) -> dc9
A11: 0195d18c-1ca3-11a2-bf20-8eaaa09cc070 | B11: data_collection10 | C11: ="dc"&RIGHT($B11,LEN($B11)-15) -> dc10
A12: 0195d18c-1ca4-e691-7ebd-8ecb1a16a2ed | B12: data_collection11 | C12: ="dc"&RIGHT($B12,LEN($B12)-15) -> dc11

Sheet User
A1: id | B1: key | C1: email | D1: name | E1: is_active | F1: roles | G1: organization_id | H1: dm.organization.name | I1: dm.roles.is_root | J1: dm.roles.is_app_admin | K1: dm.roles.is_refdata_admin | L1: dm.roles.is_org_user | M1: dm.is_ge_app_admin
A2: 019542cc-8225-8f5d-fa30-d9c3f2629703 | B2: root1_1@org1.org | C2: root1_1@org1.org | D2: =LEFT(C2,FIND("@",C2)-1) -> root1_1 | E2: TRUE | F2: ["CASEDB_ROOT"] | G2: 018d074d-ea0c-e942-07db-a3cc0ba1d653 | H2: =INDEX(Organization!$B:$B,MATCH($G2,Organization!$A:$A,0)) -> org1 | I2: =ISNUMBER(SEARCH("ROOT", F2)) -> TRUE | J2: =ISNUMBER(SEARCH("APP_ADMIN", $F2)) -> FALSE | K2: =ISNUMBER(SEARCH("METADATA_ADMIN", $F2)) -> FALSE | L2: =ISNUMBER(SEARCH("ORG_USER", $F2)) -> FALSE | M2: =OR($I2,$J2) -> TRUE
A3: 0195d18c-1c92-110e-81c1-75ba0fec4494 | B3: app_admin1_1@org1.org | C3: app_admin1_1@org1.org | D3: =LEFT(C3,FIND("@",C3)-1) -> app_admin1_1 | E3: TRUE | F3: ["CASEDB_APP_ADMIN"] | G3: 018d074d-ea0c-e942-07db-a3cc0ba1d653 | H3: =INDEX(Organization!$B:$B,MATCH($G3,Organization!$A:$A,0)) -> org1 | I3: =ISNUMBER(SEARCH("ROOT", F3)) -> FALSE | J3: =ISNUMBER(SEARCH("APP_ADMIN", $F3)) -> TRUE | K3: =ISNUMBER(SEARCH("METADATA_ADMIN", $F3)) -> FALSE | L3: =ISNUMBER(SEARCH("ORG_USER", $F3)) -> FALSE | M3: =OR($I3,$J3) -> TRUE
A4: 0195d18c-1c93-bcbb-eea8-94332d77b172 | B4: refdata_admin1_1@org1.org | C4: refdata_admin1_1@org1.org | D4: =LEFT(C4,FIND("@",C4)-1) -> refdata_admin1_1 | E4: TRUE | F4: ["CASEDB_REFDATA_ADMIN"] | G4: 018d074d-ea0c-e942-07db-a3cc0ba1d653 | H4: =INDEX(Organization!$B:$B,MATCH($G4,Organization!$A:$A,0)) -> org1 | I4: =ISNUMBER(SEARCH("ROOT", F4)) -> FALSE | J4: =ISNUMBER(SEARCH("APP_ADMIN", $F4)) -> FALSE | K4: =ISNUMBER(SEARCH("METADATA_ADMIN", $F4)) -> FALSE | L4: =ISNUMBER(SEARCH("ORG_USER", $F4)) -> FALSE | M4: =OR($I4,$J4) -> FALSE
A5: 0195d18c-1c93-1f4b-8c40-19223d6c7a8c | B5: org_admin1_1@org1.org | C5: org_admin1_1@org1.org | D5: =LEFT(C5,FIND("@",C5)-1) -> org_admin1_1 | E5: TRUE | F5: ["CASEDB_ORG_ADMIN"] | G5: 018d074d-ea0c-e942-07db-a3cc0ba1d653 | H5: =INDEX(Organization!$B:$B,MATCH($G5,Organization!$A:$A,0)) -> org1 | I5: =ISNUMBER(SEARCH("ROOT", F5)) -> FALSE | J5: =ISNUMBER(SEARCH("APP_ADMIN", $F5)) -> FALSE | K5: =ISNUMBER(SEARCH("METADATA_ADMIN", $F5)) -> FALSE | L5: =ISNUMBER(SEARCH("ORG_USER", $F5)) -> FALSE | M5: =OR($I5,$J5) -> FALSE
A6: 0195d18c-1c95-2343-576e-0c14e0a4505d | B6: org_admin2_1@org2.org | C6: org_admin2_1@org2.org | D6: =LEFT(C6,FIND("@",C6)-1) -> org_admin2_1 | E6: TRUE | F6: ["CASEDB_ORG_ADMIN"] | G6: 0195d18c-1c92-0ed4-2e94-b4f66d82baf3 | H6: =INDEX(Organization!$B:$B,MATCH($G6,Organization!$A:$A,0)) -> org2 | I6: =ISNUMBER(SEARCH("ROOT", F6)) -> FALSE | J6: =ISNUMBER(SEARCH("APP_ADMIN", $F6)) -> FALSE | K6: =ISNUMBER(SEARCH("METADATA_ADMIN", $F6)) -> FALSE | L6: =ISNUMBER(SEARCH("ORG_USER", $F6)) -> FALSE | M6: =OR($I6,$J6) -> FALSE
A7: 0195d18c-1c96-59a8-d2a6-70a3b13175a1 | B7: org_admin3_1@org3.org | C7: org_admin3_1@org3.org | D7: =LEFT(C7,FIND("@",C7)-1) -> org_admin3_1 | E7: TRUE | F7: ["CASEDB_ORG_ADMIN"] | G7: 0195d18c-1c92-52b3-93e0-43dc1f2aa037 | H7: =INDEX(Organization!$B:$B,MATCH($G7,Organization!$A:$A,0)) -> org3 | I7: =ISNUMBER(SEARCH("ROOT", F7)) -> FALSE | J7: =ISNUMBER(SEARCH("APP_ADMIN", $F7)) -> FALSE | K7: =ISNUMBER(SEARCH("METADATA_ADMIN", $F7)) -> FALSE | L7: =ISNUMBER(SEARCH("ORG_USER", $F7)) -> FALSE | M7: =OR($I7,$J7) -> FALSE
A8: 0195d18c-1c96-08ed-1241-eaf327bd1ffc | B8: org_admin4_1@org4.org | C8: org_admin4_1@org4.org | D8: =LEFT(C8,FIND("@",C8)-1) -> org_admin4_1 | E8: TRUE | F8: ["CASEDB_ORG_ADMIN"] | G8: 0195d18c-1c92-d419-4c71-a570f428499b | H8: =INDEX(Organization!$B:$B,MATCH($G8,Organization!$A:$A,0)) -> org4 | I8: =ISNUMBER(SEARCH("ROOT", F8)) -> FALSE | J8: =ISNUMBER(SEARCH("APP_ADMIN", $F8)) -> FALSE | K8: =ISNUMBER(SEARCH("METADATA_ADMIN", $F8)) -> FALSE | L8: =ISNUMBER(SEARCH("ORG_USER", $F8)) -> FALSE | M8: =OR($I8,$J8) -> FALSE
A9: 0195d18c-1c97-faac-82eb-3e357979b402 | B9: org_admin5_1@org5.org | C9: org_admin5_1@org5.org | D9: =LEFT(C9,FIND("@",C9)-1) -> org_admin5_1 | E9: TRUE | F9: ["CASEDB_ORG_ADMIN"] | G9: 0195d18c-1c93-02a2-6920-7e4dbfb73ce0 | H9: =INDEX(Organization!$B:$B,MATCH($G9,Organization!$A:$A,0)) -> org5 | I9: =ISNUMBER(SEARCH("ROOT", F9)) -> FALSE | J9: =ISNUMBER(SEARCH("APP_ADMIN", $F9)) -> FALSE | K9: =ISNUMBER(SEARCH("METADATA_ADMIN", $F9)) -> FALSE | L9: =ISNUMBER(SEARCH("ORG_USER", $F9)) -> FALSE | M9: =OR($I9,$J9) -> FALSE
A10: 0195d18c-1c98-7e0b-0c91-8cafbdb2c852 | B10: org_user1_1@org1.org | C10: org_user1_1@org1.org | D10: =LEFT(C10,FIND("@",C10)-1) -> org_user1_1 | E10: TRUE | F10: ["CASEDB_ORG_USER"] | G10: 018d074d-ea0c-e942-07db-a3cc0ba1d653 | H10: =INDEX(Organization!$B:$B,MATCH($G10,Organization!$A:$A,0)) -> org1 | I10: =ISNUMBER(SEARCH("ROOT", F10)) -> FALSE | J10: =ISNUMBER(SEARCH("APP_ADMIN", $F10)) -> FALSE | K10: =ISNUMBER(SEARCH("METADATA_ADMIN", $F10)) -> FALSE | L10: =ISNUMBER(SEARCH("ORG_USER", $F10)) -> TRUE | M10: =OR($I10,$J10) -> FALSE
A11: 0195d18c-1c98-5a1e-55b9-67b877813693 | B11: org_user1_2@org1.org | C11: org_user1_2@org1.org | D11: =LEFT(C11,FIND("@",C11)-1) -> org_user1_2 | E11: TRUE | F11: ["CASEDB_ORG_USER"] | G11: 018d074d-ea0c-e942-07db-a3cc0ba1d653 | H11: =INDEX(Organization!$B:$B,MATCH($G11,Organization!$A:$A,0)) -> org1 | I11: =ISNUMBER(SEARCH("ROOT", F11)) -> FALSE | J11: =ISNUMBER(SEARCH("APP_ADMIN", $F11)) -> FALSE | K11: =ISNUMBER(SEARCH("METADATA_ADMIN", $F11)) -> FALSE | L11: =ISNUMBER(SEARCH("ORG_USER", $F11)) -> TRUE | M11: =OR($I11,$J11) -> FALSE
A12: 0195d18c-1c99-03eb-f1b4-a88daae1b74c | B12: org_user1_3@org1.org | C12: org_user1_3@org1.org | D12: =LEFT(C12,FIND("@",C12)-1) -> org_user1_3 | E12: TRUE | F12: ["CASEDB_ORG_USER"] | G12: 018d074d-ea0c-e942-07db-a3cc0ba1d653 | H12: =INDEX(Organization!$B:$B,MATCH($G12,Organization!$A:$A,0)) -> org1 | I12: =ISNUMBER(SEARCH("ROOT", F12)) -> FALSE | J12: =ISNUMBER(SEARCH("APP_ADMIN", $F12)) -> FALSE | K12: =ISNUMBER(SEARCH("METADATA_ADMIN", $F12)) -> FALSE | L12: =ISNUMBER(SEARCH("ORG_USER", $F12)) -> TRUE | M12: =OR($I12,$J12) -> FALSE
A13: 0195d18c-1c99-a68b-99dd-a489908e8df1 | B13: org_user1_4@org1.org | C13: org_user1_4@org1.org | D13: =LEFT(C13,FIND("@",C13)-1) -> org_user1_4 | E13: TRUE | F13: ["CASEDB_ORG_USER"] | G13: 018d074d-ea0c-e942-07db-a3cc0ba1d653 | H13: =INDEX(Organization!$B:$B,MATCH($G13,Organization!$A:$A,0)) -> org1 | I13: =ISNUMBER(SEARCH("ROOT", F13)) -> FALSE | J13: =ISNUMBER(SEARCH("APP_ADMIN", $F13)) -> FALSE | K13: =ISNUMBER(SEARCH("METADATA_ADMIN", $F13)) -> FALSE | L13: =ISNUMBER(SEARCH("ORG_USER", $F13)) -> TRUE | M13: =OR($I13,$J13) -> FALSE
... A29: 0195d18c-1ca1-d3df-24f3-7aac91cc3f3a | B29: org_user5_4@org5.org | C29: org_user5_4@org5.org | D29: =LEFT(C29,FIND("@",C29)-1) -> org_user5_4 | E29: TRUE | F29: ["CASEDB_ORG_USER"] | G29: 0195d18c-1c93-02a2-6920-7e4dbfb73ce0 | H29: =INDEX(Organization!$B:$B,MATCH($G29,Organization!$A:$A,0)) -> org5 | I29: =ISNUMBER(SEARCH("ROOT", F29)) -> FALSE | J29: =ISNUMBER(SEARCH("APP_ADMIN", $F29)) -> FALSE | K29: =ISNUMBER(SEARCH("METADATA_ADMIN", $F29)) -> FALSE | L29: =ISNUMBER(SEARCH("ORG_USER", $F29)) -> TRUE | M29: =OR($I29,$J29) -> FALSE

Sheet UserInvitation
A1: id | B1: key | C1: email | D1: dm.name | E1: token | F1: expires_at | G1: roles | H1: invited_by_user_id | I1: dm.invited_by_user | J1: organization_id | K1: dm.organization
A2: 0195d18c-1c91-417d-6686-2f6cb5ff95b9 | B2: app_admin1_1@org1.org | C2: app_admin1_1@org1.org | D2: =LEFT($C2,LEN($C2)-9) -> app_admin1_1 | E2: 26dcbff8-2925-4078-90ad-bbe74165f6b3 | F2: 45743.391 | G2: ["APP_ADMIN"] | H2: 019542cc-8225-8f5d-fa30-d9c3f2629703 | I2: =INDEX(User!$D:$D,MATCH($H2,User!$A:$A,0)) -> root1_1 | J2: 018d074d-ea0c-e942-07db-a3cc0ba1d653 | K2: =INDEX(Organization!$B:$B,MATCH($J2,Organization!$A:$A,0)) -> org1
A3: 0195d18c-1c93-6939-20ec-9c4c00d851c1 | B3: refdata_admin1_1@org1.org | C3: refdata_admin1_1@org1.org | D3: =LEFT($C3,LEN($C3)-9) -> refdata_admin1_1 | E3: 10ad47a6-0901-408c-bfc0-a05a4e83af4e | F3: 45743.391 | G3: ["REFDATA_ADMIN"] | H3: 0195d18c-1c92-110e-81c1-75ba0fec4494 | I3: =INDEX(User!$D:$D,MATCH($H3,User!$A:$A,0)) -> app_admin1_1 | J3: 018d074d-ea0c-e942-07db-a3cc0ba1d653 | K3: =INDEX(Organization!$B:$B,MATCH($J3,Organization!$A:$A,0)) -> org1
A4: 0195d18c-1c93-ec90-9271-1015b282d4b3 | B4: org_admin1_1@org1.org | C4: org_admin1_1@org1.org | D4: =LEFT($C4,LEN($C4)-9) -> org_admin1_1 | E4: 6f8d5681-2c6c-44ae-9522-178a45deaf16 | F4: 45743.391 | G4: ["ORG_ADMIN"] | H4: 0195d18c-1c92-110e-81c1-75ba0fec4494 | I4: =INDEX(User!$D:$D,MATCH($H4,User!$A:$A,0)) -> app_admin1_1 | J4: 018d074d-ea0c-e942-07db-a3cc0ba1d653 | K4: =INDEX(Organization!$B:$B,MATCH($J4,Organization!$A:$A,0)) -> org1
A5: 0195d18c-1c95-0879-fcf0-17e1131cc29b | B5: org_admin2_1@org2.org | C5: org_admin2_1@org2.org | D5: =LEFT($C5,LEN($C5)-9) -> org_admin2_1 | E5: 839e81a3-3184-4c47-bf1c-7f1f964fe280 | F5: 45743.391 | G5: ["ORG_ADMIN"] | H5: 0195d18c-1c92-110e-81c1-75ba0fec4494 | I5: =INDEX(User!$D:$D,MATCH($H5,User!$A:$A,0)) -> app_admin1_1 | J5: 0195d18c-1c92-0ed4-2e94-b4f66d82baf3 | K5: =INDEX(Organization!$B:$B,MATCH($J5,Organization!$A:$A,0)) -> org2
A6: 0195d18c-1c95-a854-581f-4e9ae9d85b92 | B6: org_admin3_1@org3.org | C6: org_admin3_1@org3.org | D6: =LEFT($C6,LEN($C6)-9) -> org_admin3_1 | E6: 1ad1489c-d661-475a-958d-c6684f5dd5d2 | F6: 45743.391 | G6: ["ORG_ADMIN"] | H6: 0195d18c-1c92-110e-81c1-75ba0fec4494 | I6: =INDEX(User!$D:$D,MATCH($H6,User!$A:$A,0)) -> app_admin1_1 | J6: 0195d18c-1c92-52b3-93e0-43dc1f2aa037 | K6: =INDEX(Organization!$B:$B,MATCH($J6,Organization!$A:$A,0)) -> org3
A7: 0195d18c-1c96-ec9c-d51d-0eec040d7ffd | B7: org_admin4_1@org4.org | C7: org_admin4_1@org4.org | D7: =LEFT($C7,LEN($C7)-9) -> org_admin4_1 | E7: ac3ef8cf-b738-458a-9250-e68a9452546b | F7: 45743.391 | G7: ["ORG_ADMIN"] | H7: 0195d18c-1c92-110e-81c1-75ba0fec4494 | I7: =INDEX(User!$D:$D,MATCH($H7,User!$A:$A,0)) -> app_admin1_1 | J7: 0195d18c-1c92-d419-4c71-a570f428499b | K7: =INDEX(Organization!$B:$B,MATCH($J7,Organization!$A:$A,0)) -> org4
A8: 0195d18c-1c97-bf94-f109-505bfb986995 | B8: org_admin5_1@org5.org | C8: org_admin5_1@org5.org | D8: =LEFT($C8,LEN($C8)-9) -> org_admin5_1 | E8: 2a653a89-2320-41a9-8163-356114c3ba28 | F8: 45743.391 | G8: ["ORG_ADMIN"] | H8: 0195d18c-1c92-110e-81c1-75ba0fec4494 | I8: =INDEX(User!$D:$D,MATCH($H8,User!$A:$A,0)) -> app_admin1_1 | J8: 0195d18c-1c93-02a2-6920-7e4dbfb73ce0 | K8: =INDEX(Organization!$B:$B,MATCH($J8,Organization!$A:$A,0)) -> org5
A9: 0195d18c-1c98-4085-5812-4a69516f59ae | B9: org_user1_1@org1.org | C9: org_user1_1@org1.org | D9: =LEFT($C9,LEN($C9)-9) -> org_user1_1 | E9: feb33345-6e94-4f64-807e-c8f4a6e9e232 | F9: 45743.391 | G9: ["ORG_USER"] | H9: 0195d18c-1c92-110e-81c1-75ba0fec4494 | I9: =INDEX(User!$D:$D,MATCH($H9,User!$A:$A,0)) -> app_admin1_1 | J9: 018d074d-ea0c-e942-07db-a3cc0ba1d653 | K9: =INDEX(Organization!$B:$B,MATCH($J9,Organization!$A:$A,0)) -> org1
A10: 0195d18c-1c98-91f0-72bb-c9c9bbd287c5 | B10: org_user1_2@org1.org | C10: org_user1_2@org1.org | D10: =LEFT($C10,LEN($C10)-9) -> org_user1_2 | E10: e2049ab9-9249-4847-852a-6b43b8d12ff8 | F10: 45743.391 | G10: ["ORG_USER"] | H10: 0195d18c-1c92-110e-81c1-75ba0fec4494 | I10: =INDEX(User!$D:$D,MATCH($H10,User!$A:$A,0)) -> app_admin1_1 | J10: 018d074d-ea0c-e942-07db-a3cc0ba1d653 | K10: =INDEX(Organization!$B:$B,MATCH($J10,Organization!$A:$A,0)) -> org1
A11: 0195d18c-1c98-90fe-f86a-b3ff952dc368 | B11: org_user1_3@org1.org | C11: org_user1_3@org1.org | D11: =LEFT($C11,LEN($C11)-9) -> org_user1_3 | E11: 973418bc-df76-4c74-bf1f-8919b9295848 | F11: 45743.391 | G11: ["ORG_USER"] | H11: 0195d18c-1c92-110e-81c1-75ba0fec4494 | I11: =INDEX(User!$D:$D,MATCH($H11,User!$A:$A,0)) -> app_admin1_1 | J11: 018d074d-ea0c-e942-07db-a3cc0ba1d653 | K11: =INDEX(Organization!$B:$B,MATCH($J11,Organization!$A:$A,0)) -> org1
A12: 0195d18c-1c99-b943-3900-1de44aa64da4 | B12: org_user1_4@org1.org | C12: org_user1_4@org1.org | D12: =LEFT($C12,LEN($C12)-9) -> org_user1_4 | E12: b9782553-9cf2-4fa6-9ad4-aae54307d988 | F12: 45743.391 | G12: ["ORG_USER"] | H12: 0195d18c-1c92-110e-81c1-75ba0fec4494 | I12: =INDEX(User!$D:$D,MATCH($H12,User!$A:$A,0)) -> app_admin1_1 | J12: 018d074d-ea0c-e942-07db-a3cc0ba1d653 | K12: =INDEX(Organization!$B:$B,MATCH($J12,Organization!$A:$A,0)) -> org1
A13: 0195d18c-1c99-ee95-2cb4-c932da0954b7 | B13: org_user2_1@org2.org | C13: org_user2_1@org2.org | D13: =LEFT($C13,LEN($C13)-9) -> org_user2_1 | E13: a3c4d7fd-06b7-43b7-bdfa-0cb99f4d15db | F13: 45743.391 | G13: ["ORG_USER"] | H13: 0195d18c-1c92-110e-81c1-75ba0fec4494 | I13: =INDEX(User!$D:$D,MATCH($H13,User!$A:$A,0)) -> app_admin1_1 | J13: 0195d18c-1c92-0ed4-2e94-b4f66d82baf3 | K13: =INDEX(Organization!$B:$B,MATCH($J13,Organization!$A:$A,0)) -> org2
... A28: 0195d18c-1ca1-507d-514e-7f6784ab639e | B28: org_user5_4@org5.org | C28: org_user5_4@org5.org | D28: =LEFT($C28,LEN($C28)-9) -> org_user5_4 | E28: 2ee7a962-2bc6-4e19-adad-f0c7597a075b | F28: 45743.391 | G28: ["ORG_USER"] | H28: 0195d18c-1c92-110e-81c1-75ba0fec4494 | I28: =INDEX(User!$D:$D,MATCH($H28,User!$A:$A,0)) -> app_admin1_1 | J28: 0195d18c-1c93-02a2-6920-7e4dbfb73ce0 | K28: =INDEX(Organization!$B:$B,MATCH($J28,Organization!$A:$A,0)) -> org5

Sheet Dim
A1: id | B1: dim_type | C1: code | D1: label | E1: rank | F1: col_code_prefix | G1: description | H1: props
A2: 0195d18c-1ca7-84a9-0f3d-1b864b527120 | B2: TEXT | C2: 1 | D2: dim1 | G2: ="dim"&$C2&"("&$B2&")" -> dim1(TEXT) | H2: {}
A3: 0195d18c-1ca7-eac1-1845-3de69c9879f2 | B3: TEXT | C3: 2 | D3: dim2 | G3: ="dim"&$C3&"("&$B3&")" -> dim2(TEXT) | H3: {}
A4: 0195d18c-1ca8-d12f-d2f7-05baa1ed8610 | B4: TEXT | C4: 3 | D4: dim3 | G4: ="dim"&$C4&"("&$B4&")" -> dim3(TEXT) | H4: {}

Sheet Col
A1: id | B1: dim_id | C1: dim | D1: code_suffix | E1: code | F1: rank_in_dim | G1: label | H1: col_type | I1: concept_set_id | J1: concept_set | K1: region_set_id | L1: region_set | M1: genetic_distance_protocol_id | N1: genetic_distance_protocol | O1: description | P1: props
A2: 0195d18c-1ca8-0d1d-088c-b8af029e62d9 | B2: 0195d18c-1ca7-84a9-0f3d-1b864b527120 | E2: 1_1 | F2: 1 | G2: dim1_1_text | H2: TEXT | O2: ="col"&$E2&"("&$H2&")" -> col1_1(TEXT) | P2: {}
A3: 0195d18c-1ca8-2d41-3f8a-a08c6c72781c | B3: 0195d18c-1ca7-84a9-0f3d-1b864b527120 | E3: 1_2 | F3: 2 | G3: dim1_2_text | H3: TEXT | O3: ="col"&$E3&"("&$H3&")" -> col1_2(TEXT) | P3: {}
A4: 0195d18c-1ca9-5de7-c726-bbac813384cb | B4: 0195d18c-1ca7-84a9-0f3d-1b864b527120 | E4: 1_3 | F4: 3 | G4: dim1_3_text | H4: TEXT | O4: ="col"&$E4&"("&$H4&")" -> col1_3(TEXT) | P4: {}
A5: 0195d18c-1ca9-79ee-762e-93e2d841f46e | B5: 0195d18c-1ca7-eac1-1845-3de69c9879f2 | E5: 2_1 | F5: 1 | G5: dim2_1_text | H5: TEXT | O5: ="col"&$E5&"("&$H5&")" -> col2_1(TEXT) | P5: {}
A6: 0195d18c-1ca9-e6f0-c3d1-2695fe9f64f9 | B6: 0195d18c-1ca7-eac1-1845-3de69c9879f2 | E6: 2_2 | F6: 2 | G6: dim2_2_text | H6: TEXT | O6: ="col"&$E6&"("&$H6&")" -> col2_2(TEXT) | P6: {}
A7: 0195d18c-1ca9-ec62-d071-2b041d96f2c7 | B7: 0195d18c-1ca7-eac1-1845-3de69c9879f2 | E7: 2_3 | F7: 3 | G7: dim2_3_text | H7: TEXT | O7: ="col"&$E7&"("&$H7&")" -> col2_3(TEXT) | P7: {}
A8: 0195d18c-1ca9-2301-2c4f-a4762f675f45 | B8: 0195d18c-1ca8-d12f-d2f7-05baa1ed8610 | E8: 3_1 | F8: 1 | G8: dim3_1_text | H8: TEXT | O8: ="col"&$E8&"("&$H8&")" -> col3_1(TEXT) | P8: {}
A9: 0195d18c-1caa-e67f-100d-0d313ce91422 | B9: 0195d18c-1ca8-d12f-d2f7-05baa1ed8610 | E9: 3_2 | F9: 2 | G9: dim3_2_text | H9: TEXT | O9: ="col"&$E9&"("&$H9&")" -> col3_2(TEXT) | P9: {}
A10: 0195d18c-1caa-aad7-3b8b-2357d679761c | B10: 0195d18c-1ca8-d12f-d2f7-05baa1ed8610 | E10: 3_3 | F10: 3 | G10: dim3_3_text | H10: TEXT | O10: ="col"&$E10&"("&$H10&")" -> col3_3(TEXT) | P10: {}

Sheet Disease
A1: id | B1: name | C1: icd_code
A2: 0195d18c-1ca4-6d4f-99b8-10458cd57f32 | B2: disease1
A3: 0195d18c-1ca4-2098-2e1c-1f2c2d58cd41 | B3: disease2
A4: 0195d18c-1ca4-9f3c-a017-a8f11202fb1c | B4: disease3
A5: 0195d18c-1ca4-86bf-f4e7-8c2a92ff370d | B5: disease4
A6: 0195d18c-1ca4-6a53-af25-e4cd2ea0545a | B6: disease5

Sheet EtiologicalAgent
A1: id | B1: name | C1: type
A2: 0195d18c-1ca4-82bc-c40f-054b28401ddd | B2: etiological_agent1 | C2: ORGANISM
A3: 0195d18c-1ca4-d963-1fbd-e9bf6dbb100c | B3: etiological_agent2 | C3: ORGANISM
A4: 0195d18c-1ca5-5802-0739-33f87df230d4 | B4: etiological_agent3 | C4: ORGANISM
A5: 0195d18c-1ca5-6d25-b2ad-a663425c8c15 | B5: etiological_agent4 | C5: ORGANISM
A6: 0195d18c-1ca5-49ab-b2c2-6e8556234b5c | B6: etiological_agent5 | C6: ORGANISM

Sheet CaseType
A1: id | B1: name | C1: description | D1: disease_id | E1: dm.disease.name | F1: disease | G1: etiological_agent_id | H1: dm.etiological_agent.name | I1: etiological_agent
A2: 0195d18c-1ca6-fd99-9d76-fcfa0c0cf400 | B2: case_type1 | D2: 0195d18c-1ca4-6d4f-99b8-10458cd57f32 | E2: =INDEX(Disease!$B:$B,MATCH($D2,Disease!$A:$A,0)) -> disease1 | G2: 0195d18c-1ca4-82bc-c40f-054b28401ddd | H2: =INDEX(EtiologicalAgent!$B:$B,MATCH($G2,EtiologicalAgent!$A:$A,0)) -> etiological_agent1
A3: 0195d18c-1ca6-752a-ec56-ed1b3d0cb095 | B3: case_type2 | D3: 0195d18c-1ca4-2098-2e1c-1f2c2d58cd41 | E3: =INDEX(Disease!$B:$B,MATCH($D3,Disease!$A:$A,0)) -> disease2 | G3: 0195d18c-1ca4-d963-1fbd-e9bf6dbb100c | H3: =INDEX(EtiologicalAgent!$B:$B,MATCH($G3,EtiologicalAgent!$A:$A,0)) -> etiological_agent2
A4: 0195d18c-1ca6-0243-1762-326add8a5d71 | B4: case_type3 | D4: 0195d18c-1ca4-9f3c-a017-a8f11202fb1c | E4: =INDEX(Disease!$B:$B,MATCH($D4,Disease!$A:$A,0)) -> disease3 | G4: 0195d18c-1ca5-5802-0739-33f87df230d4 | H4: =INDEX(EtiologicalAgent!$B:$B,MATCH($G4,EtiologicalAgent!$A:$A,0)) -> etiological_agent3
A5: 0195d18c-1ca7-7209-a21c-556dc4fd3057 | B5: case_type4 | D5: 0195d18c-1ca4-86bf-f4e7-8c2a92ff370d | E5: =INDEX(Disease!$B:$B,MATCH($D5,Disease!$A:$A,0)) -> disease4 | G5: 0195d18c-1ca5-6d25-b2ad-a663425c8c15 | H5: =INDEX(EtiologicalAgent!$B:$B,MATCH($G5,EtiologicalAgent!$A:$A,0)) -> etiological_agent4
A6: 0195d18c-1ca7-ae33-0f89-bd1fd65da091 | B6: case_type5 | D6: 0195d18c-1ca4-6a53-af25-e4cd2ea0545a | E6: =INDEX(Disease!$B:$B,MATCH($D6,Disease!$A:$A,0)) -> disease5 | G6: 0195d18c-1ca5-49ab-b2c2-6e8556234b5c | H6: =INDEX(EtiologicalAgent!$B:$B,MATCH($G6,EtiologicalAgent!$A:$A,0)) -> etiological_agent5

Sheet CaseTypeSetCategory
A1: id | B1: name | C1: description | D1: rank | E1: purpose
A2: 0195d18c-1cb8-a47f-3df5-ebefd976f759 | B2: case_type_set_category1 | D2: 0 | E2: CONTENT

Sheet CaseTypeSet
A1: id | B1: name | C1: description | D1: case_type_set_category_id | E1: dm.case_type_set_category.name | F1: case_type_set_category | G1: rank
A2: 0195d18c-1cb8-5af5-9939-74dc8b5d3b5b | B2: case_type_set1 | D2: 0195d18c-1cb8-a47f-3df5-ebefd976f759 | E2: =INDEX(CaseTypeSetCategory!$B:$B,MATCH($D2,CaseTypeSetCategory!$A:$A,0)) -> case_type_set_category1 | G2: 0
A3: 0195d18c-1cb9-5e89-a2b4-e8204c332fd3 | B3: case_type_set2 | D3: 0195d18c-1cb8-a47f-3df5-ebefd976f759 | E3: =INDEX(CaseTypeSetCategory!$B:$B,MATCH($D3,CaseTypeSetCategory!$A:$A,0)) -> case_type_set_category1 | G3: 0
A4: 0195d18c-1cb9-7277-79d2-a96535256e4a | B4: case_type_set3 | D4: 0195d18c-1cb8-a47f-3df5-ebefd976f759 | E4: =INDEX(CaseTypeSetCategory!$B:$B,MATCH($D4,CaseTypeSetCategory!$A:$A,0)) -> case_type_set_category1 | G4: 0
A5: 0195d18c-1cba-e53b-6f58-f412630c05e2 | B5: case_type_set4 | D5: 0195d18c-1cb8-a47f-3df5-ebefd976f759 | E5: =INDEX(CaseTypeSetCategory!$B:$B,MATCH($D5,CaseTypeSetCategory!$A:$A,0)) -> case_type_set_category1 | G5: 0
A6: 0195d18c-1cba-2679-11a9-d71fc494b25a | B6: case_type_set5 | D6: 0195d18c-1cb8-a47f-3df5-ebefd976f759 | E6: =INDEX(CaseTypeSetCategory!$B:$B,MATCH($D6,CaseTypeSetCategory!$A:$A,0)) -> case_type_set_category1 | G6: 0
A7: 0195d18c-1cbb-d7b8-d852-987a801e0ad5 | B7: case_type_set1,2 | D7: 0195d18c-1cb8-a47f-3df5-ebefd976f759 | E7: =INDEX(CaseTypeSetCategory!$B:$B,MATCH($D7,CaseTypeSetCategory!$A:$A,0)) -> case_type_set_category1 | G7: 0
A8: 0195d18c-1cbb-5047-ab67-71cb2cb84047 | B8: case_type_set1,3 | D8: 0195d18c-1cb8-a47f-3df5-ebefd976f759 | E8: =INDEX(CaseTypeSetCategory!$B:$B,MATCH($D8,CaseTypeSetCategory!$A:$A,0)) -> case_type_set_category1 | G8: 0
A9: 0195d18c-1cbc-41fb-3ad7-2eed31140bd6 | B9: case_type_set1,4 | D9: 0195d18c-1cb8-a47f-3df5-ebefd976f759 | E9: =INDEX(CaseTypeSetCategory!$B:$B,MATCH($D9,CaseTypeSetCategory!$A:$A,0)) -> case_type_set_category1 | G9: 0
A10: 0195d18c-1cbc-cf9a-b28d-bd77d3b30365 | B10: case_type_set1,5 | D10: 0195d18c-1cb8-a47f-3df5-ebefd976f759 | E10: =INDEX(CaseTypeSetCategory!$B:$B,MATCH($D10,CaseTypeSetCategory!$A:$A,0)) -> case_type_set_category1 | G10: 0
A11: 0195d18c-1cbd-f948-2304-f178298dbc48 | B11: case_type_set2,3 | D11: 0195d18c-1cb8-a47f-3df5-ebefd976f759 | E11: =INDEX(CaseTypeSetCategory!$B:$B,MATCH($D11,CaseTypeSetCategory!$A:$A,0)) -> case_type_set_category1 | G11: 0
A12: 0195d18c-1cbe-394f-58eb-6d327092ba44 | B12: case_type_set2,4 | D12: 0195d18c-1cb8-a47f-3df5-ebefd976f759 | E12: =INDEX(CaseTypeSetCategory!$B:$B,MATCH($D12,CaseTypeSetCategory!$A:$A,0)) -> case_type_set_category1 | G12: 0
A13: 0195d18c-1cbe-fcd0-15db-737a74dff6fa | B13: case_type_set2,5 | D13: 0195d18c-1cb8-a47f-3df5-ebefd976f759 | E13: =INDEX(CaseTypeSetCategory!$B:$B,MATCH($D13,CaseTypeSetCategory!$A:$A,0)) -> case_type_set_category1 | G13: 0
... A16: 0195d18c-1cc0-1fae-3a05-50f42b0128fc | B16: case_type_set4,5 | D16: 0195d18c-1cb8-a47f-3df5-ebefd976f759 | E16: =INDEX(CaseTypeSetCategory!$B:$B,MATCH($D16,CaseTypeSetCategory!$A:$A,0)) -> case_type_set_category1 | G16: 0

Sheet CaseTypeSetMember
A1: id | B1: case_type_set_id | C1: dm.case_type_set.name | D1: case_type_set | E1: case_type_id | F1: dm.case_type.code | G1: case_type | H1: dm.key
A2: 0195d18c-1cb8-ac82-67f2-bc32a6368340 | B2: 0195d18c-1cb8-5af5-9939-74dc8b5d3b5b | C2: =INDEX(CaseTypeSet!$B:$B,MATCH($B2,CaseTypeSet!$A:$A,0)) -> case_type_set1 | E2: 0195d18c-1ca6-fd99-9d76-fcfa0c0cf400 | F2: =INDEX(CaseType!$B:$B,MATCH($E2,CaseType!$A:$A,0)) -> case_type1 | H2: =$B2&"|"&$E2 -> 0195d18c-1cb8-5af5-9939-74dc8b5d3b5b|0195d18c-1ca6-fd99-9d76-fcfa0c0cf400
A3: 0195d18c-1cb9-04cf-ee83-d2e14f70e6f7 | B3: 0195d18c-1cb9-5e89-a2b4-e8204c332fd3 | C3: =INDEX(CaseTypeSet!$B:$B,MATCH($B3,CaseTypeSet!$A:$A,0)) -> case_type_set2 | E3: 0195d18c-1ca6-752a-ec56-ed1b3d0cb095 | F3: =INDEX(CaseType!$B:$B,MATCH($E3,CaseType!$A:$A,0)) -> case_type2
A4: 0195d18c-1cb9-0db7-dd63-2f5c66ce2096 | B4: 0195d18c-1cb9-7277-79d2-a96535256e4a | C4: =INDEX(CaseTypeSet!$B:$B,MATCH($B4,CaseTypeSet!$A:$A,0)) -> case_type_set3 | E4: 0195d18c-1ca6-0243-1762-326add8a5d71 | F4: =INDEX(CaseType!$B:$B,MATCH($E4,CaseType!$A:$A,0)) -> case_type3
A5: 0195d18c-1cba-d75a-4f52-be8189bfd480 | B5: 0195d18c-1cba-e53b-6f58-f412630c05e2 | C5: =INDEX(CaseTypeSet!$B:$B,MATCH($B5,CaseTypeSet!$A:$A,0)) -> case_type_set4 | E5: 0195d18c-1ca7-7209-a21c-556dc4fd3057 | F5: =INDEX(CaseType!$B:$B,MATCH($E5,CaseType!$A:$A,0)) -> case_type4
A6: 0195d18c-1cba-880a-4d3d-9231b03e604d | B6: 0195d18c-1cba-2679-11a9-d71fc494b25a | C6: =INDEX(CaseTypeSet!$B:$B,MATCH($B6,CaseTypeSet!$A:$A,0)) -> case_type_set5 | E6: 0195d18c-1ca7-ae33-0f89-bd1fd65da091 | F6: =INDEX(CaseType!$B:$B,MATCH($E6,CaseType!$A:$A,0)) -> case_type5
A7: 0195d18c-1cbb-4d56-8309-26658e320187 | B7: 0195d18c-1cbb-d7b8-d852-987a801e0ad5 | C7: =INDEX(CaseTypeSet!$B:$B,MATCH($B7,CaseTypeSet!$A:$A,0)) -> case_type_set1,2 | E7: 0195d18c-1ca6-fd99-9d76-fcfa0c0cf400 | F7: =INDEX(CaseType!$B:$B,MATCH($E7,CaseType!$A:$A,0)) -> case_type1 | H7: =$B7&"|"&$E7 -> 0195d18c-1cbb-d7b8-d852-987a801e0ad5|0195d18c-1ca6-fd99-9d76-fcfa0c0cf400
A8: 0195d18c-1cbb-e8cf-b7a9-624604063760 | B8: 0195d18c-1cbb-d7b8-d852-987a801e0ad5 | C8: =INDEX(CaseTypeSet!$B:$B,MATCH($B8,CaseTypeSet!$A:$A,0)) -> case_type_set1,2 | E8: 0195d18c-1ca6-752a-ec56-ed1b3d0cb095 | F8: =INDEX(CaseType!$B:$B,MATCH($E8,CaseType!$A:$A,0)) -> case_type2
A9: 0195d18c-1cbc-34b5-25b1-15430bfc43cb | B9: 0195d18c-1cbb-5047-ab67-71cb2cb84047 | C9: =INDEX(CaseTypeSet!$B:$B,MATCH($B9,CaseTypeSet!$A:$A,0)) -> case_type_set1,3 | E9: 0195d18c-1ca6-0243-1762-326add8a5d71 | F9: =INDEX(CaseType!$B:$B,MATCH($E9,CaseType!$A:$A,0)) -> case_type3
A10: 0195d18c-1cbc-42ec-af5d-d0c541b3c295 | B10: 0195d18c-1cbb-5047-ab67-71cb2cb84047 | C10: =INDEX(CaseTypeSet!$B:$B,MATCH($B10,CaseTypeSet!$A:$A,0)) -> case_type_set1,3 | E10: 0195d18c-1ca6-fd99-9d76-fcfa0c0cf400 | F10: =INDEX(CaseType!$B:$B,MATCH($E10,CaseType!$A:$A,0)) -> case_type1 | H10: =$B10&"|"&$E10 -> 0195d18c-1cbb-5047-ab67-71cb2cb84047|0195d18c-1ca6-fd99-9d76-fcfa0c0cf400
A11: 0195d18c-1cbc-93ea-ba50-3ea9ab23cfcf | B11: 0195d18c-1cbc-41fb-3ad7-2eed31140bd6 | C11: =INDEX(CaseTypeSet!$B:$B,MATCH($B11,CaseTypeSet!$A:$A,0)) -> case_type_set1,4 | E11: 0195d18c-1ca6-fd99-9d76-fcfa0c0cf400 | F11: =INDEX(CaseType!$B:$B,MATCH($E11,CaseType!$A:$A,0)) -> case_type1 | H11: =$B11&"|"&$E11 -> 0195d18c-1cbc-41fb-3ad7-2eed31140bd6|0195d18c-1ca6-fd99-9d76-fcfa0c0cf400
A12: 0195d18c-1cbc-5d27-ec6f-91a2b6d7fba6 | B12: 0195d18c-1cbc-41fb-3ad7-2eed31140bd6 | C12: =INDEX(CaseTypeSet!$B:$B,MATCH($B12,CaseTypeSet!$A:$A,0)) -> case_type_set1,4 | E12: 0195d18c-1ca7-7209-a21c-556dc4fd3057 | F12: =INDEX(CaseType!$B:$B,MATCH($E12,CaseType!$A:$A,0)) -> case_type4
A13: 0195d18c-1cbd-afb8-4103-44bd3d6db520 | B13: 0195d18c-1cbc-cf9a-b28d-bd77d3b30365 | C13: =INDEX(CaseTypeSet!$B:$B,MATCH($B13,CaseTypeSet!$A:$A,0)) -> case_type_set1,5 | E13: 0195d18c-1ca7-ae33-0f89-bd1fd65da091 | F13: =INDEX(CaseType!$B:$B,MATCH($E13,CaseType!$A:$A,0)) -> case_type5
A14: 0195d18c-1cbd-598d-2fbc-ab1a86b38c7b | B14: 0195d18c-1cbc-cf9a-b28d-bd77d3b30365 | C14: =INDEX(CaseTypeSet!$B:$B,MATCH($B14,CaseTypeSet!$A:$A,0)) -> case_type_set1,5 | E14: 0195d18c-1ca6-fd99-9d76-fcfa0c0cf400 | F14: =INDEX(CaseType!$B:$B,MATCH($E14,CaseType!$A:$A,0)) -> case_type1 | H14: =$B14&"|"&$E14 -> 0195d18c-1cbc-cf9a-b28d-bd77d3b30365|0195d18c-1ca6-fd99-9d76-fcfa0c0cf400
A15: 0195d18c-1cbd-64ee-0053-12e519dbaea2 | B15: 0195d18c-1cbd-f948-2304-f178298dbc48 | C15: =INDEX(CaseTypeSet!$B:$B,MATCH($B15,CaseTypeSet!$A:$A,0)) -> case_type_set2,3 | E15: 0195d18c-1ca6-0243-1762-326add8a5d71 | F15: =INDEX(CaseType!$B:$B,MATCH($E15,CaseType!$A:$A,0)) -> case_type3
A16: 0195d18c-1cbd-e5e4-5e2c-49dcc5a54ec2 | B16: 0195d18c-1cbd-f948-2304-f178298dbc48 | C16: =INDEX(CaseTypeSet!$B:$B,MATCH($B16,CaseTypeSet!$A:$A,0)) -> case_type_set2,3 | E16: 0195d18c-1ca6-752a-ec56-ed1b3d0cb095 | F16: =INDEX(CaseType!$B:$B,MATCH($E16,CaseType!$A:$A,0)) -> case_type2
A17: 0195d18c-1cbe-25ec-3c13-b743a72fe44e | B17: 0195d18c-1cbe-394f-58eb-6d327092ba44 | C17: =INDEX(CaseTypeSet!$B:$B,MATCH($B17,CaseTypeSet!$A:$A,0)) -> case_type_set2,4 | E17: 0195d18c-1ca7-7209-a21c-556dc4fd3057 | F17: =INDEX(CaseType!$B:$B,MATCH($E17,CaseType!$A:$A,0)) -> case_type4
A18: 0195d18c-1cbe-ccf9-b1b3-31b52fe304c2 | B18: 0195d18c-1cbe-394f-58eb-6d327092ba44 | C18: =INDEX(CaseTypeSet!$B:$B,MATCH($B18,CaseTypeSet!$A:$A,0)) -> case_type_set2,4 | E18: 0195d18c-1ca6-752a-ec56-ed1b3d0cb095 | F18: =INDEX(CaseType!$B:$B,MATCH($E18,CaseType!$A:$A,0)) -> case_type2
A19: 0195d18c-1cbf-6781-d8e6-4821a8cca56f | B19: 0195d18c-1cbe-fcd0-15db-737a74dff6fa | C19: =INDEX(CaseTypeSet!$B:$B,MATCH($B19,CaseTypeSet!$A:$A,0)) -> case_type_set2,5 | E19: 0195d18c-1ca7-ae33-0f89-bd1fd65da091 | F19: =INDEX(CaseType!$B:$B,MATCH($E19,CaseType!$A:$A,0)) -> case_type5
A20: 0195d18c-1cbf-2af9-365a-9fcfc6325153 | B20: 0195d18c-1cbe-fcd0-15db-737a74dff6fa | C20: =INDEX(CaseTypeSet!$B:$B,MATCH($B20,CaseTypeSet!$A:$A,0)) -> case_type_set2,5 | E20: 0195d18c-1ca6-752a-ec56-ed1b3d0cb095 | F20: =INDEX(CaseType!$B:$B,MATCH($E20,CaseType!$A:$A,0)) -> case_type2
A21: 0195d18c-1cbf-cab5-f26b-de1986258d80 | B21: 0195d18c-1cbf-2a22-b845-fb9a44b67a96 | C21: =INDEX(CaseTypeSet!$B:$B,MATCH($B21,CaseTypeSet!$A:$A,0)) -> case_type_set3,4 | E21: 0195d18c-1ca6-0243-1762-326add8a5d71 | F21: =INDEX(CaseType!$B:$B,MATCH($E21,CaseType!$A:$A,0)) -> case_type3
A22: 0195d18c-1cbf-3ae8-57bc-297cbb3e0b04 | B22: 0195d18c-1cbf-2a22-b845-fb9a44b67a96 | C22: =INDEX(CaseTypeSet!$B:$B,MATCH($B22,CaseTypeSet!$A:$A,0)) -> case_type_set3,4 | E22: 0195d18c-1ca7-7209-a21c-556dc4fd3057 | F22: =INDEX(CaseType!$B:$B,MATCH($E22,CaseType!$A:$A,0)) -> case_type4
A23: 0195d18c-1cc0-5142-d6dc-6a0d5b641c6b | B23: 0195d18c-1cc0-9f98-c18d-367b41358c49 | C23: =INDEX(CaseTypeSet!$B:$B,MATCH($B23,CaseTypeSet!$A:$A,0)) -> case_type_set3,5 | E23: 0195d18c-1ca6-0243-1762-326add8a5d71 | F23: =INDEX(CaseType!$B:$B,MATCH($E23,CaseType!$A:$A,0)) -> case_type3
A24: 0195d18c-1cc0-212b-34ce-e734d4976333 | B24: 0195d18c-1cc0-9f98-c18d-367b41358c49 | C24: =INDEX(CaseTypeSet!$B:$B,MATCH($B24,CaseTypeSet!$A:$A,0)) -> case_type_set3,5 | E24: 0195d18c-1ca7-ae33-0f89-bd1fd65da091 | F24: =INDEX(CaseType!$B:$B,MATCH($E24,CaseType!$A:$A,0)) -> case_type5
A25: 0195d18c-1cc0-6108-5b6c-a68da2f4a40c | B25: 0195d18c-1cc0-1fae-3a05-50f42b0128fc | C25: =INDEX(CaseTypeSet!$B:$B,MATCH($B25,CaseTypeSet!$A:$A,0)) -> case_type_set4,5 | E25: 0195d18c-1ca7-ae33-0f89-bd1fd65da091 | F25: =INDEX(CaseType!$B:$B,MATCH($E25,CaseType!$A:$A,0)) -> case_type5
A26: 0195d18c-1cc0-3596-3a3f-e4a37028e9f8 | B26: 0195d18c-1cc0-1fae-3a05-50f42b0128fc | C26: =INDEX(CaseTypeSet!$B:$B,MATCH($B26,CaseTypeSet!$A:$A,0)) -> case_type_set4,5 | E26: 0195d18c-1ca7-7209-a21c-556dc4fd3057 | F26: =INDEX(CaseType!$B:$B,MATCH($E26,CaseType!$A:$A,0)) -> case_type4

Sheet CaseTypeCol
A1: id | B1: case_type_id | C1: case_type | D1: col_id | E1: col | F1: occurrence | G1: code | H1: rank | I1: label | J1: description | K1: min_value | L1: max_value | M1: min_datetime | N1: max_datetime | O1: min_length | P1: max_length | Q1: pattern | R1: genetic_sequence_case_type_col_id | S1: tree_algorithm_codes | T1: props
A2: 0195d18c-1caa-1722-0366-f73bd3f09ee8 | B2: 0195d18c-1ca6-fd99-9d76-fcfa0c0cf400 | D2: 0195d18c-1ca8-0d1d-088c-b8af029e62d9 | G2: case_type1_dim1_1_text | T2: {}
A3: 0195d18c-1cab-86f3-5faf-507bfa221cf6 | B3: 0195d18c-1ca6-fd99-9d76-fcfa0c0cf400 | D3: 0195d18c-1ca8-2d41-3f8a-a08c6c72781c | G3: case_type1_dim1_2_text | T3: {}
A4: 0195d18c-1cab-b4e5-a81b-6acdcc710af2 | B4: 0195d18c-1ca6-fd99-9d76-fcfa0c0cf400 | D4: 0195d18c-1ca9-5de7-c726-bbac813384cb | G4: case_type1_dim1_3_text | T4: {}
A5: 0195d18c-1cab-3208-7ccc-820a8c522208 | B5: 0195d18c-1ca6-fd99-9d76-fcfa0c0cf400 | D5: 0195d18c-1ca9-79ee-762e-93e2d841f46e | G5: case_type1_dim2_1_text | T5: {}
A6: 0195d18c-1cab-767e-81b1-986e918827fb | B6: 0195d18c-1ca6-fd99-9d76-fcfa0c0cf400 | D6: 0195d18c-1ca9-e6f0-c3d1-2695fe9f64f9 | G6: case_type1_dim2_2_text | T6: {}
A7: 0195d18c-1cab-22f7-dda1-cc74cee303ca | B7: 0195d18c-1ca6-fd99-9d76-fcfa0c0cf400 | D7: 0195d18c-1ca9-ec62-d071-2b041d96f2c7 | G7: case_type1_dim2_3_text | T7: {}
A8: 0195d18c-1cac-4ed2-2296-a46fa423ce99 | B8: 0195d18c-1ca6-fd99-9d76-fcfa0c0cf400 | D8: 0195d18c-1ca9-2301-2c4f-a4762f675f45 | G8: case_type1_dim3_1_text | T8: {}
A9: 0195d18c-1cac-9221-a9c7-72e70e09dea9 | B9: 0195d18c-1ca6-fd99-9d76-fcfa0c0cf400 | D9: 0195d18c-1caa-e67f-100d-0d313ce91422 | G9: case_type1_dim3_2_text | T9: {}
A10: 0195d18c-1cac-4d0a-db2e-5a54065df180 | B10: 0195d18c-1ca6-fd99-9d76-fcfa0c0cf400 | D10: 0195d18c-1caa-aad7-3b8b-2357d679761c | G10: case_type1_dim3_3_text | T10: {}
A11: 0195d18c-1cad-37c6-0826-9671f313fb2b | B11: 0195d18c-1ca6-752a-ec56-ed1b3d0cb095 | D11: 0195d18c-1ca8-0d1d-088c-b8af029e62d9 | G11: case_type2_dim1_1_text | T11: {}
A12: 0195d18c-1cad-5b48-8a72-25050cbf379e | B12: 0195d18c-1ca6-752a-ec56-ed1b3d0cb095 | D12: 0195d18c-1ca8-2d41-3f8a-a08c6c72781c | G12: case_type2_dim1_2_text | T12: {}
A13: 0195d18c-1cad-e18e-a87d-8af6760d00e1 | B13: 0195d18c-1ca6-752a-ec56-ed1b3d0cb095 | D13: 0195d18c-1ca9-5de7-c726-bbac813384cb | G13: case_type2_dim1_3_text | T13: {}
... A46: 0195d18c-1cb7-e7f7-a41d-bacd0f861a06 | B46: 0195d18c-1ca7-ae33-0f89-bd1fd65da091 | D46: 0195d18c-1caa-aad7-3b8b-2357d679761c | G46: case_type5_dim3_3_text | T46: {}

Sheet CaseTypeColSet
A1: id | B1: name | C1: description
A2: 0195d18c-1cc1-44c2-1d6e-874dad333458 | B2: case_type_col_set1_1_1 | C2: case_type_col_set1_1_1
A3: 0195d18c-1cc1-c475-eba4-c3df5aea8858 | B3: case_type_col_set1_1_2 | C3: case_type_col_set1_1_2
A4: 0195d18c-1cc2-37d1-f6c3-0e7c8d6b1f07 | B4: case_type_col_set1_1_3 | C4: case_type_col_set1_1_3
A5: 0195d18c-1cc2-7cf5-8b5c-03f41714d8b8 | B5: case_type_col_set1_2_1 | C5: case_type_col_set1_2_1
A6: 0195d18c-1cc2-50aa-7113-6b261eaeec7a | B6: case_type_col_set1_2_2 | C6: case_type_col_set1_2_2
A7: 0195d18c-1cc3-0cbc-2362-c1cfe3fdec5a | B7: case_type_col_set1_2_3 | C7: case_type_col_set1_2_3
A8: 0195d18c-1cc3-e9c0-5858-8bf9d9d8c36f | B8: case_type_col_set1_3_1 | C8: case_type_col_set1_3_1
A9: 0195d18c-1cc4-9f18-3767-29d288f47190 | B9: case_type_col_set1_3_2 | C9: case_type_col_set1_3_2
A10: 0195d18c-1cc5-2ea3-8102-7b410f3146c8 | B10: case_type_col_set1_3_3 | C10: case_type_col_set1_3_3
A11: 0195d18c-1cc6-a324-3f72-222014292515 | B11: case_type_col_set2_1_1 | C11: case_type_col_set2_1_1
A12: 0195d18c-1cc7-243f-f4e7-3dbdfe691c71 | B12: case_type_col_set2_1_2 | C12: case_type_col_set2_1_2
... A46: 0195d18c-1cd7-b95b-ced6-589a63e3e6eb | B46: case_type_col_set5_3_3 | C46: case_type_col_set5_3_3

Sheet CaseTypeColSetMember
A1: id | B1: case_type_col_set_id | C1: dm.case_type_col_set.code | D1: case_type_col_set | E1: case_type_col_id | F1: dm.case_type_col.code | G1: case_type_col | H1: dm.key
A2: 0195d18c-1cc1-bc3b-7023-b090ec9fde88 | B2: 0195d18c-1cc1-44c2-1d6e-874dad333458 | C2: =INDEX(CaseTypeColSet!$B:$B,MATCH($B2,CaseTypeColSet!$A:$A,0)) -> case_type_col_set1_1_1 | E2: 0195d18c-1caa-1722-0366-f73bd3f09ee8 | F2: =INDEX(CaseTypeCol!$G:$G,MATCH($E2,CaseTypeCol!$A:$A,0)) -> case_type1_dim1_1_text | H2: =$B2&"|"&$E2 -> 0195d18c-1cc1-44c2-1d6e-874dad333458|0195d18c-1caa-1722-0366-f73bd3f09ee8
A3: 0195d18c-1cc1-0f5e-c6ae-7d0853762b78 | B3: 0195d18c-1cc1-c475-eba4-c3df5aea8858 | C3: =INDEX(CaseTypeColSet!$B:$B,MATCH($B3,CaseTypeColSet!$A:$A,0)) -> case_type_col_set1_1_2 | E3: 0195d18c-1cab-86f3-5faf-507bfa221cf6 | F3: =INDEX(CaseTypeCol!$G:$G,MATCH($E3,CaseTypeCol!$A:$A,0)) -> case_type1_dim1_2_text | H3: =$B3&"|"&$E3 -> 0195d18c-1cc1-c475-eba4-c3df5aea8858|0195d18c-1cab-86f3-5faf-507bfa221cf6
A4: 0195d18c-1cc2-c1f8-0499-314e9a217619 | B4: 0195d18c-1cc2-37d1-f6c3-0e7c8d6b1f07 | C4: =INDEX(CaseTypeColSet!$B:$B,MATCH($B4,CaseTypeColSet!$A:$A,0)) -> case_type_col_set1_1_3 | E4: 0195d18c-1cab-b4e5-a81b-6acdcc710af2 | F4: =INDEX(CaseTypeCol!$G:$G,MATCH($E4,CaseTypeCol!$A:$A,0)) -> case_type1_dim1_3_text | H4: =$B4&"|"&$E4 -> 0195d18c-1cc2-37d1-f6c3-0e7c8d6b1f07|0195d18c-1cab-b4e5-a81b-6acdcc710af2
A5: 0195d18c-1cc2-1b3f-7ef2-a1a00508cf8b | B5: 0195d18c-1cc2-7cf5-8b5c-03f41714d8b8 | C5: =INDEX(CaseTypeColSet!$B:$B,MATCH($B5,CaseTypeColSet!$A:$A,0)) -> case_type_col_set1_2_1 | E5: 0195d18c-1cab-3208-7ccc-820a8c522208 | F5: =INDEX(CaseTypeCol!$G:$G,MATCH($E5,CaseTypeCol!$A:$A,0)) -> case_type1_dim2_1_text | H5: =$B5&"|"&$E5 -> 0195d18c-1cc2-7cf5-8b5c-03f41714d8b8|0195d18c-1cab-3208-7ccc-820a8c522208
A6: 0195d18c-1cc3-b4fe-f9f7-0685cbaa31bb | B6: 0195d18c-1cc2-50aa-7113-6b261eaeec7a | C6: =INDEX(CaseTypeColSet!$B:$B,MATCH($B6,CaseTypeColSet!$A:$A,0)) -> case_type_col_set1_2_2 | E6: 0195d18c-1cab-767e-81b1-986e918827fb | F6: =INDEX(CaseTypeCol!$G:$G,MATCH($E6,CaseTypeCol!$A:$A,0)) -> case_type1_dim2_2_text | H6: =$B6&"|"&$E6 -> 0195d18c-1cc2-50aa-7113-6b261eaeec7a|0195d18c-1cab-767e-81b1-986e918827fb
A7: 0195d18c-1cc3-fe61-cacc-00b203019a57 | B7: 0195d18c-1cc3-0cbc-2362-c1cfe3fdec5a | C7: =INDEX(CaseTypeColSet!$B:$B,MATCH($B7,CaseTypeColSet!$A:$A,0)) -> case_type_col_set1_2_3 | E7: 0195d18c-1cab-22f7-dda1-cc74cee303ca | F7: =INDEX(CaseTypeCol!$G:$G,MATCH($E7,CaseTypeCol!$A:$A,0)) -> case_type1_dim2_3_text | H7: =$B7&"|"&$E7 -> 0195d18c-1cc3-0cbc-2362-c1cfe3fdec5a|0195d18c-1cab-22f7-dda1-cc74cee303ca
A8: 0195d18c-1cc3-efe3-8294-1bd2eeecd725 | B8: 0195d18c-1cc3-e9c0-5858-8bf9d9d8c36f | C8: =INDEX(CaseTypeColSet!$B:$B,MATCH($B8,CaseTypeColSet!$A:$A,0)) -> case_type_col_set1_3_1 | E8: 0195d18c-1cac-4ed2-2296-a46fa423ce99 | F8: =INDEX(CaseTypeCol!$G:$G,MATCH($E8,CaseTypeCol!$A:$A,0)) -> case_type1_dim3_1_text | H8: =$B8&"|"&$E8 -> 0195d18c-1cc3-e9c0-5858-8bf9d9d8c36f|0195d18c-1cac-4ed2-2296-a46fa423ce99
A9: 0195d18c-1cc4-c572-530d-d5d4c30deb5f | B9: 0195d18c-1cc4-9f18-3767-29d288f47190 | C9: =INDEX(CaseTypeColSet!$B:$B,MATCH($B9,CaseTypeColSet!$A:$A,0)) -> case_type_col_set1_3_2 | E9: 0195d18c-1cac-9221-a9c7-72e70e09dea9 | F9: =INDEX(CaseTypeCol!$G:$G,MATCH($E9,CaseTypeCol!$A:$A,0)) -> case_type1_dim3_2_text | H9: =$B9&"|"&$E9 -> 0195d18c-1cc4-9f18-3767-29d288f47190|0195d18c-1cac-9221-a9c7-72e70e09dea9
A10: 0195d18c-1cc5-36c7-d184-b8289b270f98 | B10: 0195d18c-1cc5-2ea3-8102-7b410f3146c8 | C10: =INDEX(CaseTypeColSet!$B:$B,MATCH($B10,CaseTypeColSet!$A:$A,0)) -> case_type_col_set1_3_3 | E10: 0195d18c-1cac-4d0a-db2e-5a54065df180 | F10: =INDEX(CaseTypeCol!$G:$G,MATCH($E10,CaseTypeCol!$A:$A,0)) -> case_type1_dim3_3_text | H10: =$B10&"|"&$E10 -> 0195d18c-1cc5-2ea3-8102-7b410f3146c8|0195d18c-1cac-4d0a-db2e-5a54065df180
A11: 0195d18c-1cc6-dfd8-d42b-028bcb2eda6e | B11: 0195d18c-1cc6-a324-3f72-222014292515 | C11: =INDEX(CaseTypeColSet!$B:$B,MATCH($B11,CaseTypeColSet!$A:$A,0)) -> case_type_col_set2_1_1 | E11: 0195d18c-1cad-37c6-0826-9671f313fb2b | F11: =INDEX(CaseTypeCol!$G:$G,MATCH($E11,CaseTypeCol!$A:$A,0)) -> case_type2_dim1_1_text | H11: =$B11&"|"&$E11 -> 0195d18c-1cc6-a324-3f72-222014292515|0195d18c-1cad-37c6-0826-9671f313fb2b
A12: 0195d18c-1cc7-85ac-2749-1dcda89a900a | B12: 0195d18c-1cc7-243f-f4e7-3dbdfe691c71 | C12: =INDEX(CaseTypeColSet!$B:$B,MATCH($B12,CaseTypeColSet!$A:$A,0)) -> case_type_col_set2_1_2 | E12: 0195d18c-1cad-5b48-8a72-25050cbf379e | F12: =INDEX(CaseTypeCol!$G:$G,MATCH($E12,CaseTypeCol!$A:$A,0)) -> case_type2_dim1_2_text | H12: =$B12&"|"&$E12 -> 0195d18c-1cc7-243f-f4e7-3dbdfe691c71|0195d18c-1cad-5b48-8a72-25050cbf379e
A13: 0195d18c-1cc7-93ce-aacd-c48aa7a52deb | B13: 0195d18c-1cc7-60b4-b4e6-8ff7fabb2b09 | C13: =INDEX(CaseTypeColSet!$B:$B,MATCH($B13,CaseTypeColSet!$A:$A,0)) -> case_type_col_set2_1_3 | E13: 0195d18c-1cad-e18e-a87d-8af6760d00e1 | F13: =INDEX(CaseTypeCol!$G:$G,MATCH($E13,CaseTypeCol!$A:$A,0)) -> case_type2_dim1_3_text | H13: =$B13&"|"&$E13 -> 0195d18c-1cc7-60b4-b4e6-8ff7fabb2b09|0195d18c-1cad-e18e-a87d-8af6760d00e1
... A46: 0195d18c-1cd8-43b4-813b-bc0358a7e252 | B46: 0195d18c-1cd7-b95b-ced6-589a63e3e6eb | C46: =INDEX(CaseTypeColSet!$B:$B,MATCH($B46,CaseTypeColSet!$A:$A,0)) -> case_type_col_set5_3_3 | E46: 0195d18c-1cb7-e7f7-a41d-bacd0f861a06 | F46: =INDEX(CaseTypeCol!$G:$G,MATCH($E46,CaseTypeCol!$A:$A,0)) -> case_type5_dim3_3_text | H46: =$B46&"|"&$E46 -> 0195d18c-1cd7-b95b-ced6-589a63e3e6eb|0195d18c-1cb7-e7f7-a41d-bacd0f861a06

Sheet OrganizationAdminPolicy
A1: id | B1: organization_id | C1: dm.organization | D1: user_id | E1: dm.user | F1: is_active
A2: 0195d18c-1c94-41b6-e8f3-0f0c398955cd | B2: 018d074d-ea0c-e942-07db-a3cc0ba1d653 | C2: =VLOOKUP(B2,Organization!$A:$B,2,0) -> org1 | D2: 0195d18c-1c93-1f4b-8c40-19223d6c7a8c | E2: =VLOOKUP(D2,User!$A:$D,3,0) -> org_admin1_1@org1.org | F2: TRUE
A3: 0195d18c-1c95-decc-cac0-6dcf11e700b2 | B3: 0195d18c-1c92-0ed4-2e94-b4f66d82baf3 | C3: =VLOOKUP(B3,Organization!$A:$B,2,0) -> org2 | D3: 0195d18c-1c95-2343-576e-0c14e0a4505d | E3: =VLOOKUP(D3,User!$A:$D,3,0) -> org_admin2_1@org2.org | F3: TRUE
A4: 0195d18c-1c96-5f7f-1e03-41e6478e8a85 | B4: 0195d18c-1c92-52b3-93e0-43dc1f2aa037 | C4: =VLOOKUP(B4,Organization!$A:$B,2,0) -> org3 | D4: 0195d18c-1c96-59a8-d2a6-70a3b13175a1 | E4: =VLOOKUP(D4,User!$A:$D,3,0) -> org_admin3_1@org3.org | F4: TRUE
A5: 0195d18c-1c97-7de8-a991-dfab21b4343d | B5: 0195d18c-1c92-d419-4c71-a570f428499b | C5: =VLOOKUP(B5,Organization!$A:$B,2,0) -> org4 | D5: 0195d18c-1c96-08ed-1241-eaf327bd1ffc | E5: =VLOOKUP(D5,User!$A:$D,3,0) -> org_admin4_1@org4.org | F5: TRUE
A6: 0195d18c-1c97-accb-a8a4-395f09f0f1e0 | B6: 0195d18c-1c93-02a2-6920-7e4dbfb73ce0 | C6: =VLOOKUP(B6,Organization!$A:$B,2,0) -> org5 | D6: 0195d18c-1c97-faac-82eb-3e357979b402 | E6: =VLOOKUP(D6,User!$A:$D,3,0) -> org_admin5_1@org5.org | F6: TRUE

Sheet CaseCrudCommand
A1: index | B1: dm.is_active | C1: id | D1: user.id | E1: user.name | F1: operation | G1: is_allowed | H1: dm.organization.id | I1: dm.user.roles.is_ge_app_admin | J1: dm.organization_access_case_policy.row | K1: dm.organization_access_case_policy.case_type_set.contains_case_type | L1: dm.organization_access_case_policy.add_case | M1: dm.organization_access_case_policy.remove_case | N1: dm.user_access_case_policy.row | O1: dm.user_access_case_policy.case_type_set.contains_case_type | P1: dm.user_access_case_policy.add_case | Q1: dm.user_access_case_policy.remove_case | R1: case.id | S1: case.case_type_id | T1: dm.case.case_type.code | U1: dm.case.case_type.cols_match | V1: case.subject_id | W1: case.created_in_data_collection_id | X1: dm.case.created_in_data_collection.name | Y1: case.count | Z1: case.case_date | AA1: case.content.case_type_col_id1 | AB1: case.content.case_type_col_value1 | AC1: dm.case.content.case_type_col_code1 | AD1: dm.organization_access_case_policy.read_case_type_col_set.contains_col1 | AE1: dm.organization_access_case_policy.write_case_type_col_set.contains_col1 | AF1: dm.user_access_case_policy.read_case_type_col_set.contains_col1 | AG1: dm.user_access_case_policy.write_case_type_col_set.contains_col1 | AH1: case.content.case_type_col_id2 | AI1: case.content.case_type_col_value2 | AJ1: dm.case.content.case_type_col_code2 | AK1: dm.organization_access_case_policy.read_case_type_col_set.contains_col2 | AL1: dm.organization_access_case_policy.write_case_type_col_set.contains_col2 | AM1: dm.user_access_case_policy.read_case_type_col_set.contains_col2 | AN1: dm.user_access_case_policy.write_case_type_col_set.contains_col2 | AO1: case.content.case_type_col_id3 | AP1: case.content.case_type_col_value3 | AQ1: dm.case.content.case_type_col_code3 | AR1: dm.organization_access_case_policy.read_case_type_col_set.contains_col3 | AS1: dm.organization_access_case_policy.write_case_type_col_set.contains_col3 | AT1: dm.user_access_case_policy.read_case_type_col_set.contains_col3 | AU1: dm.user_access_case_policy.write_case_type_col_set.contains_col3
A2: 1 | B2: TRUE | C2: 0198221b-5adb-2bd2-27ee-f32693770240 | D2: 019542cc-8225-8f5d-fa30-d9c3f2629703 | E2: =INDEX(User!$D:$D,MATCH($D2,User!$A:$A,0)) -> root1_1 | F2: CREATE | G2: =IF($F2="CREATE",$I2,IF($F2="CREATE_CASES",OR($I2,AND($K2,$L2,$O2,$P2,$AE2,AG2,$AL2,$AN2,$AS2,$AU2)),"TBD")) -> TRUE | H2: =INDEX(User!$G:$G,MATCH($D2,User!$A:$A,0)) -> 018d074d-ea0c-e942-07db-a3cc0ba1d653 | I2: =INDEX(User!$M:$M,MATCH($D2,User!$A:$A,0)) -> TRUE | J2: =IF(ISNA(MATCH($H2&"|"&$W2,OrganizationAccessCasePolicy!$V:$V,0)),"",MATCH($H2&"|"&$W2,OrganizationAccessCasePolicy!$V:$V,0)) -> 2 | K2: {=IF($J2="",FALSE,NOT(ISNA(MATCH(INDIRECT("OrganizationAccessCasePolicy!D"&$J2)&"|"&$S2,CaseTypeSetMember!$H:$H,0))))} -> TRUE | L2: {=IF($J2="",FALSE,AND(INDIRECT("OrganizationAccessCasePolicy!H"&$J2),NOT(ISNA(MATCH(INDIRECT("OrganizationAccessCasePolicy!D"&$J2)&"|"&$S2,CaseTypeSetMember!$H:$H,0)))))} -> TRUE | M2: {=IF($J2="",FALSE,AND(INDIRECT("OrganizationAccessCasePolicy!I"&$J2),NOT(ISNA(MATCH(INDIRECT("OrganizationAccessCasePolicy!D"&$J2)&"|"&$S2,CaseTypeSetMember!$H:$H,0)))))} -> TRUE | N2: =IF(ISNA(MATCH($D2&"|"&$W2,UserAccessCasePolicy!$W:$W,0)),"",MATCH($D2&"|"&$W2,UserAccessCasePolicy!$W:$W,0)) | O2: {=IF($N2="",FALSE,NOT(ISNA(MATCH(INDIRECT("UserAccessCasePolicy!D"&$N2)&"|"&$S2,CaseTypeSetMember!$H:$H,0))))} -> FALSE | P2: {=IF($N2="",FALSE,AND(INDIRECT("UserAccessCasePolicy!G"&$N2),NOT(ISNA(MATCH(INDIRECT("UserAccessCasePolicy!D"&$N2)&"|"&$S2,CaseTypeSetMember!$H:$H,0)))))} -> FALSE | Q2: {=IF($N2="",FALSE,AND(INDIRECT("UserAccessCasePolicy!H"&$N2),NOT(ISNA(MATCH(INDIRECT("UserAccessCasePolicy!D"&$N2)&"|"&$S2,CaseTypeSetMember!$H:$H,0)))))} -> FALSE | R2: 0198221b-5adb-2c9d-bed2-3ec38384a0ef | S2: 0195d18c-1ca6-fd99-9d76-fcfa0c0cf400 | T2: =INDEX(CaseType!$B:$B,MATCH($S2,CaseType!$A:$A,0)) -> case_type1 | U2: =AND(IF($AA2="",TRUE,$S2=INDEX(CaseTypeCol!$B:$B,MATCH($AA2,CaseTypeCol!$A:$A,0))),IF($AH2="",TRUE,$S2=INDEX(CaseTypeCol!$B:$B,MATCH($AH2,CaseTypeCol!$A:$A,0))),IF($AO2="",TRUE,$S2=INDEX(CaseTypeCol!$B:$B,MATCH($AO2,CaseTypeCol!$A:$A,0)))) -> TRUE | W2: 0195d18c-1ca2-a23d-1f64-00271f63199c | X2: =INDEX(DataCollection!$B:$B,MATCH($W2,DataCollection!$A:$A,0)) -> data_collection1 | Z2: 36526 | AA2: 0195d18c-1caa-1722-0366-f73bd3f09ee8 | AB2: a | AC2: =IF($AA2="","",INDEX(CaseTypeCol!$G:$G,MATCH($AA2,CaseTypeCol!$A:$A,0))) -> case_type1_dim1_1_text | AD2: {=IF($AA2="",TRUE,IF($J2="",FALSE,IF(INDIRECT("OrganizationAccessCasePolicy!J"&$J2)="",FALSE,NOT(ISNA(MATCH(INDIRECT("OrganizationAccessCasePolicy!J"&$J2)&"|"&$AA2,CaseTypeColSetMember!$H:$H,0))))))} -> TRUE | AE2: {=IF($AA2="",TRUE,IF($J2="",FALSE,IF(INDIRECT("OrganizationAccessCasePolicy!L"&$J2)="",FALSE,NOT(ISNA(MATCH(INDIRECT("OrganizationAccessCasePolicy!L"&$J2)&"|"&$AA2,CaseTypeColSetMember!$H:$H,0))))))} -> TRUE | AF2: {=IF($AA2="",TRUE,IF($N2="",FALSE,IF(INDIRECT("UserAccessCasePolicy!I"&$N2)="",FALSE,NOT(ISNA(MATCH(INDIRECT("UserAccessCasePolicy!I"&$N2)&"|"&$AA2,CaseTypeColSetMember!$H:$H,0))))))} -> FALSE | AG2: {=IF($AA2="",TRUE,IF($N2="",FALSE,IF(INDIRECT("UserAccessCasePolicy!K"&$N2)="",FALSE,NOT(ISNA(MATCH(INDIRECT("UserAccessCasePolicy!K"&$N2)&"|"&$AA2,CaseTypeColSetMember!$H:$H,0))))))} -> FALSE | AJ2: =IF($AH2="","",INDEX(CaseTypeCol!$G:$G,MATCH($AH2,CaseTypeCol!$A:$A,0))) | AK2: {=IF($AH2="",TRUE,IF($J2="",FALSE,IF(INDIRECT("OrganizationAccessCasePolicy!J"&$J2)="",FALSE,NOT(ISNA(MATCH(INDIRECT("OrganizationAccessCasePolicy!J"&$J2)&"|"&$AH2,CaseTypeColSetMember!$H:$H,0))))))} -> TRUE | AL2: {=IF($AH2="",TRUE,IF($J2="",FALSE,IF(INDIRECT("OrganizationAccessCasePolicy!L"&$J2)="",FALSE,NOT(ISNA(MATCH(INDIRECT("OrganizationAccessCasePolicy!L"&$J2)&"|"&$AH2,CaseTypeColSetMember!$H:$H,0))))))} -> TRUE | AM2: {=IF($AH2="",TRUE,IF($N2="",FALSE,IF(INDIRECT("UserAccessCasePolicy!I"&$N2)="",FALSE,NOT(ISNA(MATCH(INDIRECT("UserAccessCasePolicy!I"&$N2)&"|"&$AH2,CaseTypeColSetMember!$H:$H,0))))))} -> TRUE | AN2: {=IF($AH2="",TRUE,IF($N2="",FALSE,IF(INDIRECT("UserAccessCasePolicy!K"&$N2)="",FALSE,NOT(ISNA(MATCH(INDIRECT("UserAccessCasePolicy!K"&$N2)&"|"&$AH2,CaseTypeColSetMember!$H:$H,0))))))} -> TRUE | AQ2: =IF($AO2="","",INDEX(CaseTypeCol!$G:$G,MATCH($AO2,CaseTypeCol!$A:$A,0))) | AR2: {=IF($AO2="",TRUE,IF($J2="",FALSE,IF(INDIRECT("OrganizationAccessCasePolicy!J"&$J2)="",FALSE,NOT(ISNA(MATCH(INDIRECT("OrganizationAccessCasePolicy!J"&$J2)&"|"&$AO2,CaseTypeColSetMember!$H:$H,0))))))} -> TRUE | AS2: {=IF($AO2="",TRUE,IF($J2="",FALSE,IF(INDIRECT("OrganizationAccessCasePolicy!L"&$J2)="",FALSE,NOT(ISNA(MATCH(INDIRECT("OrganizationAccessCasePolicy!L"&$J2)&"|"&$AO2,CaseTypeColSetMember!$H:$H,0))))))} -> TRUE | AT2: {=IF($AO2="",TRUE,IF($N2="",FALSE,IF(INDIRECT("UserAccessCasePolicy!I"&$N2)="",FALSE,NOT(ISNA(MATCH(INDIRECT("UserAccessCasePolicy!I"&$N2)&"|"&$AO2,CaseTypeColSetMember!$H:$H,0))))))} -> TRUE | AU2: {=IF($AO2="",TRUE,IF($N2="",FALSE,IF(INDIRECT("UserAccessCasePolicy!K"&$N2)="",FALSE,NOT(ISNA(MATCH(INDIRECT("UserAccessCasePolicy!K"&$N2)&"|"&$AO2,CaseTypeColSetMember!$H:$H,0))))))} -> TRUE
A3: 2 | B3: TRUE | C3: 0198221b-5adb-8c9b-d440-6f661d5bac2d | D3: 0195d18c-1c92-110e-81c1-75ba0fec4494 | E3: =INDEX(User!$D:$D,MATCH($D3,User!$A:$A,0)) -> app_admin1_1 | F3: CREATE | G3: =IF($F3="CREATE",$I3,IF($F3="CREATE_CASES",OR($I3,AND($K3,$L3,$O3,$P3,$AE3,AG3,$AL3,$AN3,$AS3,$AU3)),"TBD")) -> TRUE | H3: =INDEX(User!$G:$G,MATCH($D3,User!$A:$A,0)) -> 018d074d-ea0c-e942-07db-a3cc0ba1d653 | I3: =INDEX(User!$M:$M,MATCH($D3,User!$A:$A,0)) -> TRUE | J3: =IF(ISNA(MATCH($H3&"|"&$W3,OrganizationAccessCasePolicy!$V:$V,0)),"",MATCH($H3&"|"&$W3,OrganizationAccessCasePolicy!$V:$V,0)) -> 2 | K3: {=IF($J3="",FALSE,NOT(ISNA(MATCH(INDIRECT("OrganizationAccessCasePolicy!D"&$J3)&"|"&$S3,CaseTypeSetMember!$H:$H,0))))} -> TRUE | L3: {=IF($J3="",FALSE,AND(INDIRECT("OrganizationAccessCasePolicy!H"&$J3),NOT(ISNA(MATCH(INDIRECT("OrganizationAccessCasePolicy!D"&$J3)&"|"&$S3,CaseTypeSetMember!$H:$H,0)))))} -> TRUE | M3: {=IF($J3="",FALSE,AND(INDIRECT("OrganizationAccessCasePolicy!I"&$J3),NOT(ISNA(MATCH(INDIRECT("OrganizationAccessCasePolicy!D"&$J3)&"|"&$S3,CaseTypeSetMember!$H:$H,0)))))} -> TRUE | N3: =IF(ISNA(MATCH($D3&"|"&$W3,UserAccessCasePolicy!$W:$W,0)),"",MATCH($D3&"|"&$W3,UserAccessCasePolicy!$W:$W,0)) | O3: {=IF($N3="",FALSE,NOT(ISNA(MATCH(INDIRECT("UserAccessCasePolicy!D"&$N3)&"|"&$S3,CaseTypeSetMember!$H:$H,0))))} -> FALSE | P3: {=IF($N3="",FALSE,AND(INDIRECT("UserAccessCasePolicy!G"&$N3),NOT(ISNA(MATCH(INDIRECT("UserAccessCasePolicy!D"&$N3)&"|"&$S3,CaseTypeSetMember!$H:$H,0)))))} -> FALSE | Q3: {=IF($N3="",FALSE,AND(INDIRECT("UserAccessCasePolicy!H"&$N3),NOT(ISNA(MATCH(INDIRECT("UserAccessCasePolicy!D"&$N3)&"|"&$S3,CaseTypeSetMember!$H:$H,0)))))} -> FALSE | R3: 0198221b-5adb-867c-dfe6-fb216e643760 | S3: 0195d18c-1ca6-fd99-9d76-fcfa0c0cf400 | T3: =INDEX(CaseType!$B:$B,MATCH($S3,CaseType!$A:$A,0)) -> case_type1 | U3: =AND(IF($AA3="",TRUE,$S3=INDEX(CaseTypeCol!$B:$B,MATCH($AA3,CaseTypeCol!$A:$A,0))),IF($AH3="",TRUE,$S3=INDEX(CaseTypeCol!$B:$B,MATCH($AH3,CaseTypeCol!$A:$A,0))),IF($AO3="",TRUE,$S3=INDEX(CaseTypeCol!$B:$B,MATCH($AO3,CaseTypeCol!$A:$A,0)))) -> TRUE | W3: 0195d18c-1ca2-a23d-1f64-00271f63199c | X3: =INDEX(DataCollection!$B:$B,MATCH($W3,DataCollection!$A:$A,0)) -> data_collection1 | Z3: 36526 | AA3: 0195d18c-1caa-1722-0366-f73bd3f09ee8 | AB3: a | AC3: =IF($AA3="","",INDEX(CaseTypeCol!$G:$G,MATCH($AA3,CaseTypeCol!$A:$A,0))) -> case_type1_dim1_1_text | AD3: {=IF($AA3="",TRUE,IF($J3="",FALSE,IF(INDIRECT("OrganizationAccessCasePolicy!J"&$J3)="",FALSE,NOT(ISNA(MATCH(INDIRECT("OrganizationAccessCasePolicy!J"&$J3)&"|"&$AA3,CaseTypeColSetMember!$H:$H,0))))))} -> TRUE | AE3: {=IF($AA3="",TRUE,IF($J3="",FALSE,IF(INDIRECT("OrganizationAccessCasePolicy!L"&$J3)="",FALSE,NOT(ISNA(MATCH(INDIRECT("OrganizationAccessCasePolicy!L"&$J3)&"|"&$AA3,CaseTypeColSetMember!$H:$H,0))))))} -> TRUE | AF3: {=IF($AA3="",TRUE,IF($N3="",FALSE,IF(INDIRECT("UserAccessCasePolicy!I"&$N3)="",FALSE,NOT(ISNA(MATCH(INDIRECT("UserAccessCasePolicy!I"&$N3)&"|"&$AA3,CaseTypeColSetMember!$H:$H,0))))))} -> FALSE | AG3: {=IF($AA3="",TRUE,IF($N3="",FALSE,IF(INDIRECT("UserAccessCasePolicy!K"&$N3)="",FALSE,NOT(ISNA(MATCH(INDIRECT("UserAccessCasePolicy!K"&$N3)&"|"&$AA3,CaseTypeColSetMember!$H:$H,0))))))} -> FALSE | AJ3: =IF($AH3="","",INDEX(CaseTypeCol!$G:$G,MATCH($AH3,CaseTypeCol!$A:$A,0))) | AK3: {=IF($AH3="",TRUE,IF($J3="",FALSE,IF(INDIRECT("OrganizationAccessCasePolicy!J"&$J3)="",FALSE,NOT(ISNA(MATCH(INDIRECT("OrganizationAccessCasePolicy!J"&$J3)&"|"&$AH3,CaseTypeColSetMember!$H:$H,0))))))} -> TRUE | AL3: {=IF($AH3="",TRUE,IF($J3="",FALSE,IF(INDIRECT("OrganizationAccessCasePolicy!L"&$J3)="",FALSE,NOT(ISNA(MATCH(INDIRECT("OrganizationAccessCasePolicy!L"&$J3)&"|"&$AH3,CaseTypeColSetMember!$H:$H,0))))))} -> TRUE | AM3: {=IF($AH3="",TRUE,IF($N3="",FALSE,IF(INDIRECT("UserAccessCasePolicy!I"&$N3)="",FALSE,NOT(ISNA(MATCH(INDIRECT("UserAccessCasePolicy!I"&$N3)&"|"&$AH3,CaseTypeColSetMember!$H:$H,0))))))} -> TRUE | AN3: {=IF($AH3="",TRUE,IF($N3="",FALSE,IF(INDIRECT("UserAccessCasePolicy!K"&$N3)="",FALSE,NOT(ISNA(MATCH(INDIRECT("UserAccessCasePolicy!K"&$N3)&"|"&$AH3,CaseTypeColSetMember!$H:$H,0))))))} -> TRUE | AQ3: =IF($AO3="","",INDEX(CaseTypeCol!$G:$G,MATCH($AO3,CaseTypeCol!$A:$A,0))) | AR3: {=IF($AO3="",TRUE,IF($J3="",FALSE,IF(INDIRECT("OrganizationAccessCasePolicy!J"&$J3)="",FALSE,NOT(ISNA(MATCH(INDIRECT("OrganizationAccessCasePolicy!J"&$J3)&"|"&$AO3,CaseTypeColSetMember!$H:$H,0))))))} -> TRUE | AS3: {=IF($AO3="",TRUE,IF($J3="",FALSE,IF(INDIRECT("OrganizationAccessCasePolicy!L"&$J3)="",FALSE,NOT(ISNA(MATCH(INDIRECT("OrganizationAccessCasePolicy!L"&$J3)&"|"&$AO3,CaseTypeColSetMember!$H:$H,0))))))} -> TRUE | AT3: {=IF($AO3="",TRUE,IF($N3="",FALSE,IF(INDIRECT("UserAccessCasePolicy!I"&$N3)="",FALSE,NOT(ISNA(MATCH(INDIRECT("UserAccessCasePolicy!I"&$N3)&"|"&$AO3,CaseTypeColSetMember!$H:$H,0))))))} -> TRUE | AU3: {=IF($AO3="",TRUE,IF($N3="",FALSE,IF(INDIRECT("UserAccessCasePolicy!K"&$N3)="",FALSE,NOT(ISNA(MATCH(INDIRECT("UserAccessCasePolicy!K"&$N3)&"|"&$AO3,CaseTypeColSetMember!$H:$H,0))))))} -> TRUE
A4: 3 | B4: TRUE | C4: 0198221b-5adb-07fc-811a-cec040f6fed6 | D4: 0195d18c-1c93-bcbb-eea8-94332d77b172 | E4: =INDEX(User!$D:$D,MATCH($D4,User!$A:$A,0)) -> refdata_admin1_1 | F4: CREATE | G4: =IF($F4="CREATE",$I4,IF($F4="CREATE_CASES",OR($I4,AND($K4,$L4,$O4,$P4,$AE4,AG4,$AL4,$AN4,$AS4,$AU4)),"TBD")) -> FALSE | H4: =INDEX(User!$G:$G,MATCH($D4,User!$A:$A,0)) -> 018d074d-ea0c-e942-07db-a3cc0ba1d653 | I4: =INDEX(User!$M:$M,MATCH($D4,User!$A:$A,0)) -> FALSE | J4: =IF(ISNA(MATCH($H4&"|"&$W4,OrganizationAccessCasePolicy!$V:$V,0)),"",MATCH($H4&"|"&$W4,OrganizationAccessCasePolicy!$V:$V,0)) -> 2 | K4: {=IF($J4="",FALSE,NOT(ISNA(MATCH(INDIRECT("OrganizationAccessCasePolicy!D"&$J4)&"|"&$S4,CaseTypeSetMember!$H:$H,0))))} -> TRUE | L4: {=IF($J4="",FALSE,AND(INDIRECT("OrganizationAccessCasePolicy!H"&$J4),NOT(ISNA(MATCH(INDIRECT("OrganizationAccessCasePolicy!D"&$J4)&"|"&$S4,CaseTypeSetMember!$H:$H,0)))))} -> TRUE | M4: {=IF($J4="",FALSE,AND(INDIRECT("OrganizationAccessCasePolicy!I"&$J4),NOT(ISNA(MATCH(INDIRECT("OrganizationAccessCasePolicy!D"&$J4)&"|"&$S4,CaseTypeSetMember!$H:$H,0)))))} -> TRUE | N4: =IF(ISNA(MATCH($D4&"|"&$W4,UserAccessCasePolicy!$W:$W,0)),"",MATCH($D4&"|"&$W4,UserAccessCasePolicy!$W:$W,0)) | O4: {=IF($N4="",FALSE,NOT(ISNA(MATCH(INDIRECT("UserAccessCasePolicy!D"&$N4)&"|"&$S4,CaseTypeSetMember!$H:$H,0))))} -> FALSE | P4: {=IF($N4="",FALSE,AND(INDIRECT("UserAccessCasePolicy!G"&$N4),NOT(ISNA(MATCH(INDIRECT("UserAccessCasePolicy!D"&$N4)&"|"&$S4,CaseTypeSetMember!$H:$H,0)))))} -> FALSE | Q4: {=IF($N4="",FALSE,AND(INDIRECT("UserAccessCasePolicy!H"&$N4),NOT(ISNA(MATCH(INDIRECT("UserAccessCasePolicy!D"&$N4)&"|"&$S4,CaseTypeSetMember!$H:$H,0)))))} -> FALSE | R4: 0198221b-5adb-7040-eaf9-8365166dcc2d | S4: 0195d18c-1ca6-fd99-9d76-fcfa0c0cf400 | T4: =INDEX(CaseType!$B:$B,MATCH($S4,CaseType!$A:$A,0)) -> case_type1 | U4: =AND(IF($AA4="",TRUE,$S4=INDEX(CaseTypeCol!$B:$B,MATCH($AA4,CaseTypeCol!$A:$A,0))),IF($AH4="",TRUE,$S4=INDEX(CaseTypeCol!$B:$B,MATCH($AH4,CaseTypeCol!$A:$A,0))),IF($AO4="",TRUE,$S4=INDEX(CaseTypeCol!$B:$B,MATCH($AO4,CaseTypeCol!$A:$A,0)))) -> TRUE | W4: 0195d18c-1ca2-a23d-1f64-00271f63199c | X4: =INDEX(DataCollection!$B:$B,MATCH($W4,DataCollection!$A:$A,0)) -> data_collection1 | Z4: 36526 | AA4: 0195d18c-1caa-1722-0366-f73bd3f09ee8 | AB4: a | AC4: =IF($AA4="","",INDEX(CaseTypeCol!$G:$G,MATCH($AA4,CaseTypeCol!$A:$A,0))) -> case_type1_dim1_1_text | AD4: {=IF($AA4="",TRUE,IF($J4="",FALSE,IF(INDIRECT("OrganizationAccessCasePolicy!J"&$J4)="",FALSE,NOT(ISNA(MATCH(INDIRECT("OrganizationAccessCasePolicy!J"&$J4)&"|"&$AA4,CaseTypeColSetMember!$H:$H,0))))))} -> TRUE | AE4: {=IF($AA4="",TRUE,IF($J4="",FALSE,IF(INDIRECT("OrganizationAccessCasePolicy!L"&$J4)="",FALSE,NOT(ISNA(MATCH(INDIRECT("OrganizationAccessCasePolicy!L"&$J4)&"|"&$AA4,CaseTypeColSetMember!$H:$H,0))))))} -> TRUE | AF4: {=IF($AA4="",TRUE,IF($N4="",FALSE,IF(INDIRECT("UserAccessCasePolicy!I"&$N4)="",FALSE,NOT(ISNA(MATCH(INDIRECT("UserAccessCasePolicy!I"&$N4)&"|"&$AA4,CaseTypeColSetMember!$H:$H,0))))))} -> FALSE | AG4: {=IF($AA4="",TRUE,IF($N4="",FALSE,IF(INDIRECT("UserAccessCasePolicy!K"&$N4)="",FALSE,NOT(ISNA(MATCH(INDIRECT("UserAccessCasePolicy!K"&$N4)&"|"&$AA4,CaseTypeColSetMember!$H:$H,0))))))} -> FALSE | AJ4: =IF($AH4="","",INDEX(CaseTypeCol!$G:$G,MATCH($AH4,CaseTypeCol!$A:$A,0))) | AK4: {=IF($AH4="",TRUE,IF($J4="",FALSE,IF(INDIRECT("OrganizationAccessCasePolicy!J"&$J4)="",FALSE,NOT(ISNA(MATCH(INDIRECT("OrganizationAccessCasePolicy!J"&$J4)&"|"&$AH4,CaseTypeColSetMember!$H:$H,0))))))} -> TRUE | AL4: {=IF($AH4="",TRUE,IF($J4="",FALSE,IF(INDIRECT("OrganizationAccessCasePolicy!L"&$J4)="",FALSE,NOT(ISNA(MATCH(INDIRECT("OrganizationAccessCasePolicy!L"&$J4)&"|"&$AH4,CaseTypeColSetMember!$H:$H,0))))))} -> TRUE | AM4: {=IF($AH4="",TRUE,IF($N4="",FALSE,IF(INDIRECT("UserAccessCasePolicy!I"&$N4)="",FALSE,NOT(ISNA(MATCH(INDIRECT("UserAccessCasePolicy!I"&$N4)&"|"&$AH4,CaseTypeColSetMember!$H:$H,0))))))} -> TRUE | AN4: {=IF($AH4="",TRUE,IF($N4="",FALSE,IF(INDIRECT("UserAccessCasePolicy!K"&$N4)="",FALSE,NOT(ISNA(MATCH(INDIRECT("UserAccessCasePolicy!K"&$N4)&"|"&$AH4,CaseTypeColSetMember!$H:$H,0))))))} -> TRUE | AQ4: =IF($AO4="","",INDEX(CaseTypeCol!$G:$G,MATCH($AO4,CaseTypeCol!$A:$A,0))) | AR4: {=IF($AO4="",TRUE,IF($J4="",FALSE,IF(INDIRECT("OrganizationAccessCasePolicy!J"&$J4)="",FALSE,NOT(ISNA(MATCH(INDIRECT("OrganizationAccessCasePolicy!J"&$J4)&"|"&$AO4,CaseTypeColSetMember!$H:$H,0))))))} -> TRUE | AS4: {=IF($AO4="",TRUE,IF($J4="",FALSE,IF(INDIRECT("OrganizationAccessCasePolicy!L"&$J4)="",FALSE,NOT(ISNA(MATCH(INDIRECT("OrganizationAccessCasePolicy!L"&$J4)&"|"&$AO4,CaseTypeColSetMember!$H:$H,0))))))} -> TRUE | AT4: {=IF($AO4="",TRUE,IF($N4="",FALSE,IF(INDIRECT("UserAccessCasePolicy!I"&$N4)="",FALSE,NOT(ISNA(MATCH(INDIRECT("UserAccessCasePolicy!I"&$N4)&"|"&$AO4,CaseTypeColSetMember!$H:$H,0))))))} -> TRUE | AU4: {=IF($AO4="",TRUE,IF($N4="",FALSE,IF(INDIRECT("UserAccessCasePolicy!K"&$N4)="",FALSE,NOT(ISNA(MATCH(INDIRECT("UserAccessCasePolicy!K"&$N4)&"|"&$AO4,CaseTypeColSetMember!$H:$H,0))))))} -> TRUE
A5: 4 | B5: TRUE | C5: 0198221b-5adb-d596-0352-8ae2fe336894 | D5: 0195d18c-1c93-1f4b-8c40-19223d6c7a8c | E5: =INDEX(User!$D:$D,MATCH($D5,User!$A:$A,0)) -> org_admin1_1 | F5: CREATE | G5: =IF($F5="CREATE",$I5,IF($F5="CREATE_CASES",OR($I5,AND($K5,$L5,$O5,$P5,$AE5,AG5,$AL5,$AN5,$AS5,$AU5)),"TBD")) -> FALSE | H5: =INDEX(User!$G:$G,MATCH($D5,User!$A:$A,0)) -> 018d074d-ea0c-e942-07db-a3cc0ba1d653 | I5: =INDEX(User!$M:$M,MATCH($D5,User!$A:$A,0)) -> FALSE | J5: =IF(ISNA(MATCH($H5&"|"&$W5,OrganizationAccessCasePolicy!$V:$V,0)),"",MATCH($H5&"|"&$W5,OrganizationAccessCasePolicy!$V:$V,0)) -> 2 | K5: {=IF($J5="",FALSE,NOT(ISNA(MATCH(INDIRECT("OrganizationAccessCasePolicy!D"&$J5)&"|"&$S5,CaseTypeSetMember!$H:$H,0))))} -> TRUE | L5: {=IF($J5="",FALSE,AND(INDIRECT("OrganizationAccessCasePolicy!H"&$J5),NOT(ISNA(MATCH(INDIRECT("OrganizationAccessCasePolicy!D"&$J5)&"|"&$S5,CaseTypeSetMember!$H:$H,0)))))} -> TRUE | M5: {=IF($J5="",FALSE,AND(INDIRECT("OrganizationAccessCasePolicy!I"&$J5),NOT(ISNA(MATCH(INDIRECT("OrganizationAccessCasePolicy!D"&$J5)&"|"&$S5,CaseTypeSetMember!$H:$H,0)))))} -> TRUE | N5: =IF(ISNA(MATCH($D5&"|"&$W5,UserAccessCasePolicy!$W:$W,0)),"",MATCH($D5&"|"&$W5,UserAccessCasePolicy!$W:$W,0)) | O5: {=IF($N5="",FALSE,NOT(ISNA(MATCH(INDIRECT("UserAccessCasePolicy!D"&$N5)&"|"&$S5,CaseTypeSetMember!$H:$H,0))))} -> FALSE | P5: {=IF($N5="",FALSE,AND(INDIRECT("UserAccessCasePolicy!G"&$N5),NOT(ISNA(MATCH(INDIRECT("UserAccessCasePolicy!D"&$N5)&"|"&$S5,CaseTypeSetMember!$H:$H,0)))))} -> FALSE | Q5: {=IF($N5="",FALSE,AND(INDIRECT("UserAccessCasePolicy!H"&$N5),NOT(ISNA(MATCH(INDIRECT("UserAccessCasePolicy!D"&$N5)&"|"&$S5,CaseTypeSetMember!$H:$H,0)))))} -> FALSE | R5: 0198221b-5adb-f506-672a-860dee7d4d46 | S5: 0195d18c-1ca6-fd99-9d76-fcfa0c0cf400 | T5: =INDEX(CaseType!$B:$B,MATCH($S5,CaseType!$A:$A,0)) -> case_type1 | U5: =AND(IF($AA5="",TRUE,$S5=INDEX(CaseTypeCol!$B:$B,MATCH($AA5,CaseTypeCol!$A:$A,0))),IF($AH5="",TRUE,$S5=INDEX(CaseTypeCol!$B:$B,MATCH($AH5,CaseTypeCol!$A:$A,0))),IF($AO5="",TRUE,$S5=INDEX(CaseTypeCol!$B:$B,MATCH($AO5,CaseTypeCol!$A:$A,0)))) -> TRUE | W5: 0195d18c-1ca2-a23d-1f64-00271f63199c | X5: =INDEX(DataCollection!$B:$B,MATCH($W5,DataCollection!$A:$A,0)) -> data_collection1 | Z5: 36526 | AA5: 0195d18c-1caa-1722-0366-f73bd3f09ee8 | AB5: a | AC5: =IF($AA5="","",INDEX(CaseTypeCol!$G:$G,MATCH($AA5,CaseTypeCol!$A:$A,0))) -> case_type1_dim1_1_text | AD5: {=IF($AA5="",TRUE,IF($J5="",FALSE,IF(INDIRECT("OrganizationAccessCasePolicy!J"&$J5)="",FALSE,NOT(ISNA(MATCH(INDIRECT("OrganizationAccessCasePolicy!J"&$J5)&"|"&$AA5,CaseTypeColSetMember!$H:$H,0))))))} -> TRUE | AE5: {=IF($AA5="",TRUE,IF($J5="",FALSE,IF(INDIRECT("OrganizationAccessCasePolicy!L"&$J5)="",FALSE,NOT(ISNA(MATCH(INDIRECT("OrganizationAccessCasePolicy!L"&$J5)&"|"&$AA5,CaseTypeColSetMember!$H:$H,0))))))} -> TRUE | AF5: {=IF($AA5="",TRUE,IF($N5="",FALSE,IF(INDIRECT("UserAccessCasePolicy!I"&$N5)="",FALSE,NOT(ISNA(MATCH(INDIRECT("UserAccessCasePolicy!I"&$N5)&"|"&$AA5,CaseTypeColSetMember!$H:$H,0))))))} -> FALSE | AG5: {=IF($AA5="",TRUE,IF($N5="",FALSE,IF(INDIRECT("UserAccessCasePolicy!K"&$N5)="",FALSE,NOT(ISNA(MATCH(INDIRECT("UserAccessCasePolicy!K"&$N5)&"|"&$AA5,CaseTypeColSetMember!$H:$H,0))))))} -> FALSE | AJ5: =IF($AH5="","",INDEX(CaseTypeCol!$G:$G,MATCH($AH5,CaseTypeCol!$A:$A,0))) | AK5: {=IF($AH5="",TRUE,IF($J5="",FALSE,IF(INDIRECT("OrganizationAccessCasePolicy!J"&$J5)="",FALSE,NOT(ISNA(MATCH(INDIRECT("OrganizationAccessCasePolicy!J"&$J5)&"|"&$AH5,CaseTypeColSetMember!$H:$H,0))))))} -> TRUE | AL5: {=IF($AH5="",TRUE,IF($J5="",FALSE,IF(INDIRECT("OrganizationAccessCasePolicy!L"&$J5)="",FALSE,NOT(ISNA(MATCH(INDIRECT("OrganizationAccessCasePolicy!L"&$J5)&"|"&$AH5,CaseTypeColSetMember!$H:$H,0))))))} -> TRUE | AM5: {=IF($AH5="",TRUE,IF($N5="",FALSE,IF(INDIRECT("UserAccessCasePolicy!I"&$N5)="",FALSE,NOT(ISNA(MATCH(INDIRECT("UserAccessCasePolicy!I"&$N5)&"|"&$AH5,CaseTypeColSetMember!$H:$H,0))))))} -> TRUE | AN5: {=IF($AH5="",TRUE,IF($N5="",FALSE,IF(INDIRECT("UserAccessCasePolicy!K"&$N5)="",FALSE,NOT(ISNA(MATCH(INDIRECT("UserAccessCasePolicy!K"&$N5)&"|"&$AH5,CaseTypeColSetMember!$H:$H,0))))))} -> TRUE | AQ5: =IF($AO5="","",INDEX(CaseTypeCol!$G:$G,MATCH($AO5,CaseTypeCol!$A:$A,0))) | AR5: {=IF($AO5="",TRUE,IF($J5="",FALSE,IF(INDIRECT("OrganizationAccessCasePolicy!J"&$J5)="",FALSE,NOT(ISNA(MATCH(INDIRECT("OrganizationAccessCasePolicy!J"&$J5)&"|"&$AO5,CaseTypeColSetMember!$H:$H,0))))))} -> TRUE | AS5: {=IF($AO5="",TRUE,IF($J5="",FALSE,IF(INDIRECT("OrganizationAccessCasePolicy!L"&$J5)="",FALSE,NOT(ISNA(MATCH(INDIRECT("OrganizationAccessCasePolicy!L"&$J5)&"|"&$AO5,CaseTypeColSetMember!$H:$H,0))))))} -> TRUE | AT5: {=IF($AO5="",TRUE,IF($N5="",FALSE,IF(INDIRECT("UserAccessCasePolicy!I"&$N5)="",FALSE,NOT(ISNA(MATCH(INDIRECT("UserAccessCasePolicy!I"&$N5)&"|"&$AO5,CaseTypeColSetMember!$H:$H,0))))))} -> TRUE | AU5: {=IF($AO5="",TRUE,IF($N5="",FALSE,IF(INDIRECT("UserAccessCasePolicy!K"&$N5)="",FALSE,NOT(ISNA(MATCH(INDIRECT("UserAccessCasePolicy!K"&$N5)&"|"&$AO5,CaseTypeColSetMember!$H:$H,0))))))} -> TRUE
A6: 5 | B6: TRUE | C6: 0198221b-5adb-068a-e2eb-3e3da27aaf5c | D6: 0195d18c-1c98-7e0b-0c91-8cafbdb2c852 | E6: =INDEX(User!$D:$D,MATCH($D6,User!$A:$A,0)) -> org_user1_1 | F6: CREATE | G6: =IF($F6="CREATE",$I6,IF($F6="CREATE_CASES",OR($I6,AND($K6,$L6,$O6,$P6,$AE6,AG6,$AL6,$AN6,$AS6,$AU6)),"TBD")) -> FALSE | H6: =INDEX(User!$G:$G,MATCH($D6,User!$A:$A,0)) -> 018d074d-ea0c-e942-07db-a3cc0ba1d653 | I6: =INDEX(User!$M:$M,MATCH($D6,User!$A:$A,0)) -> FALSE | J6: =IF(ISNA(MATCH($H6&"|"&$W6,OrganizationAccessCasePolicy!$V:$V,0)),"",MATCH($H6&"|"&$W6,OrganizationAccessCasePolicy!$V:$V,0)) -> 2 | K6: {=IF($J6="",FALSE,NOT(ISNA(MATCH(INDIRECT("OrganizationAccessCasePolicy!D"&$J6)&"|"&$S6,CaseTypeSetMember!$H:$H,0))))} -> TRUE | L6: {=IF($J6="",FALSE,AND(INDIRECT("OrganizationAccessCasePolicy!H"&$J6),NOT(ISNA(MATCH(INDIRECT("OrganizationAccessCasePolicy!D"&$J6)&"|"&$S6,CaseTypeSetMember!$H:$H,0)))))} -> TRUE | M6: {=IF($J6="",FALSE,AND(INDIRECT("OrganizationAccessCasePolicy!I"&$J6),NOT(ISNA(MATCH(INDIRECT("OrganizationAccessCasePolicy!D"&$J6)&"|"&$S6,CaseTypeSetMember!$H:$H,0)))))} -> TRUE | N6: =IF(ISNA(MATCH($D6&"|"&$W6,UserAccessCasePolicy!$W:$W,0)),"",MATCH($D6&"|"&$W6,UserAccessCasePolicy!$W:$W,0)) -> 2 | O6: {=IF($N6="",FALSE,NOT(ISNA(MATCH(INDIRECT("UserAccessCasePolicy!D"&$N6)&"|"&$S6,CaseTypeSetMember!$H:$H,0))))} -> TRUE | P6: {=IF($N6="",FALSE,AND(INDIRECT("UserAccessCasePolicy!G"&$N6),NOT(ISNA(MATCH(INDIRECT("UserAccessCasePolicy!D"&$N6)&"|"&$S6,CaseTypeSetMember!$H:$H,0)))))} -> TRUE | Q6: {=IF($N6="",FALSE,AND(INDIRECT("UserAccessCasePolicy!H"&$N6),NOT(ISNA(MATCH(INDIRECT("UserAccessCasePolicy!D"&$N6)&"|"&$S6,CaseTypeSetMember!$H:$H,0)))))} -> TRUE | R6: 0198221b-5adb-97fb-41db-bca5efc1bbb6 | S6: 0195d18c-1ca6-fd99-9d76-fcfa0c0cf400 | T6: =INDEX(CaseType!$B:$B,MATCH($S6,CaseType!$A:$A,0)) -> case_type1 | U6: =AND(IF($AA6="",TRUE,$S6=INDEX(CaseTypeCol!$B:$B,MATCH($AA6,CaseTypeCol!$A:$A,0))),IF($AH6="",TRUE,$S6=INDEX(CaseTypeCol!$B:$B,MATCH($AH6,CaseTypeCol!$A:$A,0))),IF($AO6="",TRUE,$S6=INDEX(CaseTypeCol!$B:$B,MATCH($AO6,CaseTypeCol!$A:$A,0)))) -> TRUE | W6: 0195d18c-1ca2-a23d-1f64-00271f63199c | X6: =INDEX(DataCollection!$B:$B,MATCH($W6,DataCollection!$A:$A,0)) -> data_collection1 | Z6: 36526 | AA6: 0195d18c-1caa-1722-0366-f73bd3f09ee8 | AB6: a | AC6: =IF($AA6="","",INDEX(CaseTypeCol!$G:$G,MATCH($AA6,CaseTypeCol!$A:$A,0))) -> case_type1_dim1_1_text | AD6: {=IF($AA6="",TRUE,IF($J6="",FALSE,IF(INDIRECT("OrganizationAccessCasePolicy!J"&$J6)="",FALSE,NOT(ISNA(MATCH(INDIRECT("OrganizationAccessCasePolicy!J"&$J6)&"|"&$AA6,CaseTypeColSetMember!$H:$H,0))))))} -> TRUE | AE6: {=IF($AA6="",TRUE,IF($J6="",FALSE,IF(INDIRECT("OrganizationAccessCasePolicy!L"&$J6)="",FALSE,NOT(ISNA(MATCH(INDIRECT("OrganizationAccessCasePolicy!L"&$J6)&"|"&$AA6,CaseTypeColSetMember!$H:$H,0))))))} -> TRUE | AF6: {=IF($AA6="",TRUE,IF($N6="",FALSE,IF(INDIRECT("UserAccessCasePolicy!I"&$N6)="",FALSE,NOT(ISNA(MATCH(INDIRECT("UserAccessCasePolicy!I"&$N6)&"|"&$AA6,CaseTypeColSetMember!$H:$H,0))))))} -> TRUE | AG6: {=IF($AA6="",TRUE,IF($N6="",FALSE,IF(INDIRECT("UserAccessCasePolicy!K"&$N6)="",FALSE,NOT(ISNA(MATCH(INDIRECT("UserAccessCasePolicy!K"&$N6)&"|"&$AA6,CaseTypeColSetMember!$H:$H,0))))))} -> TRUE | AJ6: =IF($AH6="","",INDEX(CaseTypeCol!$G:$G,MATCH($AH6,CaseTypeCol!$A:$A,0))) | AK6: {=IF($AH6="",TRUE,IF($J6="",FALSE,IF(INDIRECT("OrganizationAccessCasePolicy!J"&$J6)="",FALSE,NOT(ISNA(MATCH(INDIRECT("OrganizationAccessCasePolicy!J"&$J6)&"|"&$AH6,CaseTypeColSetMember!$H:$H,0))))))} -> TRUE | AL6: {=IF($AH6="",TRUE,IF($J6="",FALSE,IF(INDIRECT("OrganizationAccessCasePolicy!L"&$J6)="",FALSE,NOT(ISNA(MATCH(INDIRECT("OrganizationAccessCasePolicy!L"&$J6)&"|"&$AH6,CaseTypeColSetMember!$H:$H,0))))))} -> TRUE | AM6: {=IF($AH6="",TRUE,IF($N6="",FALSE,IF(INDIRECT("UserAccessCasePolicy!I"&$N6)="",FALSE,NOT(ISNA(MATCH(INDIRECT("UserAccessCasePolicy!I"&$N6)&"|"&$AH6,CaseTypeColSetMember!$H:$H,0))))))} -> TRUE | AN6: {=IF($AH6="",TRUE,IF($N6="",FALSE,IF(INDIRECT("UserAccessCasePolicy!K"&$N6)="",FALSE,NOT(ISNA(MATCH(INDIRECT("UserAccessCasePolicy!K"&$N6)&"|"&$AH6,CaseTypeColSetMember!$H:$H,0))))))} -> TRUE | AQ6: =IF($AO6="","",INDEX(CaseTypeCol!$G:$G,MATCH($AO6,CaseTypeCol!$A:$A,0))) | AR6: {=IF($AO6="",TRUE,IF($J6="",FALSE,IF(INDIRECT("OrganizationAccessCasePolicy!J"&$J6)="",FALSE,NOT(ISNA(MATCH(INDIRECT("OrganizationAccessCasePolicy!J"&$J6)&"|"&$AO6,CaseTypeColSetMember!$H:$H,0))))))} -> TRUE | AS6: {=IF($AO6="",TRUE,IF($J6="",FALSE,IF(INDIRECT("OrganizationAccessCasePolicy!L"&$J6)="",FALSE,NOT(ISNA(MATCH(INDIRECT("OrganizationAccessCasePolicy!L"&$J6)&"|"&$AO6,CaseTypeColSetMember!$H:$H,0))))))} -> TRUE | AT6: {=IF($AO6="",TRUE,IF($N6="",FALSE,IF(INDIRECT("UserAccessCasePolicy!I"&$N6)="",FALSE,NOT(ISNA(MATCH(INDIRECT("UserAccessCasePolicy!I"&$N6)&"|"&$AO6,CaseTypeColSetMember!$H:$H,0))))))} -> TRUE | AU6: {=IF($AO6="",TRUE,IF($N6="",FALSE,IF(INDIRECT("UserAccessCasePolicy!K"&$N6)="",FALSE,NOT(ISNA(MATCH(INDIRECT("UserAccessCasePolicy!K"&$N6)&"|"&$AO6,CaseTypeColSetMember!$H:$H,0))))))} -> TRUE
A7: 6 | B7: TRUE | C7: 0198221b-5adb-ea6d-fc5c-e1198ac9e42f | D7: 019542cc-8225-8f5d-fa30-d9c3f2629703 | E7: =INDEX(User!$D:$D,MATCH($D7,User!$A:$A,0)) -> root1_1 | F7: CREATE_CASES | G7: =IF($F7="CREATE",$I7,IF($F7="CREATE_CASES",OR($I7,AND($K7,$L7,$O7,$P7,$AE7,AG7,$AL7,$AN7,$AS7,$AU7)),"TBD")) -> TRUE | H7: =INDEX(User!$G:$G,MATCH($D7,User!$A:$A,0)) -> 018d074d-ea0c-e942-07db-a3cc0ba1d653 | I7: =INDEX(User!$M:$M,MATCH($D7,User!$A:$A,0)) -> TRUE | J7: =IF(ISNA(MATCH($H7&"|"&$W7,OrganizationAccessCasePolicy!$V:$V,0)),"",MATCH($H7&"|"&$W7,OrganizationAccessCasePolicy!$V:$V,0)) -> 2 | K7: {=IF($J7="",FALSE,NOT(ISNA(MATCH(INDIRECT("OrganizationAccessCasePolicy!D"&$J7)&"|"&$S7,CaseTypeSetMember!$H:$H,0))))} -> TRUE | L7: {=IF($J7="",FALSE,AND(INDIRECT("OrganizationAccessCasePolicy!H"&$J7),NOT(ISNA(MATCH(INDIRECT("OrganizationAccessCasePolicy!D"&$J7)&"|"&$S7,CaseTypeSetMember!$H:$H,0)))))} -> TRUE | M7: {=IF($J7="",FALSE,AND(INDIRECT("OrganizationAccessCasePolicy!I"&$J7),NOT(ISNA(MATCH(INDIRECT("OrganizationAccessCasePolicy!D"&$J7)&"|"&$S7,CaseTypeSetMember!$H:$H,0)))))} -> TRUE | N7: =IF(ISNA(MATCH($D7&"|"&$W7,UserAccessCasePolicy!$W:$W,0)),"",MATCH($D7&"|"&$W7,UserAccessCasePolicy!$W:$W,0)) | O7: {=IF($N7="",FALSE,NOT(ISNA(MATCH(INDIRECT("UserAccessCasePolicy!D"&$N7)&"|"&$S7,CaseTypeSetMember!$H:$H,0))))} -> FALSE | P7: {=IF($N7="",FALSE,AND(INDIRECT("UserAccessCasePolicy!G"&$N7),NOT(ISNA(MATCH(INDIRECT("UserAccessCasePolicy!D"&$N7)&"|"&$S7,CaseTypeSetMember!$H:$H,0)))))} -> FALSE | Q7: {=IF($N7="",FALSE,AND(INDIRECT("UserAccessCasePolicy!H"&$N7),NOT(ISNA(MATCH(INDIRECT("UserAccessCasePolicy!D"&$N7)&"|"&$S7,CaseTypeSetMember!$H:$H,0)))))} -> FALSE | R7: 0198221b-5adb-ac88-8aac-4b199ae92773 | S7: 0195d18c-1ca6-fd99-9d76-fcfa0c0cf400 | T7: =INDEX(CaseType!$B:$B,MATCH($S7,CaseType!$A:$A,0)) -> case_type1 | U7: =AND(IF($AA7="",TRUE,$S7=INDEX(CaseTypeCol!$B:$B,MATCH($AA7,CaseTypeCol!$A:$A,0))),IF($AH7="",TRUE,$S7=INDEX(CaseTypeCol!$B:$B,MATCH($AH7,CaseTypeCol!$A:$A,0))),IF($AO7="",TRUE,$S7=INDEX(CaseTypeCol!$B:$B,MATCH($AO7,CaseTypeCol!$A:$A,0)))) -> TRUE | W7: 0195d18c-1ca2-a23d-1f64-00271f63199c | X7: =INDEX(DataCollection!$B:$B,MATCH($W7,DataCollection!$A:$A,0)) -> data_collection1 | Z7: 36526 | AA7: 0195d18c-1caa-1722-0366-f73bd3f09ee8 | AB7: a | AC7: =IF($AA7="","",INDEX(CaseTypeCol!$G:$G,MATCH($AA7,CaseTypeCol!$A:$A,0))) -> case_type1_dim1_1_text | AD7: {=IF($AA7="",TRUE,IF($J7="",FALSE,IF(INDIRECT("OrganizationAccessCasePolicy!J"&$J7)="",FALSE,NOT(ISNA(MATCH(INDIRECT("OrganizationAccessCasePolicy!J"&$J7)&"|"&$AA7,CaseTypeColSetMember!$H:$H,0))))))} -> TRUE | AE7: {=IF($AA7="",TRUE,IF($J7="",FALSE,IF(INDIRECT("OrganizationAccessCasePolicy!L"&$J7)="",FALSE,NOT(ISNA(MATCH(INDIRECT("OrganizationAccessCasePolicy!L"&$J7)&"|"&$AA7,CaseTypeColSetMember!$H:$H,0))))))} -> TRUE | AF7: {=IF($AA7="",TRUE,IF($N7="",FALSE,IF(INDIRECT("UserAccessCasePolicy!I"&$N7)="",FALSE,NOT(ISNA(MATCH(INDIRECT("UserAccessCasePolicy!I"&$N7)&"|"&$AA7,CaseTypeColSetMember!$H:$H,0))))))} -> FALSE | AG7: {=IF($AA7="",TRUE,IF($N7="",FALSE,IF(INDIRECT("UserAccessCasePolicy!K"&$N7)="",FALSE,NOT(ISNA(MATCH(INDIRECT("UserAccessCasePolicy!K"&$N7)&"|"&$AA7,CaseTypeColSetMember!$H:$H,0))))))} -> FALSE | AJ7: =IF($AH7="","",INDEX(CaseTypeCol!$G:$G,MATCH($AH7,CaseTypeCol!$A:$A,0))) | AK7: {=IF($AH7="",TRUE,IF($J7="",FALSE,IF(INDIRECT("OrganizationAccessCasePolicy!J"&$J7)="",FALSE,NOT(ISNA(MATCH(INDIRECT("OrganizationAccessCasePolicy!J"&$J7)&"|"&$AH7,CaseTypeColSetMember!$H:$H,0))))))} -> TRUE | AL7: {=IF($AH7="",TRUE,IF($J7="",FALSE,IF(INDIRECT("OrganizationAccessCasePolicy!L"&$J7)="",FALSE,NOT(ISNA(MATCH(INDIRECT("OrganizationAccessCasePolicy!L"&$J7)&"|"&$AH7,CaseTypeColSetMember!$H:$H,0))))))} -> TRUE | AM7: {=IF($AH7="",TRUE,IF($N7="",FALSE,IF(INDIRECT("UserAccessCasePolicy!I"&$N7)="",FALSE,NOT(ISNA(MATCH(INDIRECT("UserAccessCasePolicy!I"&$N7)&"|"&$AH7,CaseTypeColSetMember!$H:$H,0))))))} -> TRUE | AN7: {=IF($AH7="",TRUE,IF($N7="",FALSE,IF(INDIRECT("UserAccessCasePolicy!K"&$N7)="",FALSE,NOT(ISNA(MATCH(INDIRECT("UserAccessCasePolicy!K"&$N7)&"|"&$AH7,CaseTypeColSetMember!$H:$H,0))))))} -> TRUE | AQ7: =IF($AO7="","",INDEX(CaseTypeCol!$G:$G,MATCH($AO7,CaseTypeCol!$A:$A,0))) | AR7: {=IF($AO7="",TRUE,IF($J7="",FALSE,IF(INDIRECT("OrganizationAccessCasePolicy!J"&$J7)="",FALSE,NOT(ISNA(MATCH(INDIRECT("OrganizationAccessCasePolicy!J"&$J7)&"|"&$AO7,CaseTypeColSetMember!$H:$H,0))))))} -> TRUE | AS7: {=IF($AO7="",TRUE,IF($J7="",FALSE,IF(INDIRECT("OrganizationAccessCasePolicy!L"&$J7)="",FALSE,NOT(ISNA(MATCH(INDIRECT("OrganizationAccessCasePolicy!L"&$J7)&"|"&$AO7,CaseTypeColSetMember!$H:$H,0))))))} -> TRUE | AT7: {=IF($AO7="",TRUE,IF($N7="",FALSE,IF(INDIRECT("UserAccessCasePolicy!I"&$N7)="",FALSE,NOT(ISNA(MATCH(INDIRECT("UserAccessCasePolicy!I"&$N7)&"|"&$AO7,CaseTypeColSetMember!$H:$H,0))))))} -> TRUE | AU7: {=IF($AO7="",TRUE,IF($N7="",FALSE,IF(INDIRECT("UserAccessCasePolicy!K"&$N7)="",FALSE,NOT(ISNA(MATCH(INDIRECT("UserAccessCasePolicy!K"&$N7)&"|"&$AO7,CaseTypeColSetMember!$H:$H,0))))))} -> TRUE
A8: 7 | B8: TRUE | C8: 0198221b-5adb-2258-c194-eab8a8e94b90 | D8: 0195d18c-1c92-110e-81c1-75ba0fec4494 | E8: =INDEX(User!$D:$D,MATCH($D8,User!$A:$A,0)) -> app_admin1_1 | F8: CREATE_CASES | G8: =IF($F8="CREATE",$I8,IF($F8="CREATE_CASES",OR($I8,AND($K8,$L8,$O8,$P8,$AE8,AG8,$AL8,$AN8,$AS8,$AU8)),"TBD")) -> TRUE | H8: =INDEX(User!$G:$G,MATCH($D8,User!$A:$A,0)) -> 018d074d-ea0c-e942-07db-a3cc0ba1d653 | I8: =INDEX(User!$M:$M,MATCH($D8,User!$A:$A,0)) -> TRUE | J8: =IF(ISNA(MATCH($H8&"|"&$W8,OrganizationAccessCasePolicy!$V:$V,0)),"",MATCH($H8&"|"&$W8,OrganizationAccessCasePolicy!$V:$V,0)) -> 2 | K8: {=IF($J8="",FALSE,NOT(ISNA(MATCH(INDIRECT("OrganizationAccessCasePolicy!D"&$J8)&"|"&$S8,CaseTypeSetMember!$H:$H,0))))} -> TRUE | L8: {=IF($J8="",FALSE,AND(INDIRECT("OrganizationAccessCasePolicy!H"&$J8),NOT(ISNA(MATCH(INDIRECT("OrganizationAccessCasePolicy!D"&$J8)&"|"&$S8,CaseTypeSetMember!$H:$H,0)))))} -> TRUE | M8: {=IF($J8="",FALSE,AND(INDIRECT("OrganizationAccessCasePolicy!I"&$J8),NOT(ISNA(MATCH(INDIRECT("OrganizationAccessCasePolicy!D"&$J8)&"|"&$S8,CaseTypeSetMember!$H:$H,0)))))} -> TRUE | N8: =IF(ISNA(MATCH($D8&"|"&$W8,UserAccessCasePolicy!$W:$W,0)),"",MATCH($D8&"|"&$W8,UserAccessCasePolicy!$W:$W,0)) | O8: {=IF($N8="",FALSE,NOT(ISNA(MATCH(INDIRECT("UserAccessCasePolicy!D"&$N8)&"|"&$S8,CaseTypeSetMember!$H:$H,0))))} -> FALSE | P8: {=IF($N8="",FALSE,AND(INDIRECT("UserAccessCasePolicy!G"&$N8),NOT(ISNA(MATCH(INDIRECT("UserAccessCasePolicy!D"&$N8)&"|"&$S8,CaseTypeSetMember!$H:$H,0)))))} -> FALSE | Q8: {=IF($N8="",FALSE,AND(INDIRECT("UserAccessCasePolicy!H"&$N8),NOT(ISNA(MATCH(INDIRECT("UserAccessCasePolicy!D"&$N8)&"|"&$S8,CaseTypeSetMember!$H:$H,0)))))} -> FALSE | R8: 0198221b-5adb-bbaa-606d-fc0c31bc55ee | S8: 0195d18c-1ca6-fd99-9d76-fcfa0c0cf400 | T8: =INDEX(CaseType!$B:$B,MATCH($S8,CaseType!$A:$A,0)) -> case_type1 | U8: =AND(IF($AA8="",TRUE,$S8=INDEX(CaseTypeCol!$B:$B,MATCH($AA8,CaseTypeCol!$A:$A,0))),IF($AH8="",TRUE,$S8=INDEX(CaseTypeCol!$B:$B,MATCH($AH8,CaseTypeCol!$A:$A,0))),IF($AO8="",TRUE,$S8=INDEX(CaseTypeCol!$B:$B,MATCH($AO8,CaseTypeCol!$A:$A,0)))) -> TRUE | W8: 0195d18c-1ca2-a23d-1f64-00271f63199c | X8: =INDEX(DataCollection!$B:$B,MATCH($W8,DataCollection!$A:$A,0)) -> data_collection1 | Z8: 36526 | AA8: 0195d18c-1caa-1722-0366-f73bd3f09ee8 | AB8: a | AC8: =IF($AA8="","",INDEX(CaseTypeCol!$G:$G,MATCH($AA8,CaseTypeCol!$A:$A,0))) -> case_type1_dim1_1_text | AD8: {=IF($AA8="",TRUE,IF($J8="",FALSE,IF(INDIRECT("OrganizationAccessCasePolicy!J"&$J8)="",FALSE,NOT(ISNA(MATCH(INDIRECT("OrganizationAccessCasePolicy!J"&$J8)&"|"&$AA8,CaseTypeColSetMember!$H:$H,0))))))} -> TRUE | AE8: {=IF($AA8="",TRUE,IF($J8="",FALSE,IF(INDIRECT("OrganizationAccessCasePolicy!L"&$J8)="",FALSE,NOT(ISNA(MATCH(INDIRECT("OrganizationAccessCasePolicy!L"&$J8)&"|"&$AA8,CaseTypeColSetMember!$H:$H,0))))))} -> TRUE | AF8: {=IF($AA8="",TRUE,IF($N8="",FALSE,IF(INDIRECT("UserAccessCasePolicy!I"&$N8)="",FALSE,NOT(ISNA(MATCH(INDIRECT("UserAccessCasePolicy!I"&$N8)&"|"&$AA8,CaseTypeColSetMember!$H:$H,0))))))} -> FALSE | AG8: {=IF($AA8="",TRUE,IF($N8="",FALSE,IF(INDIRECT("UserAccessCasePolicy!K"&$N8)="",FALSE,NOT(ISNA(MATCH(INDIRECT("UserAccessCasePolicy!K"&$N8)&"|"&$AA8,CaseTypeColSetMember!$H:$H,0))))))} -> FALSE | AJ8: =IF($AH8="","",INDEX(CaseTypeCol!$G:$G,MATCH($AH8,CaseTypeCol!$A:$A,0))) | AK8: {=IF($AH8="",TRUE,IF($J8="",FALSE,IF(INDIRECT("OrganizationAccessCasePolicy!J"&$J8)="",FALSE,NOT(ISNA(MATCH(INDIRECT("OrganizationAccessCasePolicy!J"&$J8)&"|"&$AH8,CaseTypeColSetMember!$H:$H,0))))))} -> TRUE | AL8: {=IF($AH8="",TRUE,IF($J8="",FALSE,IF(INDIRECT("OrganizationAccessCasePolicy!L"&$J8)="",FALSE,NOT(ISNA(MATCH(INDIRECT("OrganizationAccessCasePolicy!L"&$J8)&"|"&$AH8,CaseTypeColSetMember!$H:$H,0))))))} -> TRUE | AM8: {=IF($AH8="",TRUE,IF($N8="",FALSE,IF(INDIRECT("UserAccessCasePolicy!I"&$N8)="",FALSE,NOT(ISNA(MATCH(INDIRECT("UserAccessCasePolicy!I"&$N8)&"|"&$AH8,CaseTypeColSetMember!$H:$H,0))))))} -> TRUE | AN8: {=IF($AH8="",TRUE,IF($N8="",FALSE,IF(INDIRECT("UserAccessCasePolicy!K"&$N8)="",FALSE,NOT(ISNA(MATCH(INDIRECT("UserAccessCasePolicy!K"&$N8)&"|"&$AH8,CaseTypeColSetMember!$H:$H,0))))))} -> TRUE | AQ8: =IF($AO8="","",INDEX(CaseTypeCol!$G:$G,MATCH($AO8,CaseTypeCol!$A:$A,0))) | AR8: {=IF($AO8="",TRUE,IF($J8="",FALSE,IF(INDIRECT("OrganizationAccessCasePolicy!J"&$J8)="",FALSE,NOT(ISNA(MATCH(INDIRECT("OrganizationAccessCasePolicy!J"&$J8)&"|"&$AO8,CaseTypeColSetMember!$H:$H,0))))))} -> TRUE | AS8: {=IF($AO8="",TRUE,IF($J8="",FALSE,IF(INDIRECT("OrganizationAccessCasePolicy!L"&$J8)="",FALSE,NOT(ISNA(MATCH(INDIRECT("OrganizationAccessCasePolicy!L"&$J8)&"|"&$AO8,CaseTypeColSetMember!$H:$H,0))))))} -> TRUE | AT8: {=IF($AO8="",TRUE,IF($N8="",FALSE,IF(INDIRECT("UserAccessCasePolicy!I"&$N8)="",FALSE,NOT(ISNA(MATCH(INDIRECT("UserAccessCasePolicy!I"&$N8)&"|"&$AO8,CaseTypeColSetMember!$H:$H,0))))))} -> TRUE | AU8: {=IF($AO8="",TRUE,IF($N8="",FALSE,IF(INDIRECT("UserAccessCasePolicy!K"&$N8)="",FALSE,NOT(ISNA(MATCH(INDIRECT("UserAccessCasePolicy!K"&$N8)&"|"&$AO8,CaseTypeColSetMember!$H:$H,0))))))} -> TRUE
A9: 8 | B9: TRUE | C9: 0198221b-5adb-b228-da11-ccdf25de9889 | D9: 0195d18c-1c93-1f4b-8c40-19223d6c7a8c | E9: =INDEX(User!$D:$D,MATCH($D9,User!$A:$A,0)) -> org_admin1_1 | F9: CREATE_CASES | G9: =IF($F9="CREATE",$I9,IF($F9="CREATE_CASES",OR($I9,AND($K9,$L9,$O9,$P9,$AE9,AG9,$AL9,$AN9,$AS9,$AU9)),"TBD")) -> FALSE | H9: =INDEX(User!$G:$G,MATCH($D9,User!$A:$A,0)) -> 018d074d-ea0c-e942-07db-a3cc0ba1d653 | I9: =INDEX(User!$M:$M,MATCH($D9,User!$A:$A,0)) -> FALSE | J9: =IF(ISNA(MATCH($H9&"|"&$W9,OrganizationAccessCasePolicy!$V:$V,0)),"",MATCH($H9&"|"&$W9,OrganizationAccessCasePolicy!$V:$V,0)) -> 2 | K9: {=IF($J9="",FALSE,NOT(ISNA(MATCH(INDIRECT("OrganizationAccessCasePolicy!D"&$J9)&"|"&$S9,CaseTypeSetMember!$H:$H,0))))} -> TRUE | L9: {=IF($J9="",FALSE,AND(INDIRECT("OrganizationAccessCasePolicy!H"&$J9),NOT(ISNA(MATCH(INDIRECT("OrganizationAccessCasePolicy!D"&$J9)&"|"&$S9,CaseTypeSetMember!$H:$H,0)))))} -> TRUE | M9: {=IF($J9="",FALSE,AND(INDIRECT("OrganizationAccessCasePolicy!I"&$J9),NOT(ISNA(MATCH(INDIRECT("OrganizationAccessCasePolicy!D"&$J9)&"|"&$S9,CaseTypeSetMember!$H:$H,0)))))} -> TRUE | N9: =IF(ISNA(MATCH($D9&"|"&$W9,UserAccessCasePolicy!$W:$W,0)),"",MATCH($D9&"|"&$W9,UserAccessCasePolicy!$W:$W,0)) | O9: {=IF($N9="",FALSE,NOT(ISNA(MATCH(INDIRECT("UserAccessCasePolicy!D"&$N9)&"|"&$S9,CaseTypeSetMember!$H:$H,0))))} -> FALSE | P9: {=IF($N9="",FALSE,AND(INDIRECT("UserAccessCasePolicy!G"&$N9),NOT(ISNA(MATCH(INDIRECT("UserAccessCasePolicy!D"&$N9)&"|"&$S9,CaseTypeSetMember!$H:$H,0)))))} -> FALSE | Q9: {=IF($N9="",FALSE,AND(INDIRECT("UserAccessCasePolicy!H"&$N9),NOT(ISNA(MATCH(INDIRECT("UserAccessCasePolicy!D"&$N9)&"|"&$S9,CaseTypeSetMember!$H:$H,0)))))} -> FALSE | R9: 0198221b-5adb-85c7-196b-12b91ee34e77 | S9: 0195d18c-1ca6-fd99-9d76-fcfa0c0cf400 | T9: =INDEX(CaseType!$B:$B,MATCH($S9,CaseType!$A:$A,0)) -> case_type1 | U9: =AND(IF($AA9="",TRUE,$S9=INDEX(CaseTypeCol!$B:$B,MATCH($AA9,CaseTypeCol!$A:$A,0))),IF($AH9="",TRUE,$S9=INDEX(CaseTypeCol!$B:$B,MATCH($AH9,CaseTypeCol!$A:$A,0))),IF($AO9="",TRUE,$S9=INDEX(CaseTypeCol!$B:$B,MATCH($AO9,CaseTypeCol!$A:$A,0)))) -> TRUE | W9: 0195d18c-1ca2-a23d-1f64-00271f63199c | X9: =INDEX(DataCollection!$B:$B,MATCH($W9,DataCollection!$A:$A,0)) -> data_collection1 | Z9: 36526 | AA9: 0195d18c-1caa-1722-0366-f73bd3f09ee8 | AB9: a | AC9: =IF($AA9="","",INDEX(CaseTypeCol!$G:$G,MATCH($AA9,CaseTypeCol!$A:$A,0))) -> case_type1_dim1_1_text | AD9: {=IF($AA9="",TRUE,IF($J9="",FALSE,IF(INDIRECT("OrganizationAccessCasePolicy!J"&$J9)="",FALSE,NOT(ISNA(MATCH(INDIRECT("OrganizationAccessCasePolicy!J"&$J9)&"|"&$AA9,CaseTypeColSetMember!$H:$H,0))))))} -> TRUE | AE9: {=IF($AA9="",TRUE,IF($J9="",FALSE,IF(INDIRECT("OrganizationAccessCasePolicy!L"&$J9)="",FALSE,NOT(ISNA(MATCH(INDIRECT("OrganizationAccessCasePolicy!L"&$J9)&"|"&$AA9,CaseTypeColSetMember!$H:$H,0))))))} -> TRUE | AF9: {=IF($AA9="",TRUE,IF($N9="",FALSE,IF(INDIRECT("UserAccessCasePolicy!I"&$N9)="",FALSE,NOT(ISNA(MATCH(INDIRECT("UserAccessCasePolicy!I"&$N9)&"|"&$AA9,CaseTypeColSetMember!$H:$H,0))))))} -> FALSE | AG9: {=IF($AA9="",TRUE,IF($N9="",FALSE,IF(INDIRECT("UserAccessCasePolicy!K"&$N9)="",FALSE,NOT(ISNA(MATCH(INDIRECT("UserAccessCasePolicy!K"&$N9)&"|"&$AA9,CaseTypeColSetMember!$H:$H,0))))))} -> FALSE | AJ9: =IF($AH9="","",INDEX(CaseTypeCol!$G:$G,MATCH($AH9,CaseTypeCol!$A:$A,0))) | AK9: {=IF($AH9="",TRUE,IF($J9="",FALSE,IF(INDIRECT("OrganizationAccessCasePolicy!J"&$J9)="",FALSE,NOT(ISNA(MATCH(INDIRECT("OrganizationAccessCasePolicy!J"&$J9)&"|"&$AH9,CaseTypeColSetMember!$H:$H,0))))))} -> TRUE | AL9: {=IF($AH9="",TRUE,IF($J9="",FALSE,IF(INDIRECT("OrganizationAccessCasePolicy!L"&$J9)="",FALSE,NOT(ISNA(MATCH(INDIRECT("OrganizationAccessCasePolicy!L"&$J9)&"|"&$AH9,CaseTypeColSetMember!$H:$H,0))))))} -> TRUE | AM9: {=IF($AH9="",TRUE,IF($N9="",FALSE,IF(INDIRECT("UserAccessCasePolicy!I"&$N9)="",FALSE,NOT(ISNA(MATCH(INDIRECT("UserAccessCasePolicy!I"&$N9)&"|"&$AH9,CaseTypeColSetMember!$H:$H,0))))))} -> TRUE | AN9: {=IF($AH9="",TRUE,IF($N9="",FALSE,IF(INDIRECT("UserAccessCasePolicy!K"&$N9)="",FALSE,NOT(ISNA(MATCH(INDIRECT("UserAccessCasePolicy!K"&$N9)&"|"&$AH9,CaseTypeColSetMember!$H:$H,0))))))} -> TRUE | AQ9: =IF($AO9="","",INDEX(CaseTypeCol!$G:$G,MATCH($AO9,CaseTypeCol!$A:$A,0))) | AR9: {=IF($AO9="",TRUE,IF($J9="",FALSE,IF(INDIRECT("OrganizationAccessCasePolicy!J"&$J9)="",FALSE,NOT(ISNA(MATCH(INDIRECT("OrganizationAccessCasePolicy!J"&$J9)&"|"&$AO9,CaseTypeColSetMember!$H:$H,0))))))} -> TRUE | AS9: {=IF($AO9="",TRUE,IF($J9="",FALSE,IF(INDIRECT("OrganizationAccessCasePolicy!L"&$J9)="",FALSE,NOT(ISNA(MATCH(INDIRECT("OrganizationAccessCasePolicy!L"&$J9)&"|"&$AO9,CaseTypeColSetMember!$H:$H,0))))))} -> TRUE | AT9: {=IF($AO9="",TRUE,IF($N9="",FALSE,IF(INDIRECT("UserAccessCasePolicy!I"&$N9)="",FALSE,NOT(ISNA(MATCH(INDIRECT("UserAccessCasePolicy!I"&$N9)&"|"&$AO9,CaseTypeColSetMember!$H:$H,0))))))} -> TRUE | AU9: {=IF($AO9="",TRUE,IF($N9="",FALSE,IF(INDIRECT("UserAccessCasePolicy!K"&$N9)="",FALSE,NOT(ISNA(MATCH(INDIRECT("UserAccessCasePolicy!K"&$N9)&"|"&$AO9,CaseTypeColSetMember!$H:$H,0))))))} -> TRUE
A10: 9 | B10: TRUE | C10: 0198221b-5adb-6712-a2c4-38df7f83dd40 | D10: 0195d18c-1c95-2343-576e-0c14e0a4505d | E10: =INDEX(User!$D:$D,MATCH($D10,User!$A:$A,0)) -> org_admin2_1 | F10: CREATE_CASES | G10: =IF($F10="CREATE",$I10,IF($F10="CREATE_CASES",OR($I10,AND($K10,$L10,$O10,$P10,$AE10,AG10,$AL10,$AN10,$AS10,$AU10)),"TBD")) -> FALSE | H10: =INDEX(User!$G:$G,MATCH($D10,User!$A:$A,0)) -> 0195d18c-1c92-0ed4-2e94-b4f66d82baf3 | I10: =INDEX(User!$M:$M,MATCH($D10,User!$A:$A,0)) -> FALSE | J10: =IF(ISNA(MATCH($H10&"|"&$W10,OrganizationAccessCasePolicy!$V:$V,0)),"",MATCH($H10&"|"&$W10,OrganizationAccessCasePolicy!$V:$V,0)) | K10: {=IF($J10="",FALSE,NOT(ISNA(MATCH(INDIRECT("OrganizationAccessCasePolicy!D"&$J10)&"|"&$S10,CaseTypeSetMember!$H:$H,0))))} -> FALSE | L10: {=IF($J10="",FALSE,AND(INDIRECT("OrganizationAccessCasePolicy!H"&$J10),NOT(ISNA(MATCH(INDIRECT("OrganizationAccessCasePolicy!D"&$J10)&"|"&$S10,CaseTypeSetMember!$H:$H,0)))))} -> FALSE | M10: {=IF($J10="",FALSE,AND(INDIRECT("OrganizationAccessCasePolicy!I"&$J10),NOT(ISNA(MATCH(INDIRECT("OrganizationAccessCasePolicy!D"&$J10)&"|"&$S10,CaseTypeSetMember!$H:$H,0)))))} -> FALSE | N10: =IF(ISNA(MATCH($D10&"|"&$W10,UserAccessCasePolicy!$W:$W,0)),"",MATCH($D10&"|"&$W10,UserAccessCasePolicy!$W:$W,0)) | O10: {=IF($N10="",FALSE,NOT(ISNA(MATCH(INDIRECT("UserAccessCasePolicy!D"&$N10)&"|"&$S10,CaseTypeSetMember!$H:$H,0))))} -> FALSE | P10: {=IF($N10="",FALSE,AND(INDIRECT("UserAccessCasePolicy!G"&$N10),NOT(ISNA(MATCH(INDIRECT("UserAccessCasePolicy!D"&$N10)&"|"&$S10,CaseTypeSetMember!$H:$H,0)))))} -> FALSE | Q10: {=IF($N10="",FALSE,AND(INDIRECT("UserAccessCasePolicy!H"&$N10),NOT(ISNA(MATCH(INDIRECT("UserAccessCasePolicy!D"&$N10)&"|"&$S10,CaseTypeSetMember!$H:$H,0)))))} -> FALSE | R10: 0198221b-5adb-d4f6-4e42-26879a67e60d | S10: 0195d18c-1ca6-fd99-9d76-fcfa0c0cf400 | T10: =INDEX(CaseType!$B:$B,MATCH($S10,CaseType!$A:$A,0)) -> case_type1 | U10: =AND(IF($AA10="",TRUE,$S10=INDEX(CaseTypeCol!$B:$B,MATCH($AA10,CaseTypeCol!$A:$A,0))),IF($AH10="",TRUE,$S10=INDEX(CaseTypeCol!$B:$B,MATCH($AH10,CaseTypeCol!$A:$A,0))),IF($AO10="",TRUE,$S10=INDEX(CaseTypeCol!$B:$B,MATCH($AO10,CaseTypeCol!$A:$A,0)))) -> TRUE | W10: 0195d18c-1ca2-a23d-1f64-00271f63199c | X10: =INDEX(DataCollection!$B:$B,MATCH($W10,DataCollection!$A:$A,0)) -> data_collection1 | Z10: 36526 | AA10: 0195d18c-1caa-1722-0366-f73bd3f09ee8 | AB10: a | AC10: =IF($AA10="","",INDEX(CaseTypeCol!$G:$G,MATCH($AA10,CaseTypeCol!$A:$A,0))) -> case_type1_dim1_1_text | AD10: {=IF($AA10="",TRUE,IF($J10="",FALSE,IF(INDIRECT("OrganizationAccessCasePolicy!J"&$J10)="",FALSE,NOT(ISNA(MATCH(INDIRECT("OrganizationAccessCasePolicy!J"&$J10)&"|"&$AA10,CaseTypeColSetMember!$H:$H,0))))))} -> FALSE | AE10: {=IF($AA10="",TRUE,IF($J10="",FALSE,IF(INDIRECT("OrganizationAccessCasePolicy!L"&$J10)="",FALSE,NOT(ISNA(MATCH(INDIRECT("OrganizationAccessCasePolicy!L"&$J10)&"|"&$AA10,CaseTypeColSetMember!$H:$H,0))))))} -> FALSE | AF10: {=IF($AA10="",TRUE,IF($N10="",FALSE,IF(INDIRECT("UserAccessCasePolicy!I"&$N10)="",FALSE,NOT(ISNA(MATCH(INDIRECT("UserAccessCasePolicy!I"&$N10)&"|"&$AA10,CaseTypeColSetMember!$H:$H,0))))))} -> FALSE | AG10: {=IF($AA10="",TRUE,IF($N10="",FALSE,IF(INDIRECT("UserAccessCasePolicy!K"&$N10)="",FALSE,NOT(ISNA(MATCH(INDIRECT("UserAccessCasePolicy!K"&$N10)&"|"&$AA10,CaseTypeColSetMember!$H:$H,0))))))} -> FALSE | AJ10: =IF($AH10="","",INDEX(CaseTypeCol!$G:$G,MATCH($AH10,CaseTypeCol!$A:$A,0))) | AK10: {=IF($AH10="",TRUE,IF($J10="",FALSE,IF(INDIRECT("OrganizationAccessCasePolicy!J"&$J10)="",FALSE,NOT(ISNA(MATCH(INDIRECT("OrganizationAccessCasePolicy!J"&$J10)&"|"&$AH10,CaseTypeColSetMember!$H:$H,0))))))} -> TRUE | AL10: {=IF($AH10="",TRUE,IF($J10="",FALSE,IF(INDIRECT("OrganizationAccessCasePolicy!L"&$J10)="",FALSE,NOT(ISNA(MATCH(INDIRECT("OrganizationAccessCasePolicy!L"&$J10)&"|"&$AH10,CaseTypeColSetMember!$H:$H,0))))))} -> TRUE | AM10: {=IF($AH10="",TRUE,IF($N10="",FALSE,IF(INDIRECT("UserAccessCasePolicy!I"&$N10)="",FALSE,NOT(ISNA(MATCH(INDIRECT("UserAccessCasePolicy!I"&$N10)&"|"&$AH10,CaseTypeColSetMember!$H:$H,0))))))} -> TRUE | AN10: {=IF($AH10="",TRUE,IF($N10="",FALSE,IF(INDIRECT("UserAccessCasePolicy!K"&$N10)="",FALSE,NOT(ISNA(MATCH(INDIRECT("UserAccessCasePolicy!K"&$N10)&"|"&$AH10,CaseTypeColSetMember!$H:$H,0))))))} -> TRUE | AQ10: =IF($AO10="","",INDEX(CaseTypeCol!$G:$G,MATCH($AO10,CaseTypeCol!$A:$A,0))) | AR10: {=IF($AO10="",TRUE,IF($J10="",FALSE,IF(INDIRECT("OrganizationAccessCasePolicy!J"&$J10)="",FALSE,NOT(ISNA(MATCH(INDIRECT("OrganizationAccessCasePolicy!J"&$J10)&"|"&$AO10,CaseTypeColSetMember!$H:$H,0))))))} -> TRUE | AS10: {=IF($AO10="",TRUE,IF($J10="",FALSE,IF(INDIRECT("OrganizationAccessCasePolicy!L"&$J10)="",FALSE,NOT(ISNA(MATCH(INDIRECT("OrganizationAccessCasePolicy!L"&$J10)&"|"&$AO10,CaseTypeColSetMember!$H:$H,0))))))} -> TRUE | AT10: {=IF($AO10="",TRUE,IF($N10="",FALSE,IF(INDIRECT("UserAccessCasePolicy!I"&$N10)="",FALSE,NOT(ISNA(MATCH(INDIRECT("UserAccessCasePolicy!I"&$N10)&"|"&$AO10,CaseTypeColSetMember!$H:$H,0))))))} -> TRUE | AU10: {=IF($AO10="",TRUE,IF($N10="",FALSE,IF(INDIRECT("UserAccessCasePolicy!K"&$N10)="",FALSE,NOT(ISNA(MATCH(INDIRECT("UserAccessCasePolicy!K"&$N10)&"|"&$AO10,CaseTypeColSetMember!$H:$H,0))))))} -> TRUE
A11: 10 | B11: TRUE | C11: 0198221b-5adb-9ef9-82c0-1550af9c3e38 | D11: 0195d18c-1c96-59a8-d2a6-70a3b13175a1 | E11: =INDEX(User!$D:$D,MATCH($D11,User!$A:$A,0)) -> org_admin3_1 | F11: CREATE_CASES | G11: =IF($F11="CREATE",$I11,IF($F11="CREATE_CASES",OR($I11,AND($K11,$L11,$O11,$P11,$AE11,AG11,$AL11,$AN11,$AS11,$AU11)),"TBD")) -> FALSE | H11: =INDEX(User!$G:$G,MATCH($D11,User!$A:$A,0)) -> 0195d18c-1c92-52b3-93e0-43dc1f2aa037 | I11: =INDEX(User!$M:$M,MATCH($D11,User!$A:$A,0)) -> FALSE | J11: =IF(ISNA(MATCH($H11&"|"&$W11,OrganizationAccessCasePolicy!$V:$V,0)),"",MATCH($H11&"|"&$W11,OrganizationAccessCasePolicy!$V:$V,0)) | K11: {=IF($J11="",FALSE,NOT(ISNA(MATCH(INDIRECT("OrganizationAccessCasePolicy!D"&$J11)&"|"&$S11,CaseTypeSetMember!$H:$H,0))))} -> FALSE | L11: {=IF($J11="",FALSE,AND(INDIRECT("OrganizationAccessCasePolicy!H"&$J11),NOT(ISNA(MATCH(INDIRECT("OrganizationAccessCasePolicy!D"&$J11)&"|"&$S11,CaseTypeSetMember!$H:$H,0)))))} -> FALSE | M11: {=IF($J11="",FALSE,AND(INDIRECT("OrganizationAccessCasePolicy!I"&$J11),NOT(ISNA(MATCH(INDIRECT("OrganizationAccessCasePolicy!D"&$J11)&"|"&$S11,CaseTypeSetMember!$H:$H,0)))))} -> FALSE | N11: =IF(ISNA(MATCH($D11&"|"&$W11,UserAccessCasePolicy!$W:$W,0)),"",MATCH($D11&"|"&$W11,UserAccessCasePolicy!$W:$W,0)) | O11: {=IF($N11="",FALSE,NOT(ISNA(MATCH(INDIRECT("UserAccessCasePolicy!D"&$N11)&"|"&$S11,CaseTypeSetMember!$H:$H,0))))} -> FALSE | P11: {=IF($N11="",FALSE,AND(INDIRECT("UserAccessCasePolicy!G"&$N11),NOT(ISNA(MATCH(INDIRECT("UserAccessCasePolicy!D"&$N11)&"|"&$S11,CaseTypeSetMember!$H:$H,0)))))} -> FALSE | Q11: {=IF($N11="",FALSE,AND(INDIRECT("UserAccessCasePolicy!H"&$N11),NOT(ISNA(MATCH(INDIRECT("UserAccessCasePolicy!D"&$N11)&"|"&$S11,CaseTypeSetMember!$H:$H,0)))))} -> FALSE | R11: 0198221b-5adb-57b9-7d6d-b52471539bc0 | S11: 0195d18c-1ca6-fd99-9d76-fcfa0c0cf400 | T11: =INDEX(CaseType!$B:$B,MATCH($S11,CaseType!$A:$A,0)) -> case_type1 | U11: =AND(IF($AA11="",TRUE,$S11=INDEX(CaseTypeCol!$B:$B,MATCH($AA11,CaseTypeCol!$A:$A,0))),IF($AH11="",TRUE,$S11=INDEX(CaseTypeCol!$B:$B,MATCH($AH11,CaseTypeCol!$A:$A,0))),IF($AO11="",TRUE,$S11=INDEX(CaseTypeCol!$B:$B,MATCH($AO11,CaseTypeCol!$A:$A,0)))) -> TRUE | W11: 0195d18c-1ca2-a23d-1f64-00271f63199c | X11: =INDEX(DataCollection!$B:$B,MATCH($W11,DataCollection!$A:$A,0)) -> data_collection1 | Z11: 36526 | AA11: 0195d18c-1caa-1722-0366-f73bd3f09ee8 | AB11: a | AC11: =IF($AA11="","",INDEX(CaseTypeCol!$G:$G,MATCH($AA11,CaseTypeCol!$A:$A,0))) -> case_type1_dim1_1_text | AD11: {=IF($AA11="",TRUE,IF($J11="",FALSE,IF(INDIRECT("OrganizationAccessCasePolicy!J"&$J11)="",FALSE,NOT(ISNA(MATCH(INDIRECT("OrganizationAccessCasePolicy!J"&$J11)&"|"&$AA11,CaseTypeColSetMember!$H:$H,0))))))} -> FALSE | AE11: {=IF($AA11="",TRUE,IF($J11="",FALSE,IF(INDIRECT("OrganizationAccessCasePolicy!L"&$J11)="",FALSE,NOT(ISNA(MATCH(INDIRECT("OrganizationAccessCasePolicy!L"&$J11)&"|"&$AA11,CaseTypeColSetMember!$H:$H,0))))))} -> FALSE | AF11: {=IF($AA11="",TRUE,IF($N11="",FALSE,IF(INDIRECT("UserAccessCasePolicy!I"&$N11)="",FALSE,NOT(ISNA(MATCH(INDIRECT("UserAccessCasePolicy!I"&$N11)&"|"&$AA11,CaseTypeColSetMember!$H:$H,0))))))} -> FALSE | AG11: {=IF($AA11="",TRUE,IF($N11="",FALSE,IF(INDIRECT("UserAccessCasePolicy!K"&$N11)="",FALSE,NOT(ISNA(MATCH(INDIRECT("UserAccessCasePolicy!K"&$N11)&"|"&$AA11,CaseTypeColSetMember!$H:$H,0))))))} -> FALSE | AJ11: =IF($AH11="","",INDEX(CaseTypeCol!$G:$G,MATCH($AH11,CaseTypeCol!$A:$A,0))) | AK11: {=IF($AH11="",TRUE,IF($J11="",FALSE,IF(INDIRECT("OrganizationAccessCasePolicy!J"&$J11)="",FALSE,NOT(ISNA(MATCH(INDIRECT("OrganizationAccessCasePolicy!J"&$J11)&"|"&$AH11,CaseTypeColSetMember!$H:$H,0))))))} -> TRUE | AL11: {=IF($AH11="",TRUE,IF($J11="",FALSE,IF(INDIRECT("OrganizationAccessCasePolicy!L"&$J11)="",FALSE,NOT(ISNA(MATCH(INDIRECT("OrganizationAccessCasePolicy!L"&$J11)&"|"&$AH11,CaseTypeColSetMember!$H:$H,0))))))} -> TRUE | AM11: {=IF($AH11="",TRUE,IF($N11="",FALSE,IF(INDIRECT("UserAccessCasePolicy!I"&$N11)="",FALSE,NOT(ISNA(MATCH(INDIRECT("UserAccessCasePolicy!I"&$N11)&"|"&$AH11,CaseTypeColSetMember!$H:$H,0))))))} -> TRUE | AN11: {=IF($AH11="",TRUE,IF($N11="",FALSE,IF(INDIRECT("UserAccessCasePolicy!K"&$N11)="",FALSE,NOT(ISNA(MATCH(INDIRECT("UserAccessCasePolicy!K"&$N11)&"|"&$AH11,CaseTypeColSetMember!$H:$H,0))))))} -> TRUE | AQ11: =IF($AO11="","",INDEX(CaseTypeCol!$G:$G,MATCH($AO11,CaseTypeCol!$A:$A,0))) | AR11: {=IF($AO11="",TRUE,IF($J11="",FALSE,IF(INDIRECT("OrganizationAccessCasePolicy!J"&$J11)="",FALSE,NOT(ISNA(MATCH(INDIRECT("OrganizationAccessCasePolicy!J"&$J11)&"|"&$AO11,CaseTypeColSetMember!$H:$H,0))))))} -> TRUE | AS11: {=IF($AO11="",TRUE,IF($J11="",FALSE,IF(INDIRECT("OrganizationAccessCasePolicy!L"&$J11)="",FALSE,NOT(ISNA(MATCH(INDIRECT("OrganizationAccessCasePolicy!L"&$J11)&"|"&$AO11,CaseTypeColSetMember!$H:$H,0))))))} -> TRUE | AT11: {=IF($AO11="",TRUE,IF($N11="",FALSE,IF(INDIRECT("UserAccessCasePolicy!I"&$N11)="",FALSE,NOT(ISNA(MATCH(INDIRECT("UserAccessCasePolicy!I"&$N11)&"|"&$AO11,CaseTypeColSetMember!$H:$H,0))))))} -> TRUE | AU11: {=IF($AO11="",TRUE,IF($N11="",FALSE,IF(INDIRECT("UserAccessCasePolicy!K"&$N11)="",FALSE,NOT(ISNA(MATCH(INDIRECT("UserAccessCasePolicy!K"&$N11)&"|"&$AO11,CaseTypeColSetMember!$H:$H,0))))))} -> TRUE
A12: 11 | B12: TRUE | C12: 0198221b-5adb-f11d-89f9-a9213494ad86 | D12: 0195d18c-1c96-08ed-1241-eaf327bd1ffc | E12: =INDEX(User!$D:$D,MATCH($D12,User!$A:$A,0)) -> org_admin4_1 | F12: CREATE_CASES | G12: =IF($F12="CREATE",$I12,IF($F12="CREATE_CASES",OR($I12,AND($K12,$L12,$O12,$P12,$AE12,AG12,$AL12,$AN12,$AS12,$AU12)),"TBD")) -> FALSE | H12: =INDEX(User!$G:$G,MATCH($D12,User!$A:$A,0)) -> 0195d18c-1c92-d419-4c71-a570f428499b | I12: =INDEX(User!$M:$M,MATCH($D12,User!$A:$A,0)) -> FALSE | J12: =IF(ISNA(MATCH($H12&"|"&$W12,OrganizationAccessCasePolicy!$V:$V,0)),"",MATCH($H12&"|"&$W12,OrganizationAccessCasePolicy!$V:$V,0)) | K12: {=IF($J12="",FALSE,NOT(ISNA(MATCH(INDIRECT("OrganizationAccessCasePolicy!D"&$J12)&"|"&$S12,CaseTypeSetMember!$H:$H,0))))} -> FALSE | L12: {=IF($J12="",FALSE,AND(INDIRECT("OrganizationAccessCasePolicy!H"&$J12),NOT(ISNA(MATCH(INDIRECT("OrganizationAccessCasePolicy!D"&$J12)&"|"&$S12,CaseTypeSetMember!$H:$H,0)))))} -> FALSE | M12: {=IF($J12="",FALSE,AND(INDIRECT("OrganizationAccessCasePolicy!I"&$J12),NOT(ISNA(MATCH(INDIRECT("OrganizationAccessCasePolicy!D"&$J12)&"|"&$S12,CaseTypeSetMember!$H:$H,0)))))} -> FALSE | N12: =IF(ISNA(MATCH($D12&"|"&$W12,UserAccessCasePolicy!$W:$W,0)),"",MATCH($D12&"|"&$W12,UserAccessCasePolicy!$W:$W,0)) | O12: {=IF($N12="",FALSE,NOT(ISNA(MATCH(INDIRECT("UserAccessCasePolicy!D"&$N12)&"|"&$S12,CaseTypeSetMember!$H:$H,0))))} -> FALSE | P12: {=IF($N12="",FALSE,AND(INDIRECT("UserAccessCasePolicy!G"&$N12),NOT(ISNA(MATCH(INDIRECT("UserAccessCasePolicy!D"&$N12)&"|"&$S12,CaseTypeSetMember!$H:$H,0)))))} -> FALSE | Q12: {=IF($N12="",FALSE,AND(INDIRECT("UserAccessCasePolicy!H"&$N12),NOT(ISNA(MATCH(INDIRECT("UserAccessCasePolicy!D"&$N12)&"|"&$S12,CaseTypeSetMember!$H:$H,0)))))} -> FALSE | R12: 0198221b-5adb-20aa-d1e5-7af28585f4cd | S12: 0195d18c-1ca6-fd99-9d76-fcfa0c0cf400 | T12: =INDEX(CaseType!$B:$B,MATCH($S12,CaseType!$A:$A,0)) -> case_type1 | U12: =AND(IF($AA12="",TRUE,$S12=INDEX(CaseTypeCol!$B:$B,MATCH($AA12,CaseTypeCol!$A:$A,0))),IF($AH12="",TRUE,$S12=INDEX(CaseTypeCol!$B:$B,MATCH($AH12,CaseTypeCol!$A:$A,0))),IF($AO12="",TRUE,$S12=INDEX(CaseTypeCol!$B:$B,MATCH($AO12,CaseTypeCol!$A:$A,0)))) -> TRUE | W12: 0195d18c-1ca2-a23d-1f64-00271f63199c | X12: =INDEX(DataCollection!$B:$B,MATCH($W12,DataCollection!$A:$A,0)) -> data_collection1 | Z12: 36526 | AA12: 0195d18c-1caa-1722-0366-f73bd3f09ee8 | AB12: a | AC12: =IF($AA12="","",INDEX(CaseTypeCol!$G:$G,MATCH($AA12,CaseTypeCol!$A:$A,0))) -> case_type1_dim1_1_text | AD12: {=IF($AA12="",TRUE,IF($J12="",FALSE,IF(INDIRECT("OrganizationAccessCasePolicy!J"&$J12)="",FALSE,NOT(ISNA(MATCH(INDIRECT("OrganizationAccessCasePolicy!J"&$J12)&"|"&$AA12,CaseTypeColSetMember!$H:$H,0))))))} -> FALSE | AE12: {=IF($AA12="",TRUE,IF($J12="",FALSE,IF(INDIRECT("OrganizationAccessCasePolicy!L"&$J12)="",FALSE,NOT(ISNA(MATCH(INDIRECT("OrganizationAccessCasePolicy!L"&$J12)&"|"&$AA12,CaseTypeColSetMember!$H:$H,0))))))} -> FALSE | AF12: {=IF($AA12="",TRUE,IF($N12="",FALSE,IF(INDIRECT("UserAccessCasePolicy!I"&$N12)="",FALSE,NOT(ISNA(MATCH(INDIRECT("UserAccessCasePolicy!I"&$N12)&"|"&$AA12,CaseTypeColSetMember!$H:$H,0))))))} -> FALSE | AG12: {=IF($AA12="",TRUE,IF($N12="",FALSE,IF(INDIRECT("UserAccessCasePolicy!K"&$N12)="",FALSE,NOT(ISNA(MATCH(INDIRECT("UserAccessCasePolicy!K"&$N12)&"|"&$AA12,CaseTypeColSetMember!$H:$H,0))))))} -> FALSE | AJ12: =IF($AH12="","",INDEX(CaseTypeCol!$G:$G,MATCH($AH12,CaseTypeCol!$A:$A,0))) | AK12: {=IF($AH12="",TRUE,IF($J12="",FALSE,IF(INDIRECT("OrganizationAccessCasePolicy!J"&$J12)="",FALSE,NOT(ISNA(MATCH(INDIRECT("OrganizationAccessCasePolicy!J"&$J12)&"|"&$AH12,CaseTypeColSetMember!$H:$H,0))))))} -> TRUE | AL12: {=IF($AH12="",TRUE,IF($J12="",FALSE,IF(INDIRECT("OrganizationAccessCasePolicy!L"&$J12)="",FALSE,NOT(ISNA(MATCH(INDIRECT("OrganizationAccessCasePolicy!L"&$J12)&"|"&$AH12,CaseTypeColSetMember!$H:$H,0))))))} -> TRUE | AM12: {=IF($AH12="",TRUE,IF($N12="",FALSE,IF(INDIRECT("UserAccessCasePolicy!I"&$N12)="",FALSE,NOT(ISNA(MATCH(INDIRECT("UserAccessCasePolicy!I"&$N12)&"|"&$AH12,CaseTypeColSetMember!$H:$H,0))))))} -> TRUE | AN12: {=IF($AH12="",TRUE,IF($N12="",FALSE,IF(INDIRECT("UserAccessCasePolicy!K"&$N12)="",FALSE,NOT(ISNA(MATCH(INDIRECT("UserAccessCasePolicy!K"&$N12)&"|"&$AH12,CaseTypeColSetMember!$H:$H,0))))))} -> TRUE | AQ12: =IF($AO12="","",INDEX(CaseTypeCol!$G:$G,MATCH($AO12,CaseTypeCol!$A:$A,0))) | AR12: {=IF($AO12="",TRUE,IF($J12="",FALSE,IF(INDIRECT("OrganizationAccessCasePolicy!J"&$J12)="",FALSE,NOT(ISNA(MATCH(INDIRECT("OrganizationAccessCasePolicy!J"&$J12)&"|"&$AO12,CaseTypeColSetMember!$H:$H,0))))))} -> TRUE | AS12: {=IF($AO12="",TRUE,IF($J12="",FALSE,IF(INDIRECT("OrganizationAccessCasePolicy!L"&$J12)="",FALSE,NOT(ISNA(MATCH(INDIRECT("OrganizationAccessCasePolicy!L"&$J12)&"|"&$AO12,CaseTypeColSetMember!$H:$H,0))))))} -> TRUE | AT12: {=IF($AO12="",TRUE,IF($N12="",FALSE,IF(INDIRECT("UserAccessCasePolicy!I"&$N12)="",FALSE,NOT(ISNA(MATCH(INDIRECT("UserAccessCasePolicy!I"&$N12)&"|"&$AO12,CaseTypeColSetMember!$H:$H,0))))))} -> TRUE | AU12: {=IF($AO12="",TRUE,IF($N12="",FALSE,IF(INDIRECT("UserAccessCasePolicy!K"&$N12)="",FALSE,NOT(ISNA(MATCH(INDIRECT("UserAccessCasePolicy!K"&$N12)&"|"&$AO12,CaseTypeColSetMember!$H:$H,0))))))} -> TRUE
A13: 12 | B13: TRUE | C13: 0198221b-5adb-fd39-e2c2-fdb8423dd886 | D13: 0195d18c-1c97-faac-82eb-3e357979b402 | E13: =INDEX(User!$D:$D,MATCH($D13,User!$A:$A,0)) -> org_admin5_1 | F13: CREATE_CASES | G13: =IF($F13="CREATE",$I13,IF($F13="CREATE_CASES",OR($I13,AND($K13,$L13,$O13,$P13,$AE13,AG13,$AL13,$AN13,$AS13,$AU13)),"TBD")) -> FALSE | H13: =INDEX(User!$G:$G,MATCH($D13,User!$A:$A,0)) -> 0195d18c-1c93-02a2-6920-7e4dbfb73ce0 | I13: =INDEX(User!$M:$M,MATCH($D13,User!$A:$A,0)) -> FALSE | J13: =IF(ISNA(MATCH($H13&"|"&$W13,OrganizationAccessCasePolicy!$V:$V,0)),"",MATCH($H13&"|"&$W13,OrganizationAccessCasePolicy!$V:$V,0)) | K13: {=IF($J13="",FALSE,NOT(ISNA(MATCH(INDIRECT("OrganizationAccessCasePolicy!D"&$J13)&"|"&$S13,CaseTypeSetMember!$H:$H,0))))} -> FALSE | L13: {=IF($J13="",FALSE,AND(INDIRECT("OrganizationAccessCasePolicy!H"&$J13),NOT(ISNA(MATCH(INDIRECT("OrganizationAccessCasePolicy!D"&$J13)&"|"&$S13,CaseTypeSetMember!$H:$H,0)))))} -> FALSE | M13: {=IF($J13="",FALSE,AND(INDIRECT("OrganizationAccessCasePolicy!I"&$J13),NOT(ISNA(MATCH(INDIRECT("OrganizationAccessCasePolicy!D"&$J13)&"|"&$S13,CaseTypeSetMember!$H:$H,0)))))} -> FALSE | N13: =IF(ISNA(MATCH($D13&"|"&$W13,UserAccessCasePolicy!$W:$W,0)),"",MATCH($D13&"|"&$W13,UserAccessCasePolicy!$W:$W,0)) | O13: {=IF($N13="",FALSE,NOT(ISNA(MATCH(INDIRECT("UserAccessCasePolicy!D"&$N13)&"|"&$S13,CaseTypeSetMember!$H:$H,0))))} -> FALSE | P13: {=IF($N13="",FALSE,AND(INDIRECT("UserAccessCasePolicy!G"&$N13),NOT(ISNA(MATCH(INDIRECT("UserAccessCasePolicy!D"&$N13)&"|"&$S13,CaseTypeSetMember!$H:$H,0)))))} -> FALSE | Q13: {=IF($N13="",FALSE,AND(INDIRECT("UserAccessCasePolicy!H"&$N13),NOT(ISNA(MATCH(INDIRECT("UserAccessCasePolicy!D"&$N13)&"|"&$S13,CaseTypeSetMember!$H:$H,0)))))} -> FALSE | R13: 0198221b-5adb-6cc0-2728-70c3c1435504 | S13: 0195d18c-1ca6-fd99-9d76-fcfa0c0cf400 | T13: =INDEX(CaseType!$B:$B,MATCH($S13,CaseType!$A:$A,0)) -> case_type1 | U13: =AND(IF($AA13="",TRUE,$S13=INDEX(CaseTypeCol!$B:$B,MATCH($AA13,CaseTypeCol!$A:$A,0))),IF($AH13="",TRUE,$S13=INDEX(CaseTypeCol!$B:$B,MATCH($AH13,CaseTypeCol!$A:$A,0))),IF($AO13="",TRUE,$S13=INDEX(CaseTypeCol!$B:$B,MATCH($AO13,CaseTypeCol!$A:$A,0)))) -> TRUE | W13: 0195d18c-1ca2-a23d-1f64-00271f63199c | X13: =INDEX(DataCollection!$B:$B,MATCH($W13,DataCollection!$A:$A,0)) -> data_collection1 | Z13: 36526 | AA13: 0195d18c-1caa-1722-0366-f73bd3f09ee8 | AB13: a | AC13: =IF($AA13="","",INDEX(CaseTypeCol!$G:$G,MATCH($AA13,CaseTypeCol!$A:$A,0))) -> case_type1_dim1_1_text | AD13: {=IF($AA13="",TRUE,IF($J13="",FALSE,IF(INDIRECT("OrganizationAccessCasePolicy!J"&$J13)="",FALSE,NOT(ISNA(MATCH(INDIRECT("OrganizationAccessCasePolicy!J"&$J13)&"|"&$AA13,CaseTypeColSetMember!$H:$H,0))))))} -> FALSE | AE13: {=IF($AA13="",TRUE,IF($J13="",FALSE,IF(INDIRECT("OrganizationAccessCasePolicy!L"&$J13)="",FALSE,NOT(ISNA(MATCH(INDIRECT("OrganizationAccessCasePolicy!L"&$J13)&"|"&$AA13,CaseTypeColSetMember!$H:$H,0))))))} -> FALSE | AF13: {=IF($AA13="",TRUE,IF($N13="",FALSE,IF(INDIRECT("UserAccessCasePolicy!I"&$N13)="",FALSE,NOT(ISNA(MATCH(INDIRECT("UserAccessCasePolicy!I"&$N13)&"|"&$AA13,CaseTypeColSetMember!$H:$H,0))))))} -> FALSE | AG13: {=IF($AA13="",TRUE,IF($N13="",FALSE,IF(INDIRECT("UserAccessCasePolicy!K"&$N13)="",FALSE,NOT(ISNA(MATCH(INDIRECT("UserAccessCasePolicy!K"&$N13)&"|"&$AA13,CaseTypeColSetMember!$H:$H,0))))))} -> FALSE | AJ13: =IF($AH13="","",INDEX(CaseTypeCol!$G:$G,MATCH($AH13,CaseTypeCol!$A:$A,0))) | AK13: {=IF($AH13="",TRUE,IF($J13="",FALSE,IF(INDIRECT("OrganizationAccessCasePolicy!J"&$J13)="",FALSE,NOT(ISNA(MATCH(INDIRECT("OrganizationAccessCasePolicy!J"&$J13)&"|"&$AH13,CaseTypeColSetMember!$H:$H,0))))))} -> TRUE | AL13: {=IF($AH13="",TRUE,IF($J13="",FALSE,IF(INDIRECT("OrganizationAccessCasePolicy!L"&$J13)="",FALSE,NOT(ISNA(MATCH(INDIRECT("OrganizationAccessCasePolicy!L"&$J13)&"|"&$AH13,CaseTypeColSetMember!$H:$H,0))))))} -> TRUE | AM13: {=IF($AH13="",TRUE,IF($N13="",FALSE,IF(INDIRECT("UserAccessCasePolicy!I"&$N13)="",FALSE,NOT(ISNA(MATCH(INDIRECT("UserAccessCasePolicy!I"&$N13)&"|"&$AH13,CaseTypeColSetMember!$H:$H,0))))))} -> TRUE | AN13: {=IF($AH13="",TRUE,IF($N13="",FALSE,IF(INDIRECT("UserAccessCasePolicy!K"&$N13)="",FALSE,NOT(ISNA(MATCH(INDIRECT("UserAccessCasePolicy!K"&$N13)&"|"&$AH13,CaseTypeColSetMember!$H:$H,0))))))} -> TRUE | AQ13: =IF($AO13="","",INDEX(CaseTypeCol!$G:$G,MATCH($AO13,CaseTypeCol!$A:$A,0))) | AR13: {=IF($AO13="",TRUE,IF($J13="",FALSE,IF(INDIRECT("OrganizationAccessCasePolicy!J"&$J13)="",FALSE,NOT(ISNA(MATCH(INDIRECT("OrganizationAccessCasePolicy!J"&$J13)&"|"&$AO13,CaseTypeColSetMember!$H:$H,0))))))} -> TRUE | AS13: {=IF($AO13="",TRUE,IF($J13="",FALSE,IF(INDIRECT("OrganizationAccessCasePolicy!L"&$J13)="",FALSE,NOT(ISNA(MATCH(INDIRECT("OrganizationAccessCasePolicy!L"&$J13)&"|"&$AO13,CaseTypeColSetMember!$H:$H,0))))))} -> TRUE | AT13: {=IF($AO13="",TRUE,IF($N13="",FALSE,IF(INDIRECT("UserAccessCasePolicy!I"&$N13)="",FALSE,NOT(ISNA(MATCH(INDIRECT("UserAccessCasePolicy!I"&$N13)&"|"&$AO13,CaseTypeColSetMember!$H:$H,0))))))} -> TRUE | AU13: {=IF($AO13="",TRUE,IF($N13="",FALSE,IF(INDIRECT("UserAccessCasePolicy!K"&$N13)="",FALSE,NOT(ISNA(MATCH(INDIRECT("UserAccessCasePolicy!K"&$N13)&"|"&$AO13,CaseTypeColSetMember!$H:$H,0))))))} -> TRUE
... A33: 32 | B33: TRUE | C33: 0198221b-5adb-cc25-3960-745ee0095570 | D33: 0195d18c-1ca1-d3df-24f3-7aac91cc3f3a | E33: =INDEX(User!$D:$D,MATCH($D33,User!$A:$A,0)) -> org_user5_4 | F33: CREATE_CASES | G33: =IF($F33="CREATE",$I33,IF($F33="CREATE_CASES",OR($I33,AND($K33,$L33,$O33,$P33,$AE33,AG33,$AL33,$AN33,$AS33,$AU33)),"TBD")) -> FALSE | H33: =INDEX(User!$G:$G,MATCH($D33,User!$A:$A,0)) -> 0195d18c-1c93-02a2-6920-7e4dbfb73ce0 | I33: =INDEX(User!$M:$M,MATCH($D33,User!$A:$A,0)) -> FALSE | J33: =IF(ISNA(MATCH($H33&"|"&$W33,OrganizationAccessCasePolicy!$V:$V,0)),"",MATCH($H33&"|"&$W33,OrganizationAccessCasePolicy!$V:$V,0)) | K33: {=IF($J33="",FALSE,NOT(ISNA(MATCH(INDIRECT("OrganizationAccessCasePolicy!D"&$J33)&"|"&$S33,CaseTypeSetMember!$H:$H,0))))} -> FALSE | L33: {=IF($J33="",FALSE,AND(INDIRECT("OrganizationAccessCasePolicy!H"&$J33),NOT(ISNA(MATCH(INDIRECT("OrganizationAccessCasePolicy!D"&$J33)&"|"&$S33,CaseTypeSetMember!$H:$H,0)))))} -> FALSE | M33: {=IF($J33="",FALSE,AND(INDIRECT("OrganizationAccessCasePolicy!I"&$J33),NOT(ISNA(MATCH(INDIRECT("OrganizationAccessCasePolicy!D"&$J33)&"|"&$S33,CaseTypeSetMember!$H:$H,0)))))} -> FALSE | N33: =IF(ISNA(MATCH($D33&"|"&$W33,UserAccessCasePolicy!$W:$W,0)),"",MATCH($D33&"|"&$W33,UserAccessCasePolicy!$W:$W,0)) | O33: {=IF($N33="",FALSE,NOT(ISNA(MATCH(INDIRECT("UserAccessCasePolicy!D"&$N33)&"|"&$S33,CaseTypeSetMember!$H:$H,0))))} -> FALSE | P33: {=IF($N33="",FALSE,AND(INDIRECT("UserAccessCasePolicy!G"&$N33),NOT(ISNA(MATCH(INDIRECT("UserAccessCasePolicy!D"&$N33)&"|"&$S33,CaseTypeSetMember!$H:$H,0)))))} -> FALSE | Q33: {=IF($N33="",FALSE,AND(INDIRECT("UserAccessCasePolicy!H"&$N33),NOT(ISNA(MATCH(INDIRECT("UserAccessCasePolicy!D"&$N33)&"|"&$S33,CaseTypeSetMember!$H:$H,0)))))} -> FALSE | R33: 0198221b-5adb-8e4f-2557-bd1a9714a5a8 | S33: 0195d18c-1ca6-fd99-9d76-fcfa0c0cf400 | T33: =INDEX(CaseType!$B:$B,MATCH($S33,CaseType!$A:$A,0)) -> case_type1 | U33: =AND(IF($AA33="",TRUE,$S33=INDEX(CaseTypeCol!$B:$B,MATCH($AA33,CaseTypeCol!$A:$A,0))),IF($AH33="",TRUE,$S33=INDEX(CaseTypeCol!$B:$B,MATCH($AH33,CaseTypeCol!$A:$A,0))),IF($AO33="",TRUE,$S33=INDEX(CaseTypeCol!$B:$B,MATCH($AO33,CaseTypeCol!$A:$A,0)))) -> TRUE | W33: 0195d18c-1ca2-a23d-1f64-00271f63199c | X33: =INDEX(DataCollection!$B:$B,MATCH($W33,DataCollection!$A:$A,0)) -> data_collection1 | Z33: 36526 | AA33: 0195d18c-1caa-1722-0366-f73bd3f09ee8 | AB33: a | AC33: =IF($AA33="","",INDEX(CaseTypeCol!$G:$G,MATCH($AA33,CaseTypeCol!$A:$A,0))) -> case_type1_dim1_1_text | AD33: {=IF($AA33="",TRUE,IF($J33="",FALSE,IF(INDIRECT("OrganizationAccessCasePolicy!J"&$J33)="",FALSE,NOT(ISNA(MATCH(INDIRECT("OrganizationAccessCasePolicy!J"&$J33)&"|"&$AA33,CaseTypeColSetMember!$H:$H,0))))))} -> FALSE | AE33: {=IF($AA33="",TRUE,IF($J33="",FALSE,IF(INDIRECT("OrganizationAccessCasePolicy!L"&$J33)="",FALSE,NOT(ISNA(MATCH(INDIRECT("OrganizationAccessCasePolicy!L"&$J33)&"|"&$AA33,CaseTypeColSetMember!$H:$H,0))))))} -> FALSE | AF33: {=IF($AA33="",TRUE,IF($N33="",FALSE,IF(INDIRECT("UserAccessCasePolicy!I"&$N33)="",FALSE,NOT(ISNA(MATCH(INDIRECT("UserAccessCasePolicy!I"&$N33)&"|"&$AA33,CaseTypeColSetMember!$H:$H,0))))))} -> FALSE | AG33: {=IF($AA33="",TRUE,IF($N33="",FALSE,IF(INDIRECT("UserAccessCasePolicy!K"&$N33)="",FALSE,NOT(ISNA(MATCH(INDIRECT("UserAccessCasePolicy!K"&$N33)&"|"&$AA33,CaseTypeColSetMember!$H:$H,0))))))} -> FALSE | AJ33: =IF($AH33="","",INDEX(CaseTypeCol!$G:$G,MATCH($AH33,CaseTypeCol!$A:$A,0))) | AK33: {=IF($AH33="",TRUE,IF($J33="",FALSE,IF(INDIRECT("OrganizationAccessCasePolicy!J"&$J33)="",FALSE,NOT(ISNA(MATCH(INDIRECT("OrganizationAccessCasePolicy!J"&$J33)&"|"&$AH33,CaseTypeColSetMember!$H:$H,0))))))} -> TRUE | AL33: {=IF($AH33="",TRUE,IF($J33="",FALSE,IF(INDIRECT("OrganizationAccessCasePolicy!L"&$J33)="",FALSE,NOT(ISNA(MATCH(INDIRECT("OrganizationAccessCasePolicy!L"&$J33)&"|"&$AH33,CaseTypeColSetMember!$H:$H,0))))))} -> TRUE | AM33: {=IF($AH33="",TRUE,IF($N33="",FALSE,IF(INDIRECT("UserAccessCasePolicy!I"&$N33)="",FALSE,NOT(ISNA(MATCH(INDIRECT("UserAccessCasePolicy!I"&$N33)&"|"&$AH33,CaseTypeColSetMember!$H:$H,0))))))} -> TRUE | AN33: {=IF($AH33="",TRUE,IF($N33="",FALSE,IF(INDIRECT("UserAccessCasePolicy!K"&$N33)="",FALSE,NOT(ISNA(MATCH(INDIRECT("UserAccessCasePolicy!K"&$N33)&"|"&$AH33,CaseTypeColSetMember!$H:$H,0))))))} -> TRUE | AQ33: =IF($AO33="","",INDEX(CaseTypeCol!$G:$G,MATCH($AO33,CaseTypeCol!$A:$A,0))) | AR33: {=IF($AO33="",TRUE,IF($J33="",FALSE,IF(INDIRECT("OrganizationAccessCasePolicy!J"&$J33)="",FALSE,NOT(ISNA(MATCH(INDIRECT("OrganizationAccessCasePolicy!J"&$J33)&"|"&$AO33,CaseTypeColSetMember!$H:$H,0))))))} -> TRUE | AS33: {=IF($AO33="",TRUE,IF($J33="",FALSE,IF(INDIRECT("OrganizationAccessCasePolicy!L"&$J33)="",FALSE,NOT(ISNA(MATCH(INDIRECT("OrganizationAccessCasePolicy!L"&$J33)&"|"&$AO33,CaseTypeColSetMember!$H:$H,0))))))} -> TRUE | AT33: {=IF($AO33="",TRUE,IF($N33="",FALSE,IF(INDIRECT("UserAccessCasePolicy!I"&$N33)="",FALSE,NOT(ISNA(MATCH(INDIRECT("UserAccessCasePolicy!I"&$N33)&"|"&$AO33,CaseTypeColSetMember!$H:$H,0))))))} -> TRUE | AU33: {=IF($AO33="",TRUE,IF($N33="",FALSE,IF(INDIRECT("UserAccessCasePolicy!K"&$N33)="",FALSE,NOT(ISNA(MATCH(INDIRECT("UserAccessCasePolicy!K"&$N33)&"|"&$AO33,CaseTypeColSetMember!$H:$H,0))))))} -> TRUE
A34: 33 | B34: TRUE | C34: 0198221b-5adb-cc25-3960-745ee0095571 | D34: 0195d18c-1c98-7e0b-0c91-8cafbdb2c852 | E34: =INDEX(User!$D:$D,MATCH($D34,User!$A:$A,0)) -> org_user1_1 | F34: CREATE_CASES | G34: =IF($F34="CREATE",$I34,IF($F34="CREATE_CASES",OR($I34,AND($K34,$L34,$O34,$P34,$AE34,AG34,$AL34,$AN34,$AS34,$AU34)),"TBD")) -> FALSE | H34: =INDEX(User!$G:$G,MATCH($D34,User!$A:$A,0)) -> 018d074d-ea0c-e942-07db-a3cc0ba1d653 | I34: =INDEX(User!$M:$M,MATCH($D34,User!$A:$A,0)) -> FALSE | J34: =IF(ISNA(MATCH($H34&"|"&$W34,OrganizationAccessCasePolicy!$V:$V,0)),"",MATCH($H34&"|"&$W34,OrganizationAccessCasePolicy!$V:$V,0)) -> 7 | K34: {=IF($J34="",FALSE,NOT(ISNA(MATCH(INDIRECT("OrganizationAccessCasePolicy!D"&$J34)&"|"&$S34,CaseTypeSetMember!$H:$H,0))))} -> TRUE | L34: {=IF($J34="",FALSE,AND(INDIRECT("OrganizationAccessCasePolicy!H"&$J34),NOT(ISNA(MATCH(INDIRECT("OrganizationAccessCasePolicy!D"&$J34)&"|"&$S34,CaseTypeSetMember!$H:$H,0)))))} -> TRUE | M34: {=IF($J34="",FALSE,AND(INDIRECT("OrganizationAccessCasePolicy!I"&$J34),NOT(ISNA(MATCH(INDIRECT("OrganizationAccessCasePolicy!D"&$J34)&"|"&$S34,CaseTypeSetMember!$H:$H,0)))))} -> TRUE | N34: =IF(ISNA(MATCH($D34&"|"&$W34,UserAccessCasePolicy!$W:$W,0)),"",MATCH($D34&"|"&$W34,UserAccessCasePolicy!$W:$W,0)) -> 7 | O34: {=IF($N34="",FALSE,NOT(ISNA(MATCH(INDIRECT("UserAccessCasePolicy!D"&$N34)&"|"&$S34,CaseTypeSetMember!$H:$H,0))))} -> TRUE | P34: {=IF($N34="",FALSE,AND(INDIRECT("UserAccessCasePolicy!G"&$N34),NOT(ISNA(MATCH(INDIRECT("UserAccessCasePolicy!D"&$N34)&"|"&$S34,CaseTypeSetMember!$H:$H,0)))))} -> TRUE | Q34: {=IF($N34="",FALSE,AND(INDIRECT("UserAccessCasePolicy!H"&$N34),NOT(ISNA(MATCH(INDIRECT("UserAccessCasePolicy!D"&$N34)&"|"&$S34,CaseTypeSetMember!$H:$H,0)))))} -> TRUE | R34: 0198221b-5adb-8e4f-2557-bd1a9714a5a9 | S34: 0195d18c-1ca6-fd99-9d76-fcfa0c0cf400 | T34: =INDEX(CaseType!$B:$B,MATCH($S34,CaseType!$A:$A,0)) -> case_type1 | U34: =AND(IF($AA34="",TRUE,$S34=INDEX(CaseTypeCol!$B:$B,MATCH($AA34,CaseTypeCol!$A:$A,0))),IF($AH34="",TRUE,$S34=INDEX(CaseTypeCol!$B:$B,MATCH($AH34,CaseTypeCol!$A:$A,0))),IF($AO34="",TRUE,$S34=INDEX(CaseTypeCol!$B:$B,MATCH($AO34,CaseTypeCol!$A:$A,0)))) -> TRUE | W34: 0195d18c-1ca3-f309-f6f1-e4807afe3802 | X34: =INDEX(DataCollection!$B:$B,MATCH($W34,DataCollection!$A:$A,0)) -> data_collection6 | Z34: 36526 | AA34: 0195d18c-1caa-1722-0366-f73bd3f09ee8 | AB34: a | AC34: =IF($AA34="","",INDEX(CaseTypeCol!$G:$G,MATCH($AA34,CaseTypeCol!$A:$A,0))) -> case_type1_dim1_1_text | AD34: {=IF($AA34="",TRUE,IF($J34="",FALSE,IF(INDIRECT("OrganizationAccessCasePolicy!J"&$J34)="",FALSE,NOT(ISNA(MATCH(INDIRECT("OrganizationAccessCasePolicy!J"&$J34)&"|"&$AA34,CaseTypeColSetMember!$H:$H,0))))))} -> TRUE | AE34: {=IF($AA34="",TRUE,IF($J34="",FALSE,IF(INDIRECT("OrganizationAccessCasePolicy!L"&$J34)="",FALSE,NOT(ISNA(MATCH(INDIRECT("OrganizationAccessCasePolicy!L"&$J34)&"|"&$AA34,CaseTypeColSetMember!$H:$H,0))))))} -> FALSE | AF34: {=IF($AA34="",TRUE,IF($N34="",FALSE,IF(INDIRECT("UserAccessCasePolicy!I"&$N34)="",FALSE,NOT(ISNA(MATCH(INDIRECT("UserAccessCasePolicy!I"&$N34)&"|"&$AA34,CaseTypeColSetMember!$H:$H,0))))))} -> TRUE | AG34: {=IF($AA34="",TRUE,IF($N34="",FALSE,IF(INDIRECT("UserAccessCasePolicy!K"&$N34)="",FALSE,NOT(ISNA(MATCH(INDIRECT("UserAccessCasePolicy!K"&$N34)&"|"&$AA34,CaseTypeColSetMember!$H:$H,0))))))} -> TRUE | AH34: 0195d18c-1caa-1722-0366-f73bd3f09ee8 | AI34: abc | AJ34: =IF($AH34="","",INDEX(CaseTypeCol!$G:$G,MATCH($AH34,CaseTypeCol!$A:$A,0))) -> case_type1_dim1_1_text | AK34: {=IF($AH34="",TRUE,IF($J34="",FALSE,IF(INDIRECT("OrganizationAccessCasePolicy!J"&$J34)="",FALSE,NOT(ISNA(MATCH(INDIRECT("OrganizationAccessCasePolicy!J"&$J34)&"|"&$AH34,CaseTypeColSetMember!$H:$H,0))))))} -> TRUE | AL34: {=IF($AH34="",TRUE,IF($J34="",FALSE,IF(INDIRECT("OrganizationAccessCasePolicy!L"&$J34)="",FALSE,NOT(ISNA(MATCH(INDIRECT("OrganizationAccessCasePolicy!L"&$J34)&"|"&$AH34,CaseTypeColSetMember!$H:$H,0))))))} -> FALSE | AM34: {=IF($AH34="",TRUE,IF($N34="",FALSE,IF(INDIRECT("UserAccessCasePolicy!I"&$N34)="",FALSE,NOT(ISNA(MATCH(INDIRECT("UserAccessCasePolicy!I"&$N34)&"|"&$AH34,CaseTypeColSetMember!$H:$H,0))))))} -> TRUE | AN34: {=IF($AH34="",TRUE,IF($N34="",FALSE,IF(INDIRECT("UserAccessCasePolicy!K"&$N34)="",FALSE,NOT(ISNA(MATCH(INDIRECT("UserAccessCasePolicy!K"&$N34)&"|"&$AH34,CaseTypeColSetMember!$H:$H,0))))))} -> TRUE | AO34: 0195d18c-1caa-1722-0366-f73bd3f09ee8 | AP34: vE5% | AQ34: =IF($AO34="","",INDEX(CaseTypeCol!$G:$G,MATCH($AO34,CaseTypeCol!$A:$A,0))) -> case_type1_dim1_1_text | AR34: {=IF($AO34="",TRUE,IF($J34="",FALSE,IF(INDIRECT("OrganizationAccessCasePolicy!J"&$J34)="",FALSE,NOT(ISNA(MATCH(INDIRECT("OrganizationAccessCasePolicy!J"&$J34)&"|"&$AO34,CaseTypeColSetMember!$H:$H,0))))))} -> TRUE | AS34: {=IF($AO34="",TRUE,IF($J34="",FALSE,IF(INDIRECT("OrganizationAccessCasePolicy!L"&$J34)="",FALSE,NOT(ISNA(MATCH(INDIRECT("OrganizationAccessCasePolicy!L"&$J34)&"|"&$AO34,CaseTypeColSetMember!$H:$H,0))))))} -> FALSE | AT34: {=IF($AO34="",TRUE,IF($N34="",FALSE,IF(INDIRECT("UserAccessCasePolicy!I"&$N34)="",FALSE,NOT(ISNA(MATCH(INDIRECT("UserAccessCasePolicy!I"&$N34)&"|"&$AO34,CaseTypeColSetMember!$H:$H,0))))))} -> TRUE | AU34: {=IF($AO34="",TRUE,IF($N34="",FALSE,IF(INDIRECT("UserAccessCasePolicy!K"&$N34)="",FALSE,NOT(ISNA(MATCH(INDIRECT("UserAccessCasePolicy!K"&$N34)&"|"&$AO34,CaseTypeColSetMember!$H:$H,0))))))} -> TRUE
A35: 34 | B35: TRUE | C35: 0198221b-5adb-cc25-3960-745ee0095572 | D35: 0195d18c-1c98-5a1e-55b9-67b877813693 | E35: =INDEX(User!$D:$D,MATCH($D35,User!$A:$A,0)) -> org_user1_2 | F35: CREATE_CASES | G35: =IF($F35="CREATE",$I35,IF($F35="CREATE_CASES",OR($I35,AND($K35,$L35,$O35,$P35,$AE35,AG35,$AL35,$AN35,$AS35,$AU35)),"TBD")) -> FALSE | H35: =INDEX(User!$G:$G,MATCH($D35,User!$A:$A,0)) -> 018d074d-ea0c-e942-07db-a3cc0ba1d653 | I35: =INDEX(User!$M:$M,MATCH($D35,User!$A:$A,0)) -> FALSE | J35: =IF(ISNA(MATCH($H35&"|"&$W35,OrganizationAccessCasePolicy!$V:$V,0)),"",MATCH($H35&"|"&$W35,OrganizationAccessCasePolicy!$V:$V,0)) -> 7 | K35: {=IF($J35="",FALSE,NOT(ISNA(MATCH(INDIRECT("OrganizationAccessCasePolicy!D"&$J35)&"|"&$S35,CaseTypeSetMember!$H:$H,0))))} -> TRUE | L35: {=IF($J35="",FALSE,AND(INDIRECT("OrganizationAccessCasePolicy!H"&$J35),NOT(ISNA(MATCH(INDIRECT("OrganizationAccessCasePolicy!D"&$J35)&"|"&$S35,CaseTypeSetMember!$H:$H,0)))))} -> TRUE | M35: {=IF($J35="",FALSE,AND(INDIRECT("OrganizationAccessCasePolicy!I"&$J35),NOT(ISNA(MATCH(INDIRECT("OrganizationAccessCasePolicy!D"&$J35)&"|"&$S35,CaseTypeSetMember!$H:$H,0)))))} -> TRUE | N35: =IF(ISNA(MATCH($D35&"|"&$W35,UserAccessCasePolicy!$W:$W,0)),"",MATCH($D35&"|"&$W35,UserAccessCasePolicy!$W:$W,0)) | O35: {=IF($N35="",FALSE,NOT(ISNA(MATCH(INDIRECT("UserAccessCasePolicy!D"&$N35)&"|"&$S35,CaseTypeSetMember!$H:$H,0))))} -> FALSE | P35: {=IF($N35="",FALSE,AND(INDIRECT("UserAccessCasePolicy!G"&$N35),NOT(ISNA(MATCH(INDIRECT("UserAccessCasePolicy!D"&$N35)&"|"&$S35,CaseTypeSetMember!$H:$H,0)))))} -> FALSE | Q35: {=IF($N35="",FALSE,AND(INDIRECT("UserAccessCasePolicy!H"&$N35),NOT(ISNA(MATCH(INDIRECT("UserAccessCasePolicy!D"&$N35)&"|"&$S35,CaseTypeSetMember!$H:$H,0)))))} -> FALSE | R35: 0198221b-5adb-8e4f-2557-bd1a9714a5a9 | S35: 0195d18c-1ca6-fd99-9d76-fcfa0c0cf400 | T35: =INDEX(CaseType!$B:$B,MATCH($S35,CaseType!$A:$A,0)) -> case_type1 | U35: =AND(IF($AA35="",TRUE,$S35=INDEX(CaseTypeCol!$B:$B,MATCH($AA35,CaseTypeCol!$A:$A,0))),IF($AH35="",TRUE,$S35=INDEX(CaseTypeCol!$B:$B,MATCH($AH35,CaseTypeCol!$A:$A,0))),IF($AO35="",TRUE,$S35=INDEX(CaseTypeCol!$B:$B,MATCH($AO35,CaseTypeCol!$A:$A,0)))) -> TRUE | W35: 0195d18c-1ca3-f309-f6f1-e4807afe3802 | X35: =INDEX(DataCollection!$B:$B,MATCH($W35,DataCollection!$A:$A,0)) -> data_collection6 | Z35: 36526 | AA35: 0195d18c-1caa-1722-0366-f73bd3f09ee8 | AB35: a | AC35: =IF($AA35="","",INDEX(CaseTypeCol!$G:$G,MATCH($AA35,CaseTypeCol!$A:$A,0))) -> case_type1_dim1_1_text | AD35: {=IF($AA35="",TRUE,IF($J35="",FALSE,IF(INDIRECT("OrganizationAccessCasePolicy!J"&$J35)="",FALSE,NOT(ISNA(MATCH(INDIRECT("OrganizationAccessCasePolicy!J"&$J35)&"|"&$AA35,CaseTypeColSetMember!$H:$H,0))))))} -> TRUE | AE35: {=IF($AA35="",TRUE,IF($J35="",FALSE,IF(INDIRECT("OrganizationAccessCasePolicy!L"&$J35)="",FALSE,NOT(ISNA(MATCH(INDIRECT("OrganizationAccessCasePolicy!L"&$J35)&"|"&$AA35,CaseTypeColSetMember!$H:$H,0))))))} -> FALSE | AF35: {=IF($AA35="",TRUE,IF($N35="",FALSE,IF(INDIRECT("UserAccessCasePolicy!I"&$N35)="",FALSE,NOT(ISNA(MATCH(INDIRECT("UserAccessCasePolicy!I"&$N35)&"|"&$AA35,CaseTypeColSetMember!$H:$H,0))))))} -> FALSE | AG35: {=IF($AA35="",TRUE,IF($N35="",FALSE,IF(INDIRECT("UserAccessCasePolicy!K"&$N35)="",FALSE,NOT(ISNA(MATCH(INDIRECT("UserAccessCasePolicy!K"&$N35)&"|"&$AA35,CaseTypeColSetMember!$H:$H,0))))))} -> FALSE | AI35: aerhaerh | AJ35: =IF($AH35="","",INDEX(CaseTypeCol!$G:$G,MATCH($AH35,CaseTypeCol!$A:$A,0))) | AK35: {=IF($AH35="",TRUE,IF($J35="",FALSE,IF(INDIRECT("OrganizationAccessCasePolicy!J"&$J35)="",FALSE,NOT(ISNA(MATCH(INDIRECT("OrganizationAccessCasePolicy!J"&$J35)&"|"&$AH35,CaseTypeColSetMember!$H:$H,0))))))} -> TRUE | AL35: {=IF($AH35="",TRUE,IF($J35="",FALSE,IF(INDIRECT("OrganizationAccessCasePolicy!L"&$J35)="",FALSE,NOT(ISNA(MATCH(INDIRECT("OrganizationAccessCasePolicy!L"&$J35)&"|"&$AH35,CaseTypeColSetMember!$H:$H,0))))))} -> TRUE | AM35: {=IF($AH35="",TRUE,IF($N35="",FALSE,IF(INDIRECT("UserAccessCasePolicy!I"&$N35)="",FALSE,NOT(ISNA(MATCH(INDIRECT("UserAccessCasePolicy!I"&$N35)&"|"&$AH35,CaseTypeColSetMember!$H:$H,0))))))} -> TRUE | AN35: {=IF($AH35="",TRUE,IF($N35="",FALSE,IF(INDIRECT("UserAccessCasePolicy!K"&$N35)="",FALSE,NOT(ISNA(MATCH(INDIRECT("UserAccessCasePolicy!K"&$N35)&"|"&$AH35,CaseTypeColSetMember!$H:$H,0))))))} -> TRUE | AQ35: =IF($AO35="","",INDEX(CaseTypeCol!$G:$G,MATCH($AO35,CaseTypeCol!$A:$A,0))) | AR35: {=IF($AO35="",TRUE,IF($J35="",FALSE,IF(INDIRECT("OrganizationAccessCasePolicy!J"&$J35)="",FALSE,NOT(ISNA(MATCH(INDIRECT("OrganizationAccessCasePolicy!J"&$J35)&"|"&$AO35,CaseTypeColSetMember!$H:$H,0))))))} -> TRUE | AS35: {=IF($AO35="",TRUE,IF($J35="",FALSE,IF(INDIRECT("OrganizationAccessCasePolicy!L"&$J35)="",FALSE,NOT(ISNA(MATCH(INDIRECT("OrganizationAccessCasePolicy!L"&$J35)&"|"&$AO35,CaseTypeColSetMember!$H:$H,0))))))} -> TRUE | AT35: {=IF($AO35="",TRUE,IF($N35="",FALSE,IF(INDIRECT("UserAccessCasePolicy!I"&$N35)="",FALSE,NOT(ISNA(MATCH(INDIRECT("UserAccessCasePolicy!I"&$N35)&"|"&$AO35,CaseTypeColSetMember!$H:$H,0))))))} -> TRUE | AU35: {=IF($AO35="",TRUE,IF($N35="",FALSE,IF(INDIRECT("UserAccessCasePolicy!K"&$N35)="",FALSE,NOT(ISNA(MATCH(INDIRECT("UserAccessCasePolicy!K"&$N35)&"|"&$AO35,CaseTypeColSetMember!$H:$H,0))))))} -> TRUE
A36: 35 | B36: TRUE | C36: 0198221b-5adb-cc25-3960-745ee0095573 | D36: 0195d18c-1c99-03eb-f1b4-a88daae1b74c | E36: =INDEX(User!$D:$D,MATCH($D36,User!$A:$A,0)) -> org_user1_3 | F36: CREATE_CASES | G36: =IF($F36="CREATE",$I36,IF($F36="CREATE_CASES",OR($I36,AND($K36,$L36,$O36,$P36,$AE36,AG36,$AL36,$AN36,$AS36,$AU36)),"TBD")) -> FALSE | H36: =INDEX(User!$G:$G,MATCH($D36,User!$A:$A,0)) -> 018d074d-ea0c-e942-07db-a3cc0ba1d653 | I36: =INDEX(User!$M:$M,MATCH($D36,User!$A:$A,0)) -> FALSE | J36: =IF(ISNA(MATCH($H36&"|"&$W36,OrganizationAccessCasePolicy!$V:$V,0)),"",MATCH($H36&"|"&$W36,OrganizationAccessCasePolicy!$V:$V,0)) -> 7 | K36: {=IF($J36="",FALSE,NOT(ISNA(MATCH(INDIRECT("OrganizationAccessCasePolicy!D"&$J36)&"|"&$S36,CaseTypeSetMember!$H:$H,0))))} -> TRUE | L36: {=IF($J36="",FALSE,AND(INDIRECT("OrganizationAccessCasePolicy!H"&$J36),NOT(ISNA(MATCH(INDIRECT("OrganizationAccessCasePolicy!D"&$J36)&"|"&$S36,CaseTypeSetMember!$H:$H,0)))))} -> TRUE | M36: {=IF($J36="",FALSE,AND(INDIRECT("OrganizationAccessCasePolicy!I"&$J36),NOT(ISNA(MATCH(INDIRECT("OrganizationAccessCasePolicy!D"&$J36)&"|"&$S36,CaseTypeSetMember!$H:$H,0)))))} -> TRUE | N36: =IF(ISNA(MATCH($D36&"|"&$W36,UserAccessCasePolicy!$W:$W,0)),"",MATCH($D36&"|"&$W36,UserAccessCasePolicy!$W:$W,0)) | O36: {=IF($N36="",FALSE,NOT(ISNA(MATCH(INDIRECT("UserAccessCasePolicy!D"&$N36)&"|"&$S36,CaseTypeSetMember!$H:$H,0))))} -> FALSE | P36: {=IF($N36="",FALSE,AND(INDIRECT("UserAccessCasePolicy!G"&$N36),NOT(ISNA(MATCH(INDIRECT("UserAccessCasePolicy!D"&$N36)&"|"&$S36,CaseTypeSetMember!$H:$H,0)))))} -> FALSE | Q36: {=IF($N36="",FALSE,AND(INDIRECT("UserAccessCasePolicy!H"&$N36),NOT(ISNA(MATCH(INDIRECT("UserAccessCasePolicy!D"&$N36)&"|"&$S36,CaseTypeSetMember!$H:$H,0)))))} -> FALSE | R36: 0198221b-5adb-8e4f-2557-bd1a9714a5a9 | S36: 0195d18c-1ca6-fd99-9d76-fcfa0c0cf400 | T36: =INDEX(CaseType!$B:$B,MATCH($S36,CaseType!$A:$A,0)) -> case_type1 | U36: =AND(IF($AA36="",TRUE,$S36=INDEX(CaseTypeCol!$B:$B,MATCH($AA36,CaseTypeCol!$A:$A,0))),IF($AH36="",TRUE,$S36=INDEX(CaseTypeCol!$B:$B,MATCH($AH36,CaseTypeCol!$A:$A,0))),IF($AO36="",TRUE,$S36=INDEX(CaseTypeCol!$B:$B,MATCH($AO36,CaseTypeCol!$A:$A,0)))) -> TRUE | W36: 0195d18c-1ca3-f309-f6f1-e4807afe3802 | X36: =INDEX(DataCollection!$B:$B,MATCH($W36,DataCollection!$A:$A,0)) -> data_collection6 | Z36: 36526 | AA36: 0195d18c-1caa-1722-0366-f73bd3f09ee8 | AB36: a | AC36: =IF($AA36="","",INDEX(CaseTypeCol!$G:$G,MATCH($AA36,CaseTypeCol!$A:$A,0))) -> case_type1_dim1_1_text | AD36: {=IF($AA36="",TRUE,IF($J36="",FALSE,IF(INDIRECT("OrganizationAccessCasePolicy!J"&$J36)="",FALSE,NOT(ISNA(MATCH(INDIRECT("OrganizationAccessCasePolicy!J"&$J36)&"|"&$AA36,CaseTypeColSetMember!$H:$H,0))))))} -> TRUE | AE36: {=IF($AA36="",TRUE,IF($J36="",FALSE,IF(INDIRECT("OrganizationAccessCasePolicy!L"&$J36)="",FALSE,NOT(ISNA(MATCH(INDIRECT("OrganizationAccessCasePolicy!L"&$J36)&"|"&$AA36,CaseTypeColSetMember!$H:$H,0))))))} -> FALSE | AF36: {=IF($AA36="",TRUE,IF($N36="",FALSE,IF(INDIRECT("UserAccessCasePolicy!I"&$N36)="",FALSE,NOT(ISNA(MATCH(INDIRECT("UserAccessCasePolicy!I"&$N36)&"|"&$AA36,CaseTypeColSetMember!$H:$H,0))))))} -> FALSE | AG36: {=IF($AA36="",TRUE,IF($N36="",FALSE,IF(INDIRECT("UserAccessCasePolicy!K"&$N36)="",FALSE,NOT(ISNA(MATCH(INDIRECT("UserAccessCasePolicy!K"&$N36)&"|"&$AA36,CaseTypeColSetMember!$H:$H,0))))))} -> FALSE | AI36: aerhaer | AJ36: =IF($AH36="","",INDEX(CaseTypeCol!$G:$G,MATCH($AH36,CaseTypeCol!$A:$A,0))) | AK36: {=IF($AH36="",TRUE,IF($J36="",FALSE,IF(INDIRECT("OrganizationAccessCasePolicy!J"&$J36)="",FALSE,NOT(ISNA(MATCH(INDIRECT("OrganizationAccessCasePolicy!J"&$J36)&"|"&$AH36,CaseTypeColSetMember!$H:$H,0))))))} -> TRUE | AL36: {=IF($AH36="",TRUE,IF($J36="",FALSE,IF(INDIRECT("OrganizationAccessCasePolicy!L"&$J36)="",FALSE,NOT(ISNA(MATCH(INDIRECT("OrganizationAccessCasePolicy!L"&$J36)&"|"&$AH36,CaseTypeColSetMember!$H:$H,0))))))} -> TRUE | AM36: {=IF($AH36="",TRUE,IF($N36="",FALSE,IF(INDIRECT("UserAccessCasePolicy!I"&$N36)="",FALSE,NOT(ISNA(MATCH(INDIRECT("UserAccessCasePolicy!I"&$N36)&"|"&$AH36,CaseTypeColSetMember!$H:$H,0))))))} -> TRUE | AN36: {=IF($AH36="",TRUE,IF($N36="",FALSE,IF(INDIRECT("UserAccessCasePolicy!K"&$N36)="",FALSE,NOT(ISNA(MATCH(INDIRECT("UserAccessCasePolicy!K"&$N36)&"|"&$AH36,CaseTypeColSetMember!$H:$H,0))))))} -> TRUE | AQ36: =IF($AO36="","",INDEX(CaseTypeCol!$G:$G,MATCH($AO36,CaseTypeCol!$A:$A,0))) | AR36: {=IF($AO36="",TRUE,IF($J36="",FALSE,IF(INDIRECT("OrganizationAccessCasePolicy!J"&$J36)="",FALSE,NOT(ISNA(MATCH(INDIRECT("OrganizationAccessCasePolicy!J"&$J36)&"|"&$AO36,CaseTypeColSetMember!$H:$H,0))))))} -> TRUE | AS36: {=IF($AO36="",TRUE,IF($J36="",FALSE,IF(INDIRECT("OrganizationAccessCasePolicy!L"&$J36)="",FALSE,NOT(ISNA(MATCH(INDIRECT("OrganizationAccessCasePolicy!L"&$J36)&"|"&$AO36,CaseTypeColSetMember!$H:$H,0))))))} -> TRUE | AT36: {=IF($AO36="",TRUE,IF($N36="",FALSE,IF(INDIRECT("UserAccessCasePolicy!I"&$N36)="",FALSE,NOT(ISNA(MATCH(INDIRECT("UserAccessCasePolicy!I"&$N36)&"|"&$AO36,CaseTypeColSetMember!$H:$H,0))))))} -> TRUE | AU36: {=IF($AO36="",TRUE,IF($N36="",FALSE,IF(INDIRECT("UserAccessCasePolicy!K"&$N36)="",FALSE,NOT(ISNA(MATCH(INDIRECT("UserAccessCasePolicy!K"&$N36)&"|"&$AO36,CaseTypeColSetMember!$H:$H,0))))))} -> TRUE
A37: 36 | B37: TRUE | C37: 0198221b-5adb-cc25-3960-745ee0095574 | D37: 0195d18c-1c99-a68b-99dd-a489908e8df1 | E37: =INDEX(User!$D:$D,MATCH($D37,User!$A:$A,0)) -> org_user1_4 | F37: CREATE_CASES | G37: =IF($F37="CREATE",$I37,IF($F37="CREATE_CASES",OR($I37,AND($K37,$L37,$O37,$P37,$AE37,AG37,$AL37,$AN37,$AS37,$AU37)),"TBD")) -> FALSE | H37: =INDEX(User!$G:$G,MATCH($D37,User!$A:$A,0)) -> 018d074d-ea0c-e942-07db-a3cc0ba1d653 | I37: =INDEX(User!$M:$M,MATCH($D37,User!$A:$A,0)) -> FALSE | J37: =IF(ISNA(MATCH($H37&"|"&$W37,OrganizationAccessCasePolicy!$V:$V,0)),"",MATCH($H37&"|"&$W37,OrganizationAccessCasePolicy!$V:$V,0)) -> 7 | K37: {=IF($J37="",FALSE,NOT(ISNA(MATCH(INDIRECT("OrganizationAccessCasePolicy!D"&$J37)&"|"&$S37,CaseTypeSetMember!$H:$H,0))))} -> TRUE | L37: {=IF($J37="",FALSE,AND(INDIRECT("OrganizationAccessCasePolicy!H"&$J37),NOT(ISNA(MATCH(INDIRECT("OrganizationAccessCasePolicy!D"&$J37)&"|"&$S37,CaseTypeSetMember!$H:$H,0)))))} -> TRUE | M37: {=IF($J37="",FALSE,AND(INDIRECT("OrganizationAccessCasePolicy!I"&$J37),NOT(ISNA(MATCH(INDIRECT("OrganizationAccessCasePolicy!D"&$J37)&"|"&$S37,CaseTypeSetMember!$H:$H,0)))))} -> TRUE | N37: =IF(ISNA(MATCH($D37&"|"&$W37,UserAccessCasePolicy!$W:$W,0)),"",MATCH($D37&"|"&$W37,UserAccessCasePolicy!$W:$W,0)) | O37: {=IF($N37="",FALSE,NOT(ISNA(MATCH(INDIRECT("UserAccessCasePolicy!D"&$N37)&"|"&$S37,CaseTypeSetMember!$H:$H,0))))} -> FALSE | P37: {=IF($N37="",FALSE,AND(INDIRECT("UserAccessCasePolicy!G"&$N37),NOT(ISNA(MATCH(INDIRECT("UserAccessCasePolicy!D"&$N37)&"|"&$S37,CaseTypeSetMember!$H:$H,0)))))} -> FALSE | Q37: {=IF($N37="",FALSE,AND(INDIRECT("UserAccessCasePolicy!H"&$N37),NOT(ISNA(MATCH(INDIRECT("UserAccessCasePolicy!D"&$N37)&"|"&$S37,CaseTypeSetMember!$H:$H,0)))))} -> FALSE | R37: 0198221b-5adb-8e4f-2557-bd1a9714a5a9 | S37: 0195d18c-1ca6-fd99-9d76-fcfa0c0cf400 | T37: =INDEX(CaseType!$B:$B,MATCH($S37,CaseType!$A:$A,0)) -> case_type1 | U37: =AND(IF($AA37="",TRUE,$S37=INDEX(CaseTypeCol!$B:$B,MATCH($AA37,CaseTypeCol!$A:$A,0))),IF($AH37="",TRUE,$S37=INDEX(CaseTypeCol!$B:$B,MATCH($AH37,CaseTypeCol!$A:$A,0))),IF($AO37="",TRUE,$S37=INDEX(CaseTypeCol!$B:$B,MATCH($AO37,CaseTypeCol!$A:$A,0)))) -> TRUE | W37: 0195d18c-1ca3-f309-f6f1-e4807afe3802 | X37: =INDEX(DataCollection!$B:$B,MATCH($W37,DataCollection!$A:$A,0)) -> data_collection6 | Z37: 36526 | AA37: 0195d18c-1caa-1722-0366-f73bd3f09ee8 | AB37: a | AC37: =IF($AA37="","",INDEX(CaseTypeCol!$G:$G,MATCH($AA37,CaseTypeCol!$A:$A,0))) -> case_type1_dim1_1_text | AD37: {=IF($AA37="",TRUE,IF($J37="",FALSE,IF(INDIRECT("OrganizationAccessCasePolicy!J"&$J37)="",FALSE,NOT(ISNA(MATCH(INDIRECT("OrganizationAccessCasePolicy!J"&$J37)&"|"&$AA37,CaseTypeColSetMember!$H:$H,0))))))} -> TRUE | AE37: {=IF($AA37="",TRUE,IF($J37="",FALSE,IF(INDIRECT("OrganizationAccessCasePolicy!L"&$J37)="",FALSE,NOT(ISNA(MATCH(INDIRECT("OrganizationAccessCasePolicy!L"&$J37)&"|"&$AA37,CaseTypeColSetMember!$H:$H,0))))))} -> FALSE | AF37: {=IF($AA37="",TRUE,IF($N37="",FALSE,IF(INDIRECT("UserAccessCasePolicy!I"&$N37)="",FALSE,NOT(ISNA(MATCH(INDIRECT("UserAccessCasePolicy!I"&$N37)&"|"&$AA37,CaseTypeColSetMember!$H:$H,0))))))} -> FALSE | AG37: {=IF($AA37="",TRUE,IF($N37="",FALSE,IF(INDIRECT("UserAccessCasePolicy!K"&$N37)="",FALSE,NOT(ISNA(MATCH(INDIRECT("UserAccessCasePolicy!K"&$N37)&"|"&$AA37,CaseTypeColSetMember!$H:$H,0))))))} -> FALSE | AI37: awgr | AJ37: =IF($AH37="","",INDEX(CaseTypeCol!$G:$G,MATCH($AH37,CaseTypeCol!$A:$A,0))) | AK37: {=IF($AH37="",TRUE,IF($J37="",FALSE,IF(INDIRECT("OrganizationAccessCasePolicy!J"&$J37)="",FALSE,NOT(ISNA(MATCH(INDIRECT("OrganizationAccessCasePolicy!J"&$J37)&"|"&$AH37,CaseTypeColSetMember!$H:$H,0))))))} -> TRUE | AL37: {=IF($AH37="",TRUE,IF($J37="",FALSE,IF(INDIRECT("OrganizationAccessCasePolicy!L"&$J37)="",FALSE,NOT(ISNA(MATCH(INDIRECT("OrganizationAccessCasePolicy!L"&$J37)&"|"&$AH37,CaseTypeColSetMember!$H:$H,0))))))} -> TRUE | AM37: {=IF($AH37="",TRUE,IF($N37="",FALSE,IF(INDIRECT("UserAccessCasePolicy!I"&$N37)="",FALSE,NOT(ISNA(MATCH(INDIRECT("UserAccessCasePolicy!I"&$N37)&"|"&$AH37,CaseTypeColSetMember!$H:$H,0))))))} -> TRUE | AN37: {=IF($AH37="",TRUE,IF($N37="",FALSE,IF(INDIRECT("UserAccessCasePolicy!K"&$N37)="",FALSE,NOT(ISNA(MATCH(INDIRECT("UserAccessCasePolicy!K"&$N37)&"|"&$AH37,CaseTypeColSetMember!$H:$H,0))))))} -> TRUE | AQ37: =IF($AO37="","",INDEX(CaseTypeCol!$G:$G,MATCH($AO37,CaseTypeCol!$A:$A,0))) | AR37: {=IF($AO37="",TRUE,IF($J37="",FALSE,IF(INDIRECT("OrganizationAccessCasePolicy!J"&$J37)="",FALSE,NOT(ISNA(MATCH(INDIRECT("OrganizationAccessCasePolicy!J"&$J37)&"|"&$AO37,CaseTypeColSetMember!$H:$H,0))))))} -> TRUE | AS37: {=IF($AO37="",TRUE,IF($J37="",FALSE,IF(INDIRECT("OrganizationAccessCasePolicy!L"&$J37)="",FALSE,NOT(ISNA(MATCH(INDIRECT("OrganizationAccessCasePolicy!L"&$J37)&"|"&$AO37,CaseTypeColSetMember!$H:$H,0))))))} -> TRUE | AT37: {=IF($AO37="",TRUE,IF($N37="",FALSE,IF(INDIRECT("UserAccessCasePolicy!I"&$N37)="",FALSE,NOT(ISNA(MATCH(INDIRECT("UserAccessCasePolicy!I"&$N37)&"|"&$AO37,CaseTypeColSetMember!$H:$H,0))))))} -> TRUE | AU37: {=IF($AO37="",TRUE,IF($N37="",FALSE,IF(INDIRECT("UserAccessCasePolicy!K"&$N37)="",FALSE,NOT(ISNA(MATCH(INDIRECT("UserAccessCasePolicy!K"&$N37)&"|"&$AO37,CaseTypeColSetMember!$H:$H,0))))))} -> TRUE
A38: 37 | B38: TRUE | C38: 0198221b-5adb-cc25-3960-745ee0095575 | D38: 0195d18c-1c9a-1178-0519-9124131763a6 | E38: =INDEX(User!$D:$D,MATCH($D38,User!$A:$A,0)) -> org_user2_1 | F38: CREATE_CASES | G38: =IF($F38="CREATE",$I38,IF($F38="CREATE_CASES",OR($I38,AND($K38,$L38,$O38,$P38,$AE38,AG38,$AL38,$AN38,$AS38,$AU38)),"TBD")) -> FALSE | H38: =INDEX(User!$G:$G,MATCH($D38,User!$A:$A,0)) -> 0195d18c-1c92-0ed4-2e94-b4f66d82baf3 | I38: =INDEX(User!$M:$M,MATCH($D38,User!$A:$A,0)) -> FALSE | J38: =IF(ISNA(MATCH($H38&"|"&$W38,OrganizationAccessCasePolicy!$V:$V,0)),"",MATCH($H38&"|"&$W38,OrganizationAccessCasePolicy!$V:$V,0)) -> 8 | K38: {=IF($J38="",FALSE,NOT(ISNA(MATCH(INDIRECT("OrganizationAccessCasePolicy!D"&$J38)&"|"&$S38,CaseTypeSetMember!$H:$H,0))))} -> FALSE | L38: {=IF($J38="",FALSE,AND(INDIRECT("OrganizationAccessCasePolicy!H"&$J38),NOT(ISNA(MATCH(INDIRECT("OrganizationAccessCasePolicy!D"&$J38)&"|"&$S38,CaseTypeSetMember!$H:$H,0)))))} -> FALSE | M38: {=IF($J38="",FALSE,AND(INDIRECT("OrganizationAccessCasePolicy!I"&$J38),NOT(ISNA(MATCH(INDIRECT("OrganizationAccessCasePolicy!D"&$J38)&"|"&$S38,CaseTypeSetMember!$H:$H,0)))))} -> FALSE | N38: =IF(ISNA(MATCH($D38&"|"&$W38,UserAccessCasePolicy!$W:$W,0)),"",MATCH($D38&"|"&$W38,UserAccessCasePolicy!$W:$W,0)) -> 8 | O38: {=IF($N38="",FALSE,NOT(ISNA(MATCH(INDIRECT("UserAccessCasePolicy!D"&$N38)&"|"&$S38,CaseTypeSetMember!$H:$H,0))))} -> FALSE | P38: {=IF($N38="",FALSE,AND(INDIRECT("UserAccessCasePolicy!G"&$N38),NOT(ISNA(MATCH(INDIRECT("UserAccessCasePolicy!D"&$N38)&"|"&$S38,CaseTypeSetMember!$H:$H,0)))))} -> FALSE | Q38: {=IF($N38="",FALSE,AND(INDIRECT("UserAccessCasePolicy!H"&$N38),NOT(ISNA(MATCH(INDIRECT("UserAccessCasePolicy!D"&$N38)&"|"&$S38,CaseTypeSetMember!$H:$H,0)))))} -> FALSE | R38: 0198221b-5adb-8e4f-2557-bd1a9714a5a9 | S38: 0195d18c-1ca6-fd99-9d76-fcfa0c0cf400 | T38: =INDEX(CaseType!$B:$B,MATCH($S38,CaseType!$A:$A,0)) -> case_type1 | U38: =AND(IF($AA38="",TRUE,$S38=INDEX(CaseTypeCol!$B:$B,MATCH($AA38,CaseTypeCol!$A:$A,0))),IF($AH38="",TRUE,$S38=INDEX(CaseTypeCol!$B:$B,MATCH($AH38,CaseTypeCol!$A:$A,0))),IF($AO38="",TRUE,$S38=INDEX(CaseTypeCol!$B:$B,MATCH($AO38,CaseTypeCol!$A:$A,0)))) -> TRUE | W38: 0195d18c-1ca3-db40-a2a8-6dc905d6c1e9 | X38: =INDEX(DataCollection!$B:$B,MATCH($W38,DataCollection!$A:$A,0)) -> data_collection7 | Z38: 36526 | AA38: 0195d18c-1caa-1722-0366-f73bd3f09ee8 | AB38: a | AC38: =IF($AA38="","",INDEX(CaseTypeCol!$G:$G,MATCH($AA38,CaseTypeCol!$A:$A,0))) -> case_type1_dim1_1_text | AD38: {=IF($AA38="",TRUE,IF($J38="",FALSE,IF(INDIRECT("OrganizationAccessCasePolicy!J"&$J38)="",FALSE,NOT(ISNA(MATCH(INDIRECT("OrganizationAccessCasePolicy!J"&$J38)&"|"&$AA38,CaseTypeColSetMember!$H:$H,0))))))} -> FALSE | AE38: {=IF($AA38="",TRUE,IF($J38="",FALSE,IF(INDIRECT("OrganizationAccessCasePolicy!L"&$J38)="",FALSE,NOT(ISNA(MATCH(INDIRECT("OrganizationAccessCasePolicy!L"&$J38)&"|"&$AA38,CaseTypeColSetMember!$H:$H,0))))))} -> FALSE | AF38: {=IF($AA38="",TRUE,IF($N38="",FALSE,IF(INDIRECT("UserAccessCasePolicy!I"&$N38)="",FALSE,NOT(ISNA(MATCH(INDIRECT("UserAccessCasePolicy!I"&$N38)&"|"&$AA38,CaseTypeColSetMember!$H:$H,0))))))} -> FALSE | AG38: {=IF($AA38="",TRUE,IF($N38="",FALSE,IF(INDIRECT("UserAccessCasePolicy!K"&$N38)="",FALSE,NOT(ISNA(MATCH(INDIRECT("UserAccessCasePolicy!K"&$N38)&"|"&$AA38,CaseTypeColSetMember!$H:$H,0))))))} -> FALSE | AI38: GAERGErg | AJ38: =IF($AH38="","",INDEX(CaseTypeCol!$G:$G,MATCH($AH38,CaseTypeCol!$A:$A,0))) | AK38: {=IF($AH38="",TRUE,IF($J38="",FALSE,IF(INDIRECT("OrganizationAccessCasePolicy!J"&$J38)="",FALSE,NOT(ISNA(MATCH(INDIRECT("OrganizationAccessCasePolicy!J"&$J38)&"|"&$AH38,CaseTypeColSetMember!$H:$H,0))))))} -> TRUE | AL38: {=IF($AH38="",TRUE,IF($J38="",FALSE,IF(INDIRECT("OrganizationAccessCasePolicy!L"&$J38)="",FALSE,NOT(ISNA(MATCH(INDIRECT("OrganizationAccessCasePolicy!L"&$J38)&"|"&$AH38,CaseTypeColSetMember!$H:$H,0))))))} -> TRUE | AM38: {=IF($AH38="",TRUE,IF($N38="",FALSE,IF(INDIRECT("UserAccessCasePolicy!I"&$N38)="",FALSE,NOT(ISNA(MATCH(INDIRECT("UserAccessCasePolicy!I"&$N38)&"|"&$AH38,CaseTypeColSetMember!$H:$H,0))))))} -> TRUE | AN38: {=IF($AH38="",TRUE,IF($N38="",FALSE,IF(INDIRECT("UserAccessCasePolicy!K"&$N38)="",FALSE,NOT(ISNA(MATCH(INDIRECT("UserAccessCasePolicy!K"&$N38)&"|"&$AH38,CaseTypeColSetMember!$H:$H,0))))))} -> TRUE | AQ38: =IF($AO38="","",INDEX(CaseTypeCol!$G:$G,MATCH($AO38,CaseTypeCol!$A:$A,0))) | AR38: {=IF($AO38="",TRUE,IF($J38="",FALSE,IF(INDIRECT("OrganizationAccessCasePolicy!J"&$J38)="",FALSE,NOT(ISNA(MATCH(INDIRECT("OrganizationAccessCasePolicy!J"&$J38)&"|"&$AO38,CaseTypeColSetMember!$H:$H,0))))))} -> TRUE | AS38: {=IF($AO38="",TRUE,IF($J38="",FALSE,IF(INDIRECT("OrganizationAccessCasePolicy!L"&$J38)="",FALSE,NOT(ISNA(MATCH(INDIRECT("OrganizationAccessCasePolicy!L"&$J38)&"|"&$AO38,CaseTypeColSetMember!$H:$H,0))))))} -> TRUE | AT38: {=IF($AO38="",TRUE,IF($N38="",FALSE,IF(INDIRECT("UserAccessCasePolicy!I"&$N38)="",FALSE,NOT(ISNA(MATCH(INDIRECT("UserAccessCasePolicy!I"&$N38)&"|"&$AO38,CaseTypeColSetMember!$H:$H,0))))))} -> TRUE | AU38: {=IF($AO38="",TRUE,IF($N38="",FALSE,IF(INDIRECT("UserAccessCasePolicy!K"&$N38)="",FALSE,NOT(ISNA(MATCH(INDIRECT("UserAccessCasePolicy!K"&$N38)&"|"&$AO38,CaseTypeColSetMember!$H:$H,0))))))} -> TRUE
A39: 38 | B39: TRUE | C39: 0198221b-5adb-cc25-3960-745ee0095576 | D39: 0195d18c-1c9a-e7d5-d74d-3e46588ad70a | E39: =INDEX(User!$D:$D,MATCH($D39,User!$A:$A,0)) -> org_user2_2 | F39: CREATE_CASES | G39: =IF($F39="CREATE",$I39,IF($F39="CREATE_CASES",OR($I39,AND($K39,$L39,$O39,$P39,$AE39,AG39,$AL39,$AN39,$AS39,$AU39)),"TBD")) -> FALSE | H39: =INDEX(User!$G:$G,MATCH($D39,User!$A:$A,0)) -> 0195d18c-1c92-0ed4-2e94-b4f66d82baf3 | I39: =INDEX(User!$M:$M,MATCH($D39,User!$A:$A,0)) -> FALSE | J39: =IF(ISNA(MATCH($H39&"|"&$W39,OrganizationAccessCasePolicy!$V:$V,0)),"",MATCH($H39&"|"&$W39,OrganizationAccessCasePolicy!$V:$V,0)) -> 8 | K39: {=IF($J39="",FALSE,NOT(ISNA(MATCH(INDIRECT("OrganizationAccessCasePolicy!D"&$J39)&"|"&$S39,CaseTypeSetMember!$H:$H,0))))} -> FALSE | L39: {=IF($J39="",FALSE,AND(INDIRECT("OrganizationAccessCasePolicy!H"&$J39),NOT(ISNA(MATCH(INDIRECT("OrganizationAccessCasePolicy!D"&$J39)&"|"&$S39,CaseTypeSetMember!$H:$H,0)))))} -> FALSE | M39: {=IF($J39="",FALSE,AND(INDIRECT("OrganizationAccessCasePolicy!I"&$J39),NOT(ISNA(MATCH(INDIRECT("OrganizationAccessCasePolicy!D"&$J39)&"|"&$S39,CaseTypeSetMember!$H:$H,0)))))} -> FALSE | N39: =IF(ISNA(MATCH($D39&"|"&$W39,UserAccessCasePolicy!$W:$W,0)),"",MATCH($D39&"|"&$W39,UserAccessCasePolicy!$W:$W,0)) | O39: {=IF($N39="",FALSE,NOT(ISNA(MATCH(INDIRECT("UserAccessCasePolicy!D"&$N39)&"|"&$S39,CaseTypeSetMember!$H:$H,0))))} -> FALSE | P39: {=IF($N39="",FALSE,AND(INDIRECT("UserAccessCasePolicy!G"&$N39),NOT(ISNA(MATCH(INDIRECT("UserAccessCasePolicy!D"&$N39)&"|"&$S39,CaseTypeSetMember!$H:$H,0)))))} -> FALSE | Q39: {=IF($N39="",FALSE,AND(INDIRECT("UserAccessCasePolicy!H"&$N39),NOT(ISNA(MATCH(INDIRECT("UserAccessCasePolicy!D"&$N39)&"|"&$S39,CaseTypeSetMember!$H:$H,0)))))} -> FALSE | R39: 0198221b-5adb-8e4f-2557-bd1a9714a5a9 | S39: 0195d18c-1ca6-fd99-9d76-fcfa0c0cf400 | T39: =INDEX(CaseType!$B:$B,MATCH($S39,CaseType!$A:$A,0)) -> case_type1 | U39: =AND(IF($AA39="",TRUE,$S39=INDEX(CaseTypeCol!$B:$B,MATCH($AA39,CaseTypeCol!$A:$A,0))),IF($AH39="",TRUE,$S39=INDEX(CaseTypeCol!$B:$B,MATCH($AH39,CaseTypeCol!$A:$A,0))),IF($AO39="",TRUE,$S39=INDEX(CaseTypeCol!$B:$B,MATCH($AO39,CaseTypeCol!$A:$A,0)))) -> TRUE | W39: 0195d18c-1ca3-db40-a2a8-6dc905d6c1e9 | X39: =INDEX(DataCollection!$B:$B,MATCH($W39,DataCollection!$A:$A,0)) -> data_collection7 | Z39: 36526 | AA39: 0195d18c-1caa-1722-0366-f73bd3f09ee8 | AB39: a | AC39: =IF($AA39="","",INDEX(CaseTypeCol!$G:$G,MATCH($AA39,CaseTypeCol!$A:$A,0))) -> case_type1_dim1_1_text | AD39: {=IF($AA39="",TRUE,IF($J39="",FALSE,IF(INDIRECT("OrganizationAccessCasePolicy!J"&$J39)="",FALSE,NOT(ISNA(MATCH(INDIRECT("OrganizationAccessCasePolicy!J"&$J39)&"|"&$AA39,CaseTypeColSetMember!$H:$H,0))))))} -> FALSE | AE39: {=IF($AA39="",TRUE,IF($J39="",FALSE,IF(INDIRECT("OrganizationAccessCasePolicy!L"&$J39)="",FALSE,NOT(ISNA(MATCH(INDIRECT("OrganizationAccessCasePolicy!L"&$J39)&"|"&$AA39,CaseTypeColSetMember!$H:$H,0))))))} -> FALSE | AF39: {=IF($AA39="",TRUE,IF($N39="",FALSE,IF(INDIRECT("UserAccessCasePolicy!I"&$N39)="",FALSE,NOT(ISNA(MATCH(INDIRECT("UserAccessCasePolicy!I"&$N39)&"|"&$AA39,CaseTypeColSetMember!$H:$H,0))))))} -> FALSE | AG39: {=IF($AA39="",TRUE,IF($N39="",FALSE,IF(INDIRECT("UserAccessCasePolicy!K"&$N39)="",FALSE,NOT(ISNA(MATCH(INDIRECT("UserAccessCasePolicy!K"&$N39)&"|"&$AA39,CaseTypeColSetMember!$H:$H,0))))))} -> FALSE | AI39: argarg987awrga | AJ39: =IF($AH39="","",INDEX(CaseTypeCol!$G:$G,MATCH($AH39,CaseTypeCol!$A:$A,0))) | AK39: {=IF($AH39="",TRUE,IF($J39="",FALSE,IF(INDIRECT("OrganizationAccessCasePolicy!J"&$J39)="",FALSE,NOT(ISNA(MATCH(INDIRECT("OrganizationAccessCasePolicy!J"&$J39)&"|"&$AH39,CaseTypeColSetMember!$H:$H,0))))))} -> TRUE | AL39: {=IF($AH39="",TRUE,IF($J39="",FALSE,IF(INDIRECT("OrganizationAccessCasePolicy!L"&$J39)="",FALSE,NOT(ISNA(MATCH(INDIRECT("OrganizationAccessCasePolicy!L"&$J39)&"|"&$AH39,CaseTypeColSetMember!$H:$H,0))))))} -> TRUE | AM39: {=IF($AH39="",TRUE,IF($N39="",FALSE,IF(INDIRECT("UserAccessCasePolicy!I"&$N39)="",FALSE,NOT(ISNA(MATCH(INDIRECT("UserAccessCasePolicy!I"&$N39)&"|"&$AH39,CaseTypeColSetMember!$H:$H,0))))))} -> TRUE | AN39: {=IF($AH39="",TRUE,IF($N39="",FALSE,IF(INDIRECT("UserAccessCasePolicy!K"&$N39)="",FALSE,NOT(ISNA(MATCH(INDIRECT("UserAccessCasePolicy!K"&$N39)&"|"&$AH39,CaseTypeColSetMember!$H:$H,0))))))} -> TRUE | AQ39: =IF($AO39="","",INDEX(CaseTypeCol!$G:$G,MATCH($AO39,CaseTypeCol!$A:$A,0))) | AR39: {=IF($AO39="",TRUE,IF($J39="",FALSE,IF(INDIRECT("OrganizationAccessCasePolicy!J"&$J39)="",FALSE,NOT(ISNA(MATCH(INDIRECT("OrganizationAccessCasePolicy!J"&$J39)&"|"&$AO39,CaseTypeColSetMember!$H:$H,0))))))} -> TRUE | AS39: {=IF($AO39="",TRUE,IF($J39="",FALSE,IF(INDIRECT("OrganizationAccessCasePolicy!L"&$J39)="",FALSE,NOT(ISNA(MATCH(INDIRECT("OrganizationAccessCasePolicy!L"&$J39)&"|"&$AO39,CaseTypeColSetMember!$H:$H,0))))))} -> TRUE | AT39: {=IF($AO39="",TRUE,IF($N39="",FALSE,IF(INDIRECT("UserAccessCasePolicy!I"&$N39)="",FALSE,NOT(ISNA(MATCH(INDIRECT("UserAccessCasePolicy!I"&$N39)&"|"&$AO39,CaseTypeColSetMember!$H:$H,0))))))} -> TRUE | AU39: {=IF($AO39="",TRUE,IF($N39="",FALSE,IF(INDIRECT("UserAccessCasePolicy!K"&$N39)="",FALSE,NOT(ISNA(MATCH(INDIRECT("UserAccessCasePolicy!K"&$N39)&"|"&$AO39,CaseTypeColSetMember!$H:$H,0))))))} -> TRUE
A40: 39 | B40: TRUE | C40: 0198221b-5adb-cc25-3960-745ee0095577 | D40: 0195d18c-1c9b-6b24-482a-6ea161cbf213 | E40: =INDEX(User!$D:$D,MATCH($D40,User!$A:$A,0)) -> org_user2_3 | F40: CREATE_CASES | G40: =IF($F40="CREATE",$I40,IF($F40="CREATE_CASES",OR($I40,AND($K40,$L40,$O40,$P40,$AE40,AG40,$AL40,$AN40,$AS40,$AU40)),"TBD")) -> FALSE | H40: =INDEX(User!$G:$G,MATCH($D40,User!$A:$A,0)) -> 0195d18c-1c92-0ed4-2e94-b4f66d82baf3 | I40: =INDEX(User!$M:$M,MATCH($D40,User!$A:$A,0)) -> FALSE | J40: =IF(ISNA(MATCH($H40&"|"&$W40,OrganizationAccessCasePolicy!$V:$V,0)),"",MATCH($H40&"|"&$W40,OrganizationAccessCasePolicy!$V:$V,0)) -> 8 | K40: {=IF($J40="",FALSE,NOT(ISNA(MATCH(INDIRECT("OrganizationAccessCasePolicy!D"&$J40)&"|"&$S40,CaseTypeSetMember!$H:$H,0))))} -> FALSE | L40: {=IF($J40="",FALSE,AND(INDIRECT("OrganizationAccessCasePolicy!H"&$J40),NOT(ISNA(MATCH(INDIRECT("OrganizationAccessCasePolicy!D"&$J40)&"|"&$S40,CaseTypeSetMember!$H:$H,0)))))} -> FALSE | M40: {=IF($J40="",FALSE,AND(INDIRECT("OrganizationAccessCasePolicy!I"&$J40),NOT(ISNA(MATCH(INDIRECT("OrganizationAccessCasePolicy!D"&$J40)&"|"&$S40,CaseTypeSetMember!$H:$H,0)))))} -> FALSE | N40: =IF(ISNA(MATCH($D40&"|"&$W40,UserAccessCasePolicy!$W:$W,0)),"",MATCH($D40&"|"&$W40,UserAccessCasePolicy!$W:$W,0)) | O40: {=IF($N40="",FALSE,NOT(ISNA(MATCH(INDIRECT("UserAccessCasePolicy!D"&$N40)&"|"&$S40,CaseTypeSetMember!$H:$H,0))))} -> FALSE | P40: {=IF($N40="",FALSE,AND(INDIRECT("UserAccessCasePolicy!G"&$N40),NOT(ISNA(MATCH(INDIRECT("UserAccessCasePolicy!D"&$N40)&"|"&$S40,CaseTypeSetMember!$H:$H,0)))))} -> FALSE | Q40: {=IF($N40="",FALSE,AND(INDIRECT("UserAccessCasePolicy!H"&$N40),NOT(ISNA(MATCH(INDIRECT("UserAccessCasePolicy!D"&$N40)&"|"&$S40,CaseTypeSetMember!$H:$H,0)))))} -> FALSE | R40: 0198221b-5adb-8e4f-2557-bd1a9714a5a9 | S40: 0195d18c-1ca6-fd99-9d76-fcfa0c0cf400 | T40: =INDEX(CaseType!$B:$B,MATCH($S40,CaseType!$A:$A,0)) -> case_type1 | U40: =AND(IF($AA40="",TRUE,$S40=INDEX(CaseTypeCol!$B:$B,MATCH($AA40,CaseTypeCol!$A:$A,0))),IF($AH40="",TRUE,$S40=INDEX(CaseTypeCol!$B:$B,MATCH($AH40,CaseTypeCol!$A:$A,0))),IF($AO40="",TRUE,$S40=INDEX(CaseTypeCol!$B:$B,MATCH($AO40,CaseTypeCol!$A:$A,0)))) -> TRUE | W40: 0195d18c-1ca3-db40-a2a8-6dc905d6c1e9 | X40: =INDEX(DataCollection!$B:$B,MATCH($W40,DataCollection!$A:$A,0)) -> data_collection7 | Z40: 36526 | AA40: 0195d18c-1caa-1722-0366-f73bd3f09ee8 | AB40: a | AC40: =IF($AA40="","",INDEX(CaseTypeCol!$G:$G,MATCH($AA40,CaseTypeCol!$A:$A,0))) -> case_type1_dim1_1_text | AD40: {=IF($AA40="",TRUE,IF($J40="",FALSE,IF(INDIRECT("OrganizationAccessCasePolicy!J"&$J40)="",FALSE,NOT(ISNA(MATCH(INDIRECT("OrganizationAccessCasePolicy!J"&$J40)&"|"&$AA40,CaseTypeColSetMember!$H:$H,0))))))} -> FALSE | AE40: {=IF($AA40="",TRUE,IF($J40="",FALSE,IF(INDIRECT("OrganizationAccessCasePolicy!L"&$J40)="",FALSE,NOT(ISNA(MATCH(INDIRECT("OrganizationAccessCasePolicy!L"&$J40)&"|"&$AA40,CaseTypeColSetMember!$H:$H,0))))))} -> FALSE | AF40: {=IF($AA40="",TRUE,IF($N40="",FALSE,IF(INDIRECT("UserAccessCasePolicy!I"&$N40)="",FALSE,NOT(ISNA(MATCH(INDIRECT("UserAccessCasePolicy!I"&$N40)&"|"&$AA40,CaseTypeColSetMember!$H:$H,0))))))} -> FALSE | AG40: {=IF($AA40="",TRUE,IF($N40="",FALSE,IF(INDIRECT("UserAccessCasePolicy!K"&$N40)="",FALSE,NOT(ISNA(MATCH(INDIRECT("UserAccessCasePolicy!K"&$N40)&"|"&$AA40,CaseTypeColSetMember!$H:$H,0))))))} -> FALSE | AI40: argarg987awrga | AJ40: =IF($AH40="","",INDEX(CaseTypeCol!$G:$G,MATCH($AH40,CaseTypeCol!$A:$A,0))) | AK40: {=IF($AH40="",TRUE,IF($J40="",FALSE,IF(INDIRECT("OrganizationAccessCasePolicy!J"&$J40)="",FALSE,NOT(ISNA(MATCH(INDIRECT("OrganizationAccessCasePolicy!J"&$J40)&"|"&$AH40,CaseTypeColSetMember!$H:$H,0))))))} -> TRUE | AL40: {=IF($AH40="",TRUE,IF($J40="",FALSE,IF(INDIRECT("OrganizationAccessCasePolicy!L"&$J40)="",FALSE,NOT(ISNA(MATCH(INDIRECT("OrganizationAccessCasePolicy!L"&$J40)&"|"&$AH40,CaseTypeColSetMember!$H:$H,0))))))} -> TRUE | AM40: {=IF($AH40="",TRUE,IF($N40="",FALSE,IF(INDIRECT("UserAccessCasePolicy!I"&$N40)="",FALSE,NOT(ISNA(MATCH(INDIRECT("UserAccessCasePolicy!I"&$N40)&"|"&$AH40,CaseTypeColSetMember!$H:$H,0))))))} -> TRUE | AN40: {=IF($AH40="",TRUE,IF($N40="",FALSE,IF(INDIRECT("UserAccessCasePolicy!K"&$N40)="",FALSE,NOT(ISNA(MATCH(INDIRECT("UserAccessCasePolicy!K"&$N40)&"|"&$AH40,CaseTypeColSetMember!$H:$H,0))))))} -> TRUE | AQ40: =IF($AO40="","",INDEX(CaseTypeCol!$G:$G,MATCH($AO40,CaseTypeCol!$A:$A,0))) | AR40: {=IF($AO40="",TRUE,IF($J40="",FALSE,IF(INDIRECT("OrganizationAccessCasePolicy!J"&$J40)="",FALSE,NOT(ISNA(MATCH(INDIRECT("OrganizationAccessCasePolicy!J"&$J40)&"|"&$AO40,CaseTypeColSetMember!$H:$H,0))))))} -> TRUE | AS40: {=IF($AO40="",TRUE,IF($J40="",FALSE,IF(INDIRECT("OrganizationAccessCasePolicy!L"&$J40)="",FALSE,NOT(ISNA(MATCH(INDIRECT("OrganizationAccessCasePolicy!L"&$J40)&"|"&$AO40,CaseTypeColSetMember!$H:$H,0))))))} -> TRUE | AT40: {=IF($AO40="",TRUE,IF($N40="",FALSE,IF(INDIRECT("UserAccessCasePolicy!I"&$N40)="",FALSE,NOT(ISNA(MATCH(INDIRECT("UserAccessCasePolicy!I"&$N40)&"|"&$AO40,CaseTypeColSetMember!$H:$H,0))))))} -> TRUE | AU40: {=IF($AO40="",TRUE,IF($N40="",FALSE,IF(INDIRECT("UserAccessCasePolicy!K"&$N40)="",FALSE,NOT(ISNA(MATCH(INDIRECT("UserAccessCasePolicy!K"&$N40)&"|"&$AO40,CaseTypeColSetMember!$H:$H,0))))))} -> TRUE
A41: 40 | B41: TRUE | C41: 0198221b-5adb-cc25-3960-745ee0095578 | D41: 0195d18c-1c9b-f6fe-b91a-81092b467988 | E41: =INDEX(User!$D:$D,MATCH($D41,User!$A:$A,0)) -> org_user2_4 | F41: CREATE_CASES | G41: =IF($F41="CREATE",$I41,IF($F41="CREATE_CASES",OR($I41,AND($K41,$L41,$O41,$P41,$AE41,AG41,$AL41,$AN41,$AS41,$AU41)),"TBD")) -> FALSE | H41: =INDEX(User!$G:$G,MATCH($D41,User!$A:$A,0)) -> 0195d18c-1c92-0ed4-2e94-b4f66d82baf3 | I41: =INDEX(User!$M:$M,MATCH($D41,User!$A:$A,0)) -> FALSE | J41: =IF(ISNA(MATCH($H41&"|"&$W41,OrganizationAccessCasePolicy!$V:$V,0)),"",MATCH($H41&"|"&$W41,OrganizationAccessCasePolicy!$V:$V,0)) -> 8 | K41: {=IF($J41="",FALSE,NOT(ISNA(MATCH(INDIRECT("OrganizationAccessCasePolicy!D"&$J41)&"|"&$S41,CaseTypeSetMember!$H:$H,0))))} -> FALSE | L41: {=IF($J41="",FALSE,AND(INDIRECT("OrganizationAccessCasePolicy!H"&$J41),NOT(ISNA(MATCH(INDIRECT("OrganizationAccessCasePolicy!D"&$J41)&"|"&$S41,CaseTypeSetMember!$H:$H,0)))))} -> FALSE | M41: {=IF($J41="",FALSE,AND(INDIRECT("OrganizationAccessCasePolicy!I"&$J41),NOT(ISNA(MATCH(INDIRECT("OrganizationAccessCasePolicy!D"&$J41)&"|"&$S41,CaseTypeSetMember!$H:$H,0)))))} -> FALSE | N41: =IF(ISNA(MATCH($D41&"|"&$W41,UserAccessCasePolicy!$W:$W,0)),"",MATCH($D41&"|"&$W41,UserAccessCasePolicy!$W:$W,0)) | O41: {=IF($N41="",FALSE,NOT(ISNA(MATCH(INDIRECT("UserAccessCasePolicy!D"&$N41)&"|"&$S41,CaseTypeSetMember!$H:$H,0))))} -> FALSE | P41: {=IF($N41="",FALSE,AND(INDIRECT("UserAccessCasePolicy!G"&$N41),NOT(ISNA(MATCH(INDIRECT("UserAccessCasePolicy!D"&$N41)&"|"&$S41,CaseTypeSetMember!$H:$H,0)))))} -> FALSE | Q41: {=IF($N41="",FALSE,AND(INDIRECT("UserAccessCasePolicy!H"&$N41),NOT(ISNA(MATCH(INDIRECT("UserAccessCasePolicy!D"&$N41)&"|"&$S41,CaseTypeSetMember!$H:$H,0)))))} -> FALSE | R41: 0198221b-5adb-8e4f-2557-bd1a9714a5a9 | S41: 0195d18c-1ca6-fd99-9d76-fcfa0c0cf400 | T41: =INDEX(CaseType!$B:$B,MATCH($S41,CaseType!$A:$A,0)) -> case_type1 | U41: =AND(IF($AA41="",TRUE,$S41=INDEX(CaseTypeCol!$B:$B,MATCH($AA41,CaseTypeCol!$A:$A,0))),IF($AH41="",TRUE,$S41=INDEX(CaseTypeCol!$B:$B,MATCH($AH41,CaseTypeCol!$A:$A,0))),IF($AO41="",TRUE,$S41=INDEX(CaseTypeCol!$B:$B,MATCH($AO41,CaseTypeCol!$A:$A,0)))) -> TRUE | W41: 0195d18c-1ca3-db40-a2a8-6dc905d6c1e9 | X41: =INDEX(DataCollection!$B:$B,MATCH($W41,DataCollection!$A:$A,0)) -> data_collection7 | Z41: 36526 | AA41: 0195d18c-1caa-1722-0366-f73bd3f09ee8 | AB41: a | AC41: =IF($AA41="","",INDEX(CaseTypeCol!$G:$G,MATCH($AA41,CaseTypeCol!$A:$A,0))) -> case_type1_dim1_1_text | AD41: {=IF($AA41="",TRUE,IF($J41="",FALSE,IF(INDIRECT("OrganizationAccessCasePolicy!J"&$J41)="",FALSE,NOT(ISNA(MATCH(INDIRECT("OrganizationAccessCasePolicy!J"&$J41)&"|"&$AA41,CaseTypeColSetMember!$H:$H,0))))))} -> FALSE | AE41: {=IF($AA41="",TRUE,IF($J41="",FALSE,IF(INDIRECT("OrganizationAccessCasePolicy!L"&$J41)="",FALSE,NOT(ISNA(MATCH(INDIRECT("OrganizationAccessCasePolicy!L"&$J41)&"|"&$AA41,CaseTypeColSetMember!$H:$H,0))))))} -> FALSE | AF41: {=IF($AA41="",TRUE,IF($N41="",FALSE,IF(INDIRECT("UserAccessCasePolicy!I"&$N41)="",FALSE,NOT(ISNA(MATCH(INDIRECT("UserAccessCasePolicy!I"&$N41)&"|"&$AA41,CaseTypeColSetMember!$H:$H,0))))))} -> FALSE | AG41: {=IF($AA41="",TRUE,IF($N41="",FALSE,IF(INDIRECT("UserAccessCasePolicy!K"&$N41)="",FALSE,NOT(ISNA(MATCH(INDIRECT("UserAccessCasePolicy!K"&$N41)&"|"&$AA41,CaseTypeColSetMember!$H:$H,0))))))} -> FALSE | AI41: argarg978 | AJ41: =IF($AH41="","",INDEX(CaseTypeCol!$G:$G,MATCH($AH41,CaseTypeCol!$A:$A,0))) | AK41: {=IF($AH41="",TRUE,IF($J41="",FALSE,IF(INDIRECT("OrganizationAccessCasePolicy!J"&$J41)="",FALSE,NOT(ISNA(MATCH(INDIRECT("OrganizationAccessCasePolicy!J"&$J41)&"|"&$AH41,CaseTypeColSetMember!$H:$H,0))))))} -> TRUE | AL41: {=IF($AH41="",TRUE,IF($J41="",FALSE,IF(INDIRECT("OrganizationAccessCasePolicy!L"&$J41)="",FALSE,NOT(ISNA(MATCH(INDIRECT("OrganizationAccessCasePolicy!L"&$J41)&"|"&$AH41,CaseTypeColSetMember!$H:$H,0))))))} -> TRUE | AM41: {=IF($AH41="",TRUE,IF($N41="",FALSE,IF(INDIRECT("UserAccessCasePolicy!I"&$N41)="",FALSE,NOT(ISNA(MATCH(INDIRECT("UserAccessCasePolicy!I"&$N41)&"|"&$AH41,CaseTypeColSetMember!$H:$H,0))))))} -> TRUE | AN41: {=IF($AH41="",TRUE,IF($N41="",FALSE,IF(INDIRECT("UserAccessCasePolicy!K"&$N41)="",FALSE,NOT(ISNA(MATCH(INDIRECT("UserAccessCasePolicy!K"&$N41)&"|"&$AH41,CaseTypeColSetMember!$H:$H,0))))))} -> TRUE | AQ41: =IF($AO41="","",INDEX(CaseTypeCol!$G:$G,MATCH($AO41,CaseTypeCol!$A:$A,0))) | AR41: {=IF($AO41="",TRUE,IF($J41="",FALSE,IF(INDIRECT("OrganizationAccessCasePolicy!J"&$J41)="",FALSE,NOT(ISNA(MATCH(INDIRECT("OrganizationAccessCasePolicy!J"&$J41)&"|"&$AO41,CaseTypeColSetMember!$H:$H,0))))))} -> TRUE | AS41: {=IF($AO41="",TRUE,IF($J41="",FALSE,IF(INDIRECT("OrganizationAccessCasePolicy!L"&$J41)="",FALSE,NOT(ISNA(MATCH(INDIRECT("OrganizationAccessCasePolicy!L"&$J41)&"|"&$AO41,CaseTypeColSetMember!$H:$H,0))))))} -> TRUE | AT41: {=IF($AO41="",TRUE,IF($N41="",FALSE,IF(INDIRECT("UserAccessCasePolicy!I"&$N41)="",FALSE,NOT(ISNA(MATCH(INDIRECT("UserAccessCasePolicy!I"&$N41)&"|"&$AO41,CaseTypeColSetMember!$H:$H,0))))))} -> TRUE | AU41: {=IF($AO41="",TRUE,IF($N41="",FALSE,IF(INDIRECT("UserAccessCasePolicy!K"&$N41)="",FALSE,NOT(ISNA(MATCH(INDIRECT("UserAccessCasePolicy!K"&$N41)&"|"&$AO41,CaseTypeColSetMember!$H:$H,0))))))} -> TRUE
A42: 41 | B42: TRUE | C42: 0198221b-5adb-cc25-3960-745ee0095579 | D42: 0195d18c-1c9c-0d8f-435a-5ca8b45939b8 | E42: =INDEX(User!$D:$D,MATCH($D42,User!$A:$A,0)) -> org_user3_1 | F42: CREATE_CASES | G42: =IF($F42="CREATE",$I42,IF($F42="CREATE_CASES",OR($I42,AND($K42,$L42,$O42,$P42,$AE42,AG42,$AL42,$AN42,$AS42,$AU42)),"TBD")) -> FALSE | H42: =INDEX(User!$G:$G,MATCH($D42,User!$A:$A,0)) -> 0195d18c-1c92-52b3-93e0-43dc1f2aa037 | I42: =INDEX(User!$M:$M,MATCH($D42,User!$A:$A,0)) -> FALSE | J42: =IF(ISNA(MATCH($H42&"|"&$W42,OrganizationAccessCasePolicy!$V:$V,0)),"",MATCH($H42&"|"&$W42,OrganizationAccessCasePolicy!$V:$V,0)) -> 9 | K42: {=IF($J42="",FALSE,NOT(ISNA(MATCH(INDIRECT("OrganizationAccessCasePolicy!D"&$J42)&"|"&$S42,CaseTypeSetMember!$H:$H,0))))} -> FALSE | L42: {=IF($J42="",FALSE,AND(INDIRECT("OrganizationAccessCasePolicy!H"&$J42),NOT(ISNA(MATCH(INDIRECT("OrganizationAccessCasePolicy!D"&$J42)&"|"&$S42,CaseTypeSetMember!$H:$H,0)))))} -> FALSE | M42: {=IF($J42="",FALSE,AND(INDIRECT("OrganizationAccessCasePolicy!I"&$J42),NOT(ISNA(MATCH(INDIRECT("OrganizationAccessCasePolicy!D"&$J42)&"|"&$S42,CaseTypeSetMember!$H:$H,0)))))} -> FALSE | N42: =IF(ISNA(MATCH($D42&"|"&$W42,UserAccessCasePolicy!$W:$W,0)),"",MATCH($D42&"|"&$W42,UserAccessCasePolicy!$W:$W,0)) -> 9 | O42: {=IF($N42="",FALSE,NOT(ISNA(MATCH(INDIRECT("UserAccessCasePolicy!D"&$N42)&"|"&$S42,CaseTypeSetMember!$H:$H,0))))} -> FALSE | P42: {=IF($N42="",FALSE,AND(INDIRECT("UserAccessCasePolicy!G"&$N42),NOT(ISNA(MATCH(INDIRECT("UserAccessCasePolicy!D"&$N42)&"|"&$S42,CaseTypeSetMember!$H:$H,0)))))} -> FALSE | Q42: {=IF($N42="",FALSE,AND(INDIRECT("UserAccessCasePolicy!H"&$N42),NOT(ISNA(MATCH(INDIRECT("UserAccessCasePolicy!D"&$N42)&"|"&$S42,CaseTypeSetMember!$H:$H,0)))))} -> FALSE | R42: 0198221b-5adb-8e4f-2557-bd1a9714a5a9 | S42: 0195d18c-1ca6-fd99-9d76-fcfa0c0cf400 | T42: =INDEX(CaseType!$B:$B,MATCH($S42,CaseType!$A:$A,0)) -> case_type1 | U42: =AND(IF($AA42="",TRUE,$S42=INDEX(CaseTypeCol!$B:$B,MATCH($AA42,CaseTypeCol!$A:$A,0))),IF($AH42="",TRUE,$S42=INDEX(CaseTypeCol!$B:$B,MATCH($AH42,CaseTypeCol!$A:$A,0))),IF($AO42="",TRUE,$S42=INDEX(CaseTypeCol!$B:$B,MATCH($AO42,CaseTypeCol!$A:$A,0)))) -> TRUE | W42: 0195d18c-1ca3-da0a-44bb-877b3a1eb73e | X42: =INDEX(DataCollection!$B:$B,MATCH($W42,DataCollection!$A:$A,0)) -> data_collection8 | Z42: 36526 | AA42: 0195d18c-1caa-1722-0366-f73bd3f09ee8 | AB42: a | AC42: =IF($AA42="","",INDEX(CaseTypeCol!$G:$G,MATCH($AA42,CaseTypeCol!$A:$A,0))) -> case_type1_dim1_1_text | AD42: {=IF($AA42="",TRUE,IF($J42="",FALSE,IF(INDIRECT("OrganizationAccessCasePolicy!J"&$J42)="",FALSE,NOT(ISNA(MATCH(INDIRECT("OrganizationAccessCasePolicy!J"&$J42)&"|"&$AA42,CaseTypeColSetMember!$H:$H,0))))))} -> FALSE | AE42: {=IF($AA42="",TRUE,IF($J42="",FALSE,IF(INDIRECT("OrganizationAccessCasePolicy!L"&$J42)="",FALSE,NOT(ISNA(MATCH(INDIRECT("OrganizationAccessCasePolicy!L"&$J42)&"|"&$AA42,CaseTypeColSetMember!$H:$H,0))))))} -> FALSE | AF42: {=IF($AA42="",TRUE,IF($N42="",FALSE,IF(INDIRECT("UserAccessCasePolicy!I"&$N42)="",FALSE,NOT(ISNA(MATCH(INDIRECT("UserAccessCasePolicy!I"&$N42)&"|"&$AA42,CaseTypeColSetMember!$H:$H,0))))))} -> FALSE | AG42: {=IF($AA42="",TRUE,IF($N42="",FALSE,IF(INDIRECT("UserAccessCasePolicy!K"&$N42)="",FALSE,NOT(ISNA(MATCH(INDIRECT("UserAccessCasePolicy!K"&$N42)&"|"&$AA42,CaseTypeColSetMember!$H:$H,0))))))} -> FALSE | AI42: argarg | AJ42: =IF($AH42="","",INDEX(CaseTypeCol!$G:$G,MATCH($AH42,CaseTypeCol!$A:$A,0))) | AK42: {=IF($AH42="",TRUE,IF($J42="",FALSE,IF(INDIRECT("OrganizationAccessCasePolicy!J"&$J42)="",FALSE,NOT(ISNA(MATCH(INDIRECT("OrganizationAccessCasePolicy!J"&$J42)&"|"&$AH42,CaseTypeColSetMember!$H:$H,0))))))} -> TRUE | AL42: {=IF($AH42="",TRUE,IF($J42="",FALSE,IF(INDIRECT("OrganizationAccessCasePolicy!L"&$J42)="",FALSE,NOT(ISNA(MATCH(INDIRECT("OrganizationAccessCasePolicy!L"&$J42)&"|"&$AH42,CaseTypeColSetMember!$H:$H,0))))))} -> TRUE | AM42: {=IF($AH42="",TRUE,IF($N42="",FALSE,IF(INDIRECT("UserAccessCasePolicy!I"&$N42)="",FALSE,NOT(ISNA(MATCH(INDIRECT("UserAccessCasePolicy!I"&$N42)&"|"&$AH42,CaseTypeColSetMember!$H:$H,0))))))} -> TRUE | AN42: {=IF($AH42="",TRUE,IF($N42="",FALSE,IF(INDIRECT("UserAccessCasePolicy!K"&$N42)="",FALSE,NOT(ISNA(MATCH(INDIRECT("UserAccessCasePolicy!K"&$N42)&"|"&$AH42,CaseTypeColSetMember!$H:$H,0))))))} -> TRUE | AQ42: =IF($AO42="","",INDEX(CaseTypeCol!$G:$G,MATCH($AO42,CaseTypeCol!$A:$A,0))) | AR42: {=IF($AO42="",TRUE,IF($J42="",FALSE,IF(INDIRECT("OrganizationAccessCasePolicy!J"&$J42)="",FALSE,NOT(ISNA(MATCH(INDIRECT("OrganizationAccessCasePolicy!J"&$J42)&"|"&$AO42,CaseTypeColSetMember!$H:$H,0))))))} -> TRUE | AS42: {=IF($AO42="",TRUE,IF($J42="",FALSE,IF(INDIRECT("OrganizationAccessCasePolicy!L"&$J42)="",FALSE,NOT(ISNA(MATCH(INDIRECT("OrganizationAccessCasePolicy!L"&$J42)&"|"&$AO42,CaseTypeColSetMember!$H:$H,0))))))} -> TRUE | AT42: {=IF($AO42="",TRUE,IF($N42="",FALSE,IF(INDIRECT("UserAccessCasePolicy!I"&$N42)="",FALSE,NOT(ISNA(MATCH(INDIRECT("UserAccessCasePolicy!I"&$N42)&"|"&$AO42,CaseTypeColSetMember!$H:$H,0))))))} -> TRUE | AU42: {=IF($AO42="",TRUE,IF($N42="",FALSE,IF(INDIRECT("UserAccessCasePolicy!K"&$N42)="",FALSE,NOT(ISNA(MATCH(INDIRECT("UserAccessCasePolicy!K"&$N42)&"|"&$AO42,CaseTypeColSetMember!$H:$H,0))))))} -> TRUE
A43: 42 | B43: TRUE | C43: 0198221b-5adb-cc25-3960-745ee0095580 | D43: 0195d18c-1c9c-c598-48d1-9910b6135e10 | E43: =INDEX(User!$D:$D,MATCH($D43,User!$A:$A,0)) -> org_user3_2 | F43: CREATE_CASES | G43: =IF($F43="CREATE",$I43,IF($F43="CREATE_CASES",OR($I43,AND($K43,$L43,$O43,$P43,$AE43,AG43,$AL43,$AN43,$AS43,$AU43)),"TBD")) -> FALSE | H43: =INDEX(User!$G:$G,MATCH($D43,User!$A:$A,0)) -> 0195d18c-1c92-52b3-93e0-43dc1f2aa037 | I43: =INDEX(User!$M:$M,MATCH($D43,User!$A:$A,0)) -> FALSE | J43: =IF(ISNA(MATCH($H43&"|"&$W43,OrganizationAccessCasePolicy!$V:$V,0)),"",MATCH($H43&"|"&$W43,OrganizationAccessCasePolicy!$V:$V,0)) -> 9 | K43: {=IF($J43="",FALSE,NOT(ISNA(MATCH(INDIRECT("OrganizationAccessCasePolicy!D"&$J43)&"|"&$S43,CaseTypeSetMember!$H:$H,0))))} -> FALSE | L43: {=IF($J43="",FALSE,AND(INDIRECT("OrganizationAccessCasePolicy!H"&$J43),NOT(ISNA(MATCH(INDIRECT("OrganizationAccessCasePolicy!D"&$J43)&"|"&$S43,CaseTypeSetMember!$H:$H,0)))))} -> FALSE | M43: {=IF($J43="",FALSE,AND(INDIRECT("OrganizationAccessCasePolicy!I"&$J43),NOT(ISNA(MATCH(INDIRECT("OrganizationAccessCasePolicy!D"&$J43)&"|"&$S43,CaseTypeSetMember!$H:$H,0)))))} -> FALSE | N43: =IF(ISNA(MATCH($D43&"|"&$W43,UserAccessCasePolicy!$W:$W,0)),"",MATCH($D43&"|"&$W43,UserAccessCasePolicy!$W:$W,0)) | O43: {=IF($N43="",FALSE,NOT(ISNA(MATCH(INDIRECT("UserAccessCasePolicy!D"&$N43)&"|"&$S43,CaseTypeSetMember!$H:$H,0))))} -> FALSE | P43: {=IF($N43="",FALSE,AND(INDIRECT("UserAccessCasePolicy!G"&$N43),NOT(ISNA(MATCH(INDIRECT("UserAccessCasePolicy!D"&$N43)&"|"&$S43,CaseTypeSetMember!$H:$H,0)))))} -> FALSE | Q43: {=IF($N43="",FALSE,AND(INDIRECT("UserAccessCasePolicy!H"&$N43),NOT(ISNA(MATCH(INDIRECT("UserAccessCasePolicy!D"&$N43)&"|"&$S43,CaseTypeSetMember!$H:$H,0)))))} -> FALSE | R43: 0198221b-5adb-8e4f-2557-bd1a9714a5a9 | S43: 0195d18c-1ca6-fd99-9d76-fcfa0c0cf400 | T43: =INDEX(CaseType!$B:$B,MATCH($S43,CaseType!$A:$A,0)) -> case_type1 | U43: =AND(IF($AA43="",TRUE,$S43=INDEX(CaseTypeCol!$B:$B,MATCH($AA43,CaseTypeCol!$A:$A,0))),IF($AH43="",TRUE,$S43=INDEX(CaseTypeCol!$B:$B,MATCH($AH43,CaseTypeCol!$A:$A,0))),IF($AO43="",TRUE,$S43=INDEX(CaseTypeCol!$B:$B,MATCH($AO43,CaseTypeCol!$A:$A,0)))) -> TRUE | W43: 0195d18c-1ca3-da0a-44bb-877b3a1eb73e | X43: =INDEX(DataCollection!$B:$B,MATCH($W43,DataCollection!$A:$A,0)) -> data_collection8 | Z43: 36526 | AA43: 0195d18c-1caa-1722-0366-f73bd3f09ee8 | AB43: a | AC43: =IF($AA43="","",INDEX(CaseTypeCol!$G:$G,MATCH($AA43,CaseTypeCol!$A:$A,0))) -> case_type1_dim1_1_text | AD43: {=IF($AA43="",TRUE,IF($J43="",FALSE,IF(INDIRECT("OrganizationAccessCasePolicy!J"&$J43)="",FALSE,NOT(ISNA(MATCH(INDIRECT("OrganizationAccessCasePolicy!J"&$J43)&"|"&$AA43,CaseTypeColSetMember!$H:$H,0))))))} -> FALSE | AE43: {=IF($AA43="",TRUE,IF($J43="",FALSE,IF(INDIRECT("OrganizationAccessCasePolicy!L"&$J43)="",FALSE,NOT(ISNA(MATCH(INDIRECT("OrganizationAccessCasePolicy!L"&$J43)&"|"&$AA43,CaseTypeColSetMember!$H:$H,0))))))} -> FALSE | AF43: {=IF($AA43="",TRUE,IF($N43="",FALSE,IF(INDIRECT("UserAccessCasePolicy!I"&$N43)="",FALSE,NOT(ISNA(MATCH(INDIRECT("UserAccessCasePolicy!I"&$N43)&"|"&$AA43,CaseTypeColSetMember!$H:$H,0))))))} -> FALSE | AG43: {=IF($AA43="",TRUE,IF($N43="",FALSE,IF(INDIRECT("UserAccessCasePolicy!K"&$N43)="",FALSE,NOT(ISNA(MATCH(INDIRECT("UserAccessCasePolicy!K"&$N43)&"|"&$AA43,CaseTypeColSetMember!$H:$H,0))))))} -> FALSE | AI43: arg | AJ43: =IF($AH43="","",INDEX(CaseTypeCol!$G:$G,MATCH($AH43,CaseTypeCol!$A:$A,0))) | AK43: {=IF($AH43="",TRUE,IF($J43="",FALSE,IF(INDIRECT("OrganizationAccessCasePolicy!J"&$J43)="",FALSE,NOT(ISNA(MATCH(INDIRECT("OrganizationAccessCasePolicy!J"&$J43)&"|"&$AH43,CaseTypeColSetMember!$H:$H,0))))))} -> TRUE | AL43: {=IF($AH43="",TRUE,IF($J43="",FALSE,IF(INDIRECT("OrganizationAccessCasePolicy!L"&$J43)="",FALSE,NOT(ISNA(MATCH(INDIRECT("OrganizationAccessCasePolicy!L"&$J43)&"|"&$AH43,CaseTypeColSetMember!$H:$H,0))))))} -> TRUE | AM43: {=IF($AH43="",TRUE,IF($N43="",FALSE,IF(INDIRECT("UserAccessCasePolicy!I"&$N43)="",FALSE,NOT(ISNA(MATCH(INDIRECT("UserAccessCasePolicy!I"&$N43)&"|"&$AH43,CaseTypeColSetMember!$H:$H,0))))))} -> TRUE | AN43: {=IF($AH43="",TRUE,IF($N43="",FALSE,IF(INDIRECT("UserAccessCasePolicy!K"&$N43)="",FALSE,NOT(ISNA(MATCH(INDIRECT("UserAccessCasePolicy!K"&$N43)&"|"&$AH43,CaseTypeColSetMember!$H:$H,0))))))} -> TRUE | AQ43: =IF($AO43="","",INDEX(CaseTypeCol!$G:$G,MATCH($AO43,CaseTypeCol!$A:$A,0))) | AR43: {=IF($AO43="",TRUE,IF($J43="",FALSE,IF(INDIRECT("OrganizationAccessCasePolicy!J"&$J43)="",FALSE,NOT(ISNA(MATCH(INDIRECT("OrganizationAccessCasePolicy!J"&$J43)&"|"&$AO43,CaseTypeColSetMember!$H:$H,0))))))} -> TRUE | AS43: {=IF($AO43="",TRUE,IF($J43="",FALSE,IF(INDIRECT("OrganizationAccessCasePolicy!L"&$J43)="",FALSE,NOT(ISNA(MATCH(INDIRECT("OrganizationAccessCasePolicy!L"&$J43)&"|"&$AO43,CaseTypeColSetMember!$H:$H,0))))))} -> TRUE | AT43: {=IF($AO43="",TRUE,IF($N43="",FALSE,IF(INDIRECT("UserAccessCasePolicy!I"&$N43)="",FALSE,NOT(ISNA(MATCH(INDIRECT("UserAccessCasePolicy!I"&$N43)&"|"&$AO43,CaseTypeColSetMember!$H:$H,0))))))} -> TRUE | AU43: {=IF($AO43="",TRUE,IF($N43="",FALSE,IF(INDIRECT("UserAccessCasePolicy!K"&$N43)="",FALSE,NOT(ISNA(MATCH(INDIRECT("UserAccessCasePolicy!K"&$N43)&"|"&$AO43,CaseTypeColSetMember!$H:$H,0))))))} -> TRUE
A44: 43 | B44: TRUE | C44: 0198221b-5adb-cc25-3960-745ee0095581 | D44: 0195d18c-1c9d-b786-58e2-68511183edc1 | E44: =INDEX(User!$D:$D,MATCH($D44,User!$A:$A,0)) -> org_user3_3 | F44: CREATE_CASES | G44: =IF($F44="CREATE",$I44,IF($F44="CREATE_CASES",OR($I44,AND($K44,$L44,$O44,$P44,$AE44,AG44,$AL44,$AN44,$AS44,$AU44)),"TBD")) -> FALSE | H44: =INDEX(User!$G:$G,MATCH($D44,User!$A:$A,0)) -> 0195d18c-1c92-52b3-93e0-43dc1f2aa037 | I44: =INDEX(User!$M:$M,MATCH($D44,User!$A:$A,0)) -> FALSE | J44: =IF(ISNA(MATCH($H44&"|"&$W44,OrganizationAccessCasePolicy!$V:$V,0)),"",MATCH($H44&"|"&$W44,OrganizationAccessCasePolicy!$V:$V,0)) -> 9 | K44: {=IF($J44="",FALSE,NOT(ISNA(MATCH(INDIRECT("OrganizationAccessCasePolicy!D"&$J44)&"|"&$S44,CaseTypeSetMember!$H:$H,0))))} -> FALSE | L44: {=IF($J44="",FALSE,AND(INDIRECT("OrganizationAccessCasePolicy!H"&$J44),NOT(ISNA(MATCH(INDIRECT("OrganizationAccessCasePolicy!D"&$J44)&"|"&$S44,CaseTypeSetMember!$H:$H,0)))))} -> FALSE | M44: {=IF($J44="",FALSE,AND(INDIRECT("OrganizationAccessCasePolicy!I"&$J44),NOT(ISNA(MATCH(INDIRECT("OrganizationAccessCasePolicy!D"&$J44)&"|"&$S44,CaseTypeSetMember!$H:$H,0)))))} -> FALSE | N44: =IF(ISNA(MATCH($D44&"|"&$W44,UserAccessCasePolicy!$W:$W,0)),"",MATCH($D44&"|"&$W44,UserAccessCasePolicy!$W:$W,0)) | O44: {=IF($N44="",FALSE,NOT(ISNA(MATCH(INDIRECT("UserAccessCasePolicy!D"&$N44)&"|"&$S44,CaseTypeSetMember!$H:$H,0))))} -> FALSE | P44: {=IF($N44="",FALSE,AND(INDIRECT("UserAccessCasePolicy!G"&$N44),NOT(ISNA(MATCH(INDIRECT("UserAccessCasePolicy!D"&$N44)&"|"&$S44,CaseTypeSetMember!$H:$H,0)))))} -> FALSE | Q44: {=IF($N44="",FALSE,AND(INDIRECT("UserAccessCasePolicy!H"&$N44),NOT(ISNA(MATCH(INDIRECT("UserAccessCasePolicy!D"&$N44)&"|"&$S44,CaseTypeSetMember!$H:$H,0)))))} -> FALSE | R44: 0198221b-5adb-8e4f-2557-bd1a9714a5a9 | S44: 0195d18c-1ca6-fd99-9d76-fcfa0c0cf400 | T44: =INDEX(CaseType!$B:$B,MATCH($S44,CaseType!$A:$A,0)) -> case_type1 | U44: =AND(IF($AA44="",TRUE,$S44=INDEX(CaseTypeCol!$B:$B,MATCH($AA44,CaseTypeCol!$A:$A,0))),IF($AH44="",TRUE,$S44=INDEX(CaseTypeCol!$B:$B,MATCH($AH44,CaseTypeCol!$A:$A,0))),IF($AO44="",TRUE,$S44=INDEX(CaseTypeCol!$B:$B,MATCH($AO44,CaseTypeCol!$A:$A,0)))) -> TRUE | W44: 0195d18c-1ca3-da0a-44bb-877b3a1eb73e | X44: =INDEX(DataCollection!$B:$B,MATCH($W44,DataCollection!$A:$A,0)) -> data_collection8 | Z44: 36526 | AA44: 0195d18c-1caa-1722-0366-f73bd3f09ee8 | AB44: a | AC44: =IF($AA44="","",INDEX(CaseTypeCol!$G:$G,MATCH($AA44,CaseTypeCol!$A:$A,0))) -> case_type1_dim1_1_text | AD44: {=IF($AA44="",TRUE,IF($J44="",FALSE,IF(INDIRECT("OrganizationAccessCasePolicy!J"&$J44)="",FALSE,NOT(ISNA(MATCH(INDIRECT("OrganizationAccessCasePolicy!J"&$J44)&"|"&$AA44,CaseTypeColSetMember!$H:$H,0))))))} -> FALSE | AE44: {=IF($AA44="",TRUE,IF($J44="",FALSE,IF(INDIRECT("OrganizationAccessCasePolicy!L"&$J44)="",FALSE,NOT(ISNA(MATCH(INDIRECT("OrganizationAccessCasePolicy!L"&$J44)&"|"&$AA44,CaseTypeColSetMember!$H:$H,0))))))} -> FALSE | AF44: {=IF($AA44="",TRUE,IF($N44="",FALSE,IF(INDIRECT("UserAccessCasePolicy!I"&$N44)="",FALSE,NOT(ISNA(MATCH(INDIRECT("UserAccessCasePolicy!I"&$N44)&"|"&$AA44,CaseTypeColSetMember!$H:$H,0))))))} -> FALSE | AG44: {=IF($AA44="",TRUE,IF($N44="",FALSE,IF(INDIRECT("UserAccessCasePolicy!K"&$N44)="",FALSE,NOT(ISNA(MATCH(INDIRECT("UserAccessCasePolicy!K"&$N44)&"|"&$AA44,CaseTypeColSetMember!$H:$H,0))))))} -> FALSE | AJ44: =IF($AH44="","",INDEX(CaseTypeCol!$G:$G,MATCH($AH44,CaseTypeCol!$A:$A,0))) | AK44: {=IF($AH44="",TRUE,IF($J44="",FALSE,IF(INDIRECT("OrganizationAccessCasePolicy!J"&$J44)="",FALSE,NOT(ISNA(MATCH(INDIRECT("OrganizationAccessCasePolicy!J"&$J44)&"|"&$AH44,CaseTypeColSetMember!$H:$H,0))))))} -> TRUE | AL44: {=IF($AH44="",TRUE,IF($J44="",FALSE,IF(INDIRECT("OrganizationAccessCasePolicy!L"&$J44)="",FALSE,NOT(ISNA(MATCH(INDIRECT("OrganizationAccessCasePolicy!L"&$J44)&"|"&$AH44,CaseTypeColSetMember!$H:$H,0))))))} -> TRUE | AM44: {=IF($AH44="",TRUE,IF($N44="",FALSE,IF(INDIRECT("UserAccessCasePolicy!I"&$N44)="",FALSE,NOT(ISNA(MATCH(INDIRECT("UserAccessCasePolicy!I"&$N44)&"|"&$AH44,CaseTypeColSetMember!$H:$H,0))))))} -> TRUE | AN44: {=IF($AH44="",TRUE,IF($N44="",FALSE,IF(INDIRECT("UserAccessCasePolicy!K"&$N44)="",FALSE,NOT(ISNA(MATCH(INDIRECT("UserAccessCasePolicy!K"&$N44)&"|"&$AH44,CaseTypeColSetMember!$H:$H,0))))))} -> TRUE | AQ44: =IF($AO44="","",INDEX(CaseTypeCol!$G:$G,MATCH($AO44,CaseTypeCol!$A:$A,0))) | AR44: {=IF($AO44="",TRUE,IF($J44="",FALSE,IF(INDIRECT("OrganizationAccessCasePolicy!J"&$J44)="",FALSE,NOT(ISNA(MATCH(INDIRECT("OrganizationAccessCasePolicy!J"&$J44)&"|"&$AO44,CaseTypeColSetMember!$H:$H,0))))))} -> TRUE | AS44: {=IF($AO44="",TRUE,IF($J44="",FALSE,IF(INDIRECT("OrganizationAccessCasePolicy!L"&$J44)="",FALSE,NOT(ISNA(MATCH(INDIRECT("OrganizationAccessCasePolicy!L"&$J44)&"|"&$AO44,CaseTypeColSetMember!$H:$H,0))))))} -> TRUE | AT44: {=IF($AO44="",TRUE,IF($N44="",FALSE,IF(INDIRECT("UserAccessCasePolicy!I"&$N44)="",FALSE,NOT(ISNA(MATCH(INDIRECT("UserAccessCasePolicy!I"&$N44)&"|"&$AO44,CaseTypeColSetMember!$H:$H,0))))))} -> TRUE | AU44: {=IF($AO44="",TRUE,IF($N44="",FALSE,IF(INDIRECT("UserAccessCasePolicy!K"&$N44)="",FALSE,NOT(ISNA(MATCH(INDIRECT("UserAccessCasePolicy!K"&$N44)&"|"&$AO44,CaseTypeColSetMember!$H:$H,0))))))} -> TRUE
A45: 44 | B45: TRUE | C45: 0198221b-5adb-cc25-3960-745ee0095582 | D45: 0195d18c-1c9d-374c-cb5e-65d6cf513e00 | E45: =INDEX(User!$D:$D,MATCH($D45,User!$A:$A,0)) -> org_user3_4 | F45: CREATE_CASES | G45: =IF($F45="CREATE",$I45,IF($F45="CREATE_CASES",OR($I45,AND($K45,$L45,$O45,$P45,$AE45,AG45,$AL45,$AN45,$AS45,$AU45)),"TBD")) -> FALSE | H45: =INDEX(User!$G:$G,MATCH($D45,User!$A:$A,0)) -> 0195d18c-1c92-52b3-93e0-43dc1f2aa037 | I45: =INDEX(User!$M:$M,MATCH($D45,User!$A:$A,0)) -> FALSE | J45: =IF(ISNA(MATCH($H45&"|"&$W45,OrganizationAccessCasePolicy!$V:$V,0)),"",MATCH($H45&"|"&$W45,OrganizationAccessCasePolicy!$V:$V,0)) -> 9 | K45: {=IF($J45="",FALSE,NOT(ISNA(MATCH(INDIRECT("OrganizationAccessCasePolicy!D"&$J45)&"|"&$S45,CaseTypeSetMember!$H:$H,0))))} -> FALSE | L45: {=IF($J45="",FALSE,AND(INDIRECT("OrganizationAccessCasePolicy!H"&$J45),NOT(ISNA(MATCH(INDIRECT("OrganizationAccessCasePolicy!D"&$J45)&"|"&$S45,CaseTypeSetMember!$H:$H,0)))))} -> FALSE | M45: {=IF($J45="",FALSE,AND(INDIRECT("OrganizationAccessCasePolicy!I"&$J45),NOT(ISNA(MATCH(INDIRECT("OrganizationAccessCasePolicy!D"&$J45)&"|"&$S45,CaseTypeSetMember!$H:$H,0)))))} -> FALSE | N45: =IF(ISNA(MATCH($D45&"|"&$W45,UserAccessCasePolicy!$W:$W,0)),"",MATCH($D45&"|"&$W45,UserAccessCasePolicy!$W:$W,0)) | O45: {=IF($N45="",FALSE,NOT(ISNA(MATCH(INDIRECT("UserAccessCasePolicy!D"&$N45)&"|"&$S45,CaseTypeSetMember!$H:$H,0))))} -> FALSE | P45: {=IF($N45="",FALSE,AND(INDIRECT("UserAccessCasePolicy!G"&$N45),NOT(ISNA(MATCH(INDIRECT("UserAccessCasePolicy!D"&$N45)&"|"&$S45,CaseTypeSetMember!$H:$H,0)))))} -> FALSE | Q45: {=IF($N45="",FALSE,AND(INDIRECT("UserAccessCasePolicy!H"&$N45),NOT(ISNA(MATCH(INDIRECT("UserAccessCasePolicy!D"&$N45)&"|"&$S45,CaseTypeSetMember!$H:$H,0)))))} -> FALSE | R45: 0198221b-5adb-8e4f-2557-bd1a9714a5a9 | S45: 0195d18c-1ca6-fd99-9d76-fcfa0c0cf400 | T45: =INDEX(CaseType!$B:$B,MATCH($S45,CaseType!$A:$A,0)) -> case_type1 | U45: =AND(IF($AA45="",TRUE,$S45=INDEX(CaseTypeCol!$B:$B,MATCH($AA45,CaseTypeCol!$A:$A,0))),IF($AH45="",TRUE,$S45=INDEX(CaseTypeCol!$B:$B,MATCH($AH45,CaseTypeCol!$A:$A,0))),IF($AO45="",TRUE,$S45=INDEX(CaseTypeCol!$B:$B,MATCH($AO45,CaseTypeCol!$A:$A,0)))) -> TRUE | W45: 0195d18c-1ca3-da0a-44bb-877b3a1eb73e | X45: =INDEX(DataCollection!$B:$B,MATCH($W45,DataCollection!$A:$A,0)) -> data_collection8 | Z45: 36526 | AA45: 0195d18c-1caa-1722-0366-f73bd3f09ee8 | AB45: a | AC45: =IF($AA45="","",INDEX(CaseTypeCol!$G:$G,MATCH($AA45,CaseTypeCol!$A:$A,0))) -> case_type1_dim1_1_text | AD45: {=IF($AA45="",TRUE,IF($J45="",FALSE,IF(INDIRECT("OrganizationAccessCasePolicy!J"&$J45)="",FALSE,NOT(ISNA(MATCH(INDIRECT("OrganizationAccessCasePolicy!J"&$J45)&"|"&$AA45,CaseTypeColSetMember!$H:$H,0))))))} -> FALSE | AE45: {=IF($AA45="",TRUE,IF($J45="",FALSE,IF(INDIRECT("OrganizationAccessCasePolicy!L"&$J45)="",FALSE,NOT(ISNA(MATCH(INDIRECT("OrganizationAccessCasePolicy!L"&$J45)&"|"&$AA45,CaseTypeColSetMember!$H:$H,0))))))} -> FALSE | AF45: {=IF($AA45="",TRUE,IF($N45="",FALSE,IF(INDIRECT("UserAccessCasePolicy!I"&$N45)="",FALSE,NOT(ISNA(MATCH(INDIRECT("UserAccessCasePolicy!I"&$N45)&"|"&$AA45,CaseTypeColSetMember!$H:$H,0))))))} -> FALSE | AG45: {=IF($AA45="",TRUE,IF($N45="",FALSE,IF(INDIRECT("UserAccessCasePolicy!K"&$N45)="",FALSE,NOT(ISNA(MATCH(INDIRECT("UserAccessCasePolicy!K"&$N45)&"|"&$AA45,CaseTypeColSetMember!$H:$H,0))))))} -> FALSE | AJ45: =IF($AH45="","",INDEX(CaseTypeCol!$G:$G,MATCH($AH45,CaseTypeCol!$A:$A,0))) | AK45: {=IF($AH45="",TRUE,IF($J45="",FALSE,IF(INDIRECT("OrganizationAccessCasePolicy!J"&$J45)="",FALSE,NOT(ISNA(MATCH(INDIRECT("OrganizationAccessCasePolicy!J"&$J45)&"|"&$AH45,CaseTypeColSetMember!$H:$H,0))))))} -> TRUE | AL45: {=IF($AH45="",TRUE,IF($J45="",FALSE,IF(INDIRECT("OrganizationAccessCasePolicy!L"&$J45)="",FALSE,NOT(ISNA(MATCH(INDIRECT("OrganizationAccessCasePolicy!L"&$J45)&"|"&$AH45,CaseTypeColSetMember!$H:$H,0))))))} -> TRUE | AM45: {=IF($AH45="",TRUE,IF($N45="",FALSE,IF(INDIRECT("UserAccessCasePolicy!I"&$N45)="",FALSE,NOT(ISNA(MATCH(INDIRECT("UserAccessCasePolicy!I"&$N45)&"|"&$AH45,CaseTypeColSetMember!$H:$H,0))))))} -> TRUE | AN45: {=IF($AH45="",TRUE,IF($N45="",FALSE,IF(INDIRECT("UserAccessCasePolicy!K"&$N45)="",FALSE,NOT(ISNA(MATCH(INDIRECT("UserAccessCasePolicy!K"&$N45)&"|"&$AH45,CaseTypeColSetMember!$H:$H,0))))))} -> TRUE | AQ45: =IF($AO45="","",INDEX(CaseTypeCol!$G:$G,MATCH($AO45,CaseTypeCol!$A:$A,0))) | AR45: {=IF($AO45="",TRUE,IF($J45="",FALSE,IF(INDIRECT("OrganizationAccessCasePolicy!J"&$J45)="",FALSE,NOT(ISNA(MATCH(INDIRECT("OrganizationAccessCasePolicy!J"&$J45)&"|"&$AO45,CaseTypeColSetMember!$H:$H,0))))))} -> TRUE | AS45: {=IF($AO45="",TRUE,IF($J45="",FALSE,IF(INDIRECT("OrganizationAccessCasePolicy!L"&$J45)="",FALSE,NOT(ISNA(MATCH(INDIRECT("OrganizationAccessCasePolicy!L"&$J45)&"|"&$AO45,CaseTypeColSetMember!$H:$H,0))))))} -> TRUE | AT45: {=IF($AO45="",TRUE,IF($N45="",FALSE,IF(INDIRECT("UserAccessCasePolicy!I"&$N45)="",FALSE,NOT(ISNA(MATCH(INDIRECT("UserAccessCasePolicy!I"&$N45)&"|"&$AO45,CaseTypeColSetMember!$H:$H,0))))))} -> TRUE | AU45: {=IF($AO45="",TRUE,IF($N45="",FALSE,IF(INDIRECT("UserAccessCasePolicy!K"&$N45)="",FALSE,NOT(ISNA(MATCH(INDIRECT("UserAccessCasePolicy!K"&$N45)&"|"&$AO45,CaseTypeColSetMember!$H:$H,0))))))} -> TRUE
A46: 45 | B46: TRUE | C46: 0198221b-5adb-cc25-3960-745ee0095583 | D46: 0195d18c-1c9e-1c4a-1311-4f22f0d59f61 | E46: =INDEX(User!$D:$D,MATCH($D46,User!$A:$A,0)) -> org_user4_1 | F46: CREATE_CASES | G46: =IF($F46="CREATE",$I46,IF($F46="CREATE_CASES",OR($I46,AND($K46,$L46,$O46,$P46,$AE46,AG46,$AL46,$AN46,$AS46,$AU46)),"TBD")) -> FALSE | H46: =INDEX(User!$G:$G,MATCH($D46,User!$A:$A,0)) -> 0195d18c-1c92-d419-4c71-a570f428499b | I46: =INDEX(User!$M:$M,MATCH($D46,User!$A:$A,0)) -> FALSE | J46: =IF(ISNA(MATCH($H46&"|"&$W46,OrganizationAccessCasePolicy!$V:$V,0)),"",MATCH($H46&"|"&$W46,OrganizationAccessCasePolicy!$V:$V,0)) -> 10 | K46: {=IF($J46="",FALSE,NOT(ISNA(MATCH(INDIRECT("OrganizationAccessCasePolicy!D"&$J46)&"|"&$S46,CaseTypeSetMember!$H:$H,0))))} -> FALSE | L46: {=IF($J46="",FALSE,AND(INDIRECT("OrganizationAccessCasePolicy!H"&$J46),NOT(ISNA(MATCH(INDIRECT("OrganizationAccessCasePolicy!D"&$J46)&"|"&$S46,CaseTypeSetMember!$H:$H,0)))))} -> FALSE | M46: {=IF($J46="",FALSE,AND(INDIRECT("OrganizationAccessCasePolicy!I"&$J46),NOT(ISNA(MATCH(INDIRECT("OrganizationAccessCasePolicy!D"&$J46)&"|"&$S46,CaseTypeSetMember!$H:$H,0)))))} -> FALSE | N46: =IF(ISNA(MATCH($D46&"|"&$W46,UserAccessCasePolicy!$W:$W,0)),"",MATCH($D46&"|"&$W46,UserAccessCasePolicy!$W:$W,0)) -> 10 | O46: {=IF($N46="",FALSE,NOT(ISNA(MATCH(INDIRECT("UserAccessCasePolicy!D"&$N46)&"|"&$S46,CaseTypeSetMember!$H:$H,0))))} -> FALSE | P46: {=IF($N46="",FALSE,AND(INDIRECT("UserAccessCasePolicy!G"&$N46),NOT(ISNA(MATCH(INDIRECT("UserAccessCasePolicy!D"&$N46)&"|"&$S46,CaseTypeSetMember!$H:$H,0)))))} -> FALSE | Q46: {=IF($N46="",FALSE,AND(INDIRECT("UserAccessCasePolicy!H"&$N46),NOT(ISNA(MATCH(INDIRECT("UserAccessCasePolicy!D"&$N46)&"|"&$S46,CaseTypeSetMember!$H:$H,0)))))} -> FALSE | R46: 0198221b-5adb-10e2-5005-c6dfd292377e | S46: 0195d18c-1ca6-fd99-9d76-fcfa0c0cf400 | T46: =INDEX(CaseType!$B:$B,MATCH($S46,CaseType!$A:$A,0)) -> case_type1 | U46: =AND(IF($AA46="",TRUE,$S46=INDEX(CaseTypeCol!$B:$B,MATCH($AA46,CaseTypeCol!$A:$A,0))),IF($AH46="",TRUE,$S46=INDEX(CaseTypeCol!$B:$B,MATCH($AH46,CaseTypeCol!$A:$A,0))),IF($AO46="",TRUE,$S46=INDEX(CaseTypeCol!$B:$B,MATCH($AO46,CaseTypeCol!$A:$A,0)))) -> TRUE | W46: 0195d18c-1ca3-4d34-d0e9-8f024ad8651a | X46: =INDEX(DataCollection!$B:$B,MATCH($W46,DataCollection!$A:$A,0)) -> data_collection9 | Z46: 36526 | AA46: 0195d18c-1caa-1722-0366-f73bd3f09ee8 | AB46: a | AC46: =IF($AA46="","",INDEX(CaseTypeCol!$G:$G,MATCH($AA46,CaseTypeCol!$A:$A,0))) -> case_type1_dim1_1_text | AD46: {=IF($AA46="",TRUE,IF($J46="",FALSE,IF(INDIRECT("OrganizationAccessCasePolicy!J"&$J46)="",FALSE,NOT(ISNA(MATCH(INDIRECT("OrganizationAccessCasePolicy!J"&$J46)&"|"&$AA46,CaseTypeColSetMember!$H:$H,0))))))} -> FALSE | AE46: {=IF($AA46="",TRUE,IF($J46="",FALSE,IF(INDIRECT("OrganizationAccessCasePolicy!L"&$J46)="",FALSE,NOT(ISNA(MATCH(INDIRECT("OrganizationAccessCasePolicy!L"&$J46)&"|"&$AA46,CaseTypeColSetMember!$H:$H,0))))))} -> FALSE | AF46: {=IF($AA46="",TRUE,IF($N46="",FALSE,IF(INDIRECT("UserAccessCasePolicy!I"&$N46)="",FALSE,NOT(ISNA(MATCH(INDIRECT("UserAccessCasePolicy!I"&$N46)&"|"&$AA46,CaseTypeColSetMember!$H:$H,0))))))} -> FALSE | AG46: {=IF($AA46="",TRUE,IF($N46="",FALSE,IF(INDIRECT("UserAccessCasePolicy!K"&$N46)="",FALSE,NOT(ISNA(MATCH(INDIRECT("UserAccessCasePolicy!K"&$N46)&"|"&$AA46,CaseTypeColSetMember!$H:$H,0))))))} -> FALSE | AJ46: =IF($AH46="","",INDEX(CaseTypeCol!$G:$G,MATCH($AH46,CaseTypeCol!$A:$A,0))) | AK46: {=IF($AH46="",TRUE,IF($J46="",FALSE,IF(INDIRECT("OrganizationAccessCasePolicy!J"&$J46)="",FALSE,NOT(ISNA(MATCH(INDIRECT("OrganizationAccessCasePolicy!J"&$J46)&"|"&$AH46,CaseTypeColSetMember!$H:$H,0))))))} -> TRUE | AL46: {=IF($AH46="",TRUE,IF($J46="",FALSE,IF(INDIRECT("OrganizationAccessCasePolicy!L"&$J46)="",FALSE,NOT(ISNA(MATCH(INDIRECT("OrganizationAccessCasePolicy!L"&$J46)&"|"&$AH46,CaseTypeColSetMember!$H:$H,0))))))} -> TRUE | AM46: {=IF($AH46="",TRUE,IF($N46="",FALSE,IF(INDIRECT("UserAccessCasePolicy!I"&$N46)="",FALSE,NOT(ISNA(MATCH(INDIRECT("UserAccessCasePolicy!I"&$N46)&"|"&$AH46,CaseTypeColSetMember!$H:$H,0))))))} -> TRUE | AN46: {=IF($AH46="",TRUE,IF($N46="",FALSE,IF(INDIRECT("UserAccessCasePolicy!K"&$N46)="",FALSE,NOT(ISNA(MATCH(INDIRECT("UserAccessCasePolicy!K"&$N46)&"|"&$AH46,CaseTypeColSetMember!$H:$H,0))))))} -> TRUE | AP46: a(9K | AQ46: =IF($AO46="","",INDEX(CaseTypeCol!$G:$G,MATCH($AO46,CaseTypeCol!$A:$A,0))) | AR46: {=IF($AO46="",TRUE,IF($J46="",FALSE,IF(INDIRECT("OrganizationAccessCasePolicy!J"&$J46)="",FALSE,NOT(ISNA(MATCH(INDIRECT("OrganizationAccessCasePolicy!J"&$J46)&"|"&$AO46,CaseTypeColSetMember!$H:$H,0))))))} -> TRUE | AS46: {=IF($AO46="",TRUE,IF($J46="",FALSE,IF(INDIRECT("OrganizationAccessCasePolicy!L"&$J46)="",FALSE,NOT(ISNA(MATCH(INDIRECT("OrganizationAccessCasePolicy!L"&$J46)&"|"&$AO46,CaseTypeColSetMember!$H:$H,0))))))} -> TRUE | AT46: {=IF($AO46="",TRUE,IF($N46="",FALSE,IF(INDIRECT("UserAccessCasePolicy!I"&$N46)="",FALSE,NOT(ISNA(MATCH(INDIRECT("UserAccessCasePolicy!I"&$N46)&"|"&$AO46,CaseTypeColSetMember!$H:$H,0))))))} -> TRUE | AU46: {=IF($AO46="",TRUE,IF($N46="",FALSE,IF(INDIRECT("UserAccessCasePolicy!K"&$N46)="",FALSE,NOT(ISNA(MATCH(INDIRECT("UserAccessCasePolicy!K"&$N46)&"|"&$AO46,CaseTypeColSetMember!$H:$H,0))))))} -> TRUE
A47: 46 | B47: TRUE | C47: 0198221b-5adb-cc25-3960-745ee0095584 | D47: 0195d18c-1c9e-b09c-6417-9e2d151ffd40 | E47: =INDEX(User!$D:$D,MATCH($D47,User!$A:$A,0)) -> org_user4_2 | F47: CREATE_CASES | G47: =IF($F47="CREATE",$I47,IF($F47="CREATE_CASES",OR($I47,AND($K47,$L47,$O47,$P47,$AE47,AG47,$AL47,$AN47,$AS47,$AU47)),"TBD")) -> FALSE | H47: =INDEX(User!$G:$G,MATCH($D47,User!$A:$A,0)) -> 0195d18c-1c92-d419-4c71-a570f428499b | I47: =INDEX(User!$M:$M,MATCH($D47,User!$A:$A,0)) -> FALSE | J47: =IF(ISNA(MATCH($H47&"|"&$W47,OrganizationAccessCasePolicy!$V:$V,0)),"",MATCH($H47&"|"&$W47,OrganizationAccessCasePolicy!$V:$V,0)) -> 10 | K47: {=IF($J47="",FALSE,NOT(ISNA(MATCH(INDIRECT("OrganizationAccessCasePolicy!D"&$J47)&"|"&$S47,CaseTypeSetMember!$H:$H,0))))} -> FALSE | L47: {=IF($J47="",FALSE,AND(INDIRECT("OrganizationAccessCasePolicy!H"&$J47),NOT(ISNA(MATCH(INDIRECT("OrganizationAccessCasePolicy!D"&$J47)&"|"&$S47,CaseTypeSetMember!$H:$H,0)))))} -> FALSE | M47: {=IF($J47="",FALSE,AND(INDIRECT("OrganizationAccessCasePolicy!I"&$J47),NOT(ISNA(MATCH(INDIRECT("OrganizationAccessCasePolicy!D"&$J47)&"|"&$S47,CaseTypeSetMember!$H:$H,0)))))} -> FALSE | N47: =IF(ISNA(MATCH($D47&"|"&$W47,UserAccessCasePolicy!$W:$W,0)),"",MATCH($D47&"|"&$W47,UserAccessCasePolicy!$W:$W,0)) | O47: {=IF($N47="",FALSE,NOT(ISNA(MATCH(INDIRECT("UserAccessCasePolicy!D"&$N47)&"|"&$S47,CaseTypeSetMember!$H:$H,0))))} -> FALSE | P47: {=IF($N47="",FALSE,AND(INDIRECT("UserAccessCasePolicy!G"&$N47),NOT(ISNA(MATCH(INDIRECT("UserAccessCasePolicy!D"&$N47)&"|"&$S47,CaseTypeSetMember!$H:$H,0)))))} -> FALSE | Q47: {=IF($N47="",FALSE,AND(INDIRECT("UserAccessCasePolicy!H"&$N47),NOT(ISNA(MATCH(INDIRECT("UserAccessCasePolicy!D"&$N47)&"|"&$S47,CaseTypeSetMember!$H:$H,0)))))} -> FALSE | R47: 0198221b-5adb-e736-1c66-8862661e3dc9 | S47: 0195d18c-1ca6-fd99-9d76-fcfa0c0cf400 | T47: =INDEX(CaseType!$B:$B,MATCH($S47,CaseType!$A:$A,0)) -> case_type1 | U47: =AND(IF($AA47="",TRUE,$S47=INDEX(CaseTypeCol!$B:$B,MATCH($AA47,CaseTypeCol!$A:$A,0))),IF($AH47="",TRUE,$S47=INDEX(CaseTypeCol!$B:$B,MATCH($AH47,CaseTypeCol!$A:$A,0))),IF($AO47="",TRUE,$S47=INDEX(CaseTypeCol!$B:$B,MATCH($AO47,CaseTypeCol!$A:$A,0)))) -> TRUE | W47: 0195d18c-1ca3-4d34-d0e9-8f024ad8651a | X47: =INDEX(DataCollection!$B:$B,MATCH($W47,DataCollection!$A:$A,0)) -> data_collection9 | Z47: 36526 | AA47: 0195d18c-1caa-1722-0366-f73bd3f09ee8 | AB47: a | AC47: =IF($AA47="","",INDEX(CaseTypeCol!$G:$G,MATCH($AA47,CaseTypeCol!$A:$A,0))) -> case_type1_dim1_1_text | AD47: {=IF($AA47="",TRUE,IF($J47="",FALSE,IF(INDIRECT("OrganizationAccessCasePolicy!J"&$J47)="",FALSE,NOT(ISNA(MATCH(INDIRECT("OrganizationAccessCasePolicy!J"&$J47)&"|"&$AA47,CaseTypeColSetMember!$H:$H,0))))))} -> FALSE | AE47: {=IF($AA47="",TRUE,IF($J47="",FALSE,IF(INDIRECT("OrganizationAccessCasePolicy!L"&$J47)="",FALSE,NOT(ISNA(MATCH(INDIRECT("OrganizationAccessCasePolicy!L"&$J47)&"|"&$AA47,CaseTypeColSetMember!$H:$H,0))))))} -> FALSE | AF47: {=IF($AA47="",TRUE,IF($N47="",FALSE,IF(INDIRECT("UserAccessCasePolicy!I"&$N47)="",FALSE,NOT(ISNA(MATCH(INDIRECT("UserAccessCasePolicy!I"&$N47)&"|"&$AA47,CaseTypeColSetMember!$H:$H,0))))))} -> FALSE | AG47: {=IF($AA47="",TRUE,IF($N47="",FALSE,IF(INDIRECT("UserAccessCasePolicy!K"&$N47)="",FALSE,NOT(ISNA(MATCH(INDIRECT("UserAccessCasePolicy!K"&$N47)&"|"&$AA47,CaseTypeColSetMember!$H:$H,0))))))} -> FALSE | AJ47: =IF($AH47="","",INDEX(CaseTypeCol!$G:$G,MATCH($AH47,CaseTypeCol!$A:$A,0))) | AK47: {=IF($AH47="",TRUE,IF($J47="",FALSE,IF(INDIRECT("OrganizationAccessCasePolicy!J"&$J47)="",FALSE,NOT(ISNA(MATCH(INDIRECT("OrganizationAccessCasePolicy!J"&$J47)&"|"&$AH47,CaseTypeColSetMember!$H:$H,0))))))} -> TRUE | AL47: {=IF($AH47="",TRUE,IF($J47="",FALSE,IF(INDIRECT("OrganizationAccessCasePolicy!L"&$J47)="",FALSE,NOT(ISNA(MATCH(INDIRECT("OrganizationAccessCasePolicy!L"&$J47)&"|"&$AH47,CaseTypeColSetMember!$H:$H,0))))))} -> TRUE | AM47: {=IF($AH47="",TRUE,IF($N47="",FALSE,IF(INDIRECT("UserAccessCasePolicy!I"&$N47)="",FALSE,NOT(ISNA(MATCH(INDIRECT("UserAccessCasePolicy!I"&$N47)&"|"&$AH47,CaseTypeColSetMember!$H:$H,0))))))} -> TRUE | AN47: {=IF($AH47="",TRUE,IF($N47="",FALSE,IF(INDIRECT("UserAccessCasePolicy!K"&$N47)="",FALSE,NOT(ISNA(MATCH(INDIRECT("UserAccessCasePolicy!K"&$N47)&"|"&$AH47,CaseTypeColSetMember!$H:$H,0))))))} -> TRUE | AP47: a(9K | AQ47: =IF($AO47="","",INDEX(CaseTypeCol!$G:$G,MATCH($AO47,CaseTypeCol!$A:$A,0))) | AR47: {=IF($AO47="",TRUE,IF($J47="",FALSE,IF(INDIRECT("OrganizationAccessCasePolicy!J"&$J47)="",FALSE,NOT(ISNA(MATCH(INDIRECT("OrganizationAccessCasePolicy!J"&$J47)&"|"&$AO47,CaseTypeColSetMember!$H:$H,0))))))} -> TRUE | AS47: {=IF($AO47="",TRUE,IF($J47="",FALSE,IF(INDIRECT("OrganizationAccessCasePolicy!L"&$J47)="",FALSE,NOT(ISNA(MATCH(INDIRECT("OrganizationAccessCasePolicy!L"&$J47)&"|"&$AO47,CaseTypeColSetMember!$H:$H,0))))))} -> TRUE | AT47: {=IF($AO47="",TRUE,IF($N47="",FALSE,IF(INDIRECT("UserAccessCasePolicy!I"&$N47)="",FALSE,NOT(ISNA(MATCH(INDIRECT("UserAccessCasePolicy!I"&$N47)&"|"&$AO47,CaseTypeColSetMember!$H:$H,0))))))} -> TRUE | AU47: {=IF($AO47="",TRUE,IF($N47="",FALSE,IF(INDIRECT("UserAccessCasePolicy!K"&$N47)="",FALSE,NOT(ISNA(MATCH(INDIRECT("UserAccessCasePolicy!K"&$N47)&"|"&$AO47,CaseTypeColSetMember!$H:$H,0))))))} -> TRUE
A48: 47 | B48: TRUE | C48: 0198221b-5adb-cc25-3960-745ee0095585 | D48: 0195d18c-1c9f-77bc-3133-1f617f479bce | E48: =INDEX(User!$D:$D,MATCH($D48,User!$A:$A,0)) -> org_user4_3 | F48: CREATE_CASES | G48: =IF($F48="CREATE",$I48,IF($F48="CREATE_CASES",OR($I48,AND($K48,$L48,$O48,$P48,$AE48,AG48,$AL48,$AN48,$AS48,$AU48)),"TBD")) -> FALSE | H48: =INDEX(User!$G:$G,MATCH($D48,User!$A:$A,0)) -> 0195d18c-1c92-d419-4c71-a570f428499b | I48: =INDEX(User!$M:$M,MATCH($D48,User!$A:$A,0)) -> FALSE | J48: =IF(ISNA(MATCH($H48&"|"&$W48,OrganizationAccessCasePolicy!$V:$V,0)),"",MATCH($H48&"|"&$W48,OrganizationAccessCasePolicy!$V:$V,0)) -> 10 | K48: {=IF($J48="",FALSE,NOT(ISNA(MATCH(INDIRECT("OrganizationAccessCasePolicy!D"&$J48)&"|"&$S48,CaseTypeSetMember!$H:$H,0))))} -> FALSE | L48: {=IF($J48="",FALSE,AND(INDIRECT("OrganizationAccessCasePolicy!H"&$J48),NOT(ISNA(MATCH(INDIRECT("OrganizationAccessCasePolicy!D"&$J48)&"|"&$S48,CaseTypeSetMember!$H:$H,0)))))} -> FALSE | M48: {=IF($J48="",FALSE,AND(INDIRECT("OrganizationAccessCasePolicy!I"&$J48),NOT(ISNA(MATCH(INDIRECT("OrganizationAccessCasePolicy!D"&$J48)&"|"&$S48,CaseTypeSetMember!$H:$H,0)))))} -> FALSE | N48: =IF(ISNA(MATCH($D48&"|"&$W48,UserAccessCasePolicy!$W:$W,0)),"",MATCH($D48&"|"&$W48,UserAccessCasePolicy!$W:$W,0)) | O48: {=IF($N48="",FALSE,NOT(ISNA(MATCH(INDIRECT("UserAccessCasePolicy!D"&$N48)&"|"&$S48,CaseTypeSetMember!$H:$H,0))))} -> FALSE | P48: {=IF($N48="",FALSE,AND(INDIRECT("UserAccessCasePolicy!G"&$N48),NOT(ISNA(MATCH(INDIRECT("UserAccessCasePolicy!D"&$N48)&"|"&$S48,CaseTypeSetMember!$H:$H,0)))))} -> FALSE | Q48: {=IF($N48="",FALSE,AND(INDIRECT("UserAccessCasePolicy!H"&$N48),NOT(ISNA(MATCH(INDIRECT("UserAccessCasePolicy!D"&$N48)&"|"&$S48,CaseTypeSetMember!$H:$H,0)))))} -> FALSE | R48: 0198221b-5adb-2109-0013-e29ef1b29549 | S48: 0195d18c-1ca6-fd99-9d76-fcfa0c0cf400 | T48: =INDEX(CaseType!$B:$B,MATCH($S48,CaseType!$A:$A,0)) -> case_type1 | U48: =AND(IF($AA48="",TRUE,$S48=INDEX(CaseTypeCol!$B:$B,MATCH($AA48,CaseTypeCol!$A:$A,0))),IF($AH48="",TRUE,$S48=INDEX(CaseTypeCol!$B:$B,MATCH($AH48,CaseTypeCol!$A:$A,0))),IF($AO48="",TRUE,$S48=INDEX(CaseTypeCol!$B:$B,MATCH($AO48,CaseTypeCol!$A:$A,0)))) -> TRUE | W48: 0195d18c-1ca3-4d34-d0e9-8f024ad8651a | X48: =INDEX(DataCollection!$B:$B,MATCH($W48,DataCollection!$A:$A,0)) -> data_collection9 | Z48: 36526 | AA48: 0195d18c-1caa-1722-0366-f73bd3f09ee8 | AB48: a | AC48: =IF($AA48="","",INDEX(CaseTypeCol!$G:$G,MATCH($AA48,CaseTypeCol!$A:$A,0))) -> case_type1_dim1_1_text | AD48: {=IF($AA48="",TRUE,IF($J48="",FALSE,IF(INDIRECT("OrganizationAccessCasePolicy!J"&$J48)="",FALSE,NOT(ISNA(MATCH(INDIRECT("OrganizationAccessCasePolicy!J"&$J48)&"|"&$AA48,CaseTypeColSetMember!$H:$H,0))))))} -> FALSE | AE48: {=IF($AA48="",TRUE,IF($J48="",FALSE,IF(INDIRECT("OrganizationAccessCasePolicy!L"&$J48)="",FALSE,NOT(ISNA(MATCH(INDIRECT("OrganizationAccessCasePolicy!L"&$J48)&"|"&$AA48,CaseTypeColSetMember!$H:$H,0))))))} -> FALSE | AF48: {=IF($AA48="",TRUE,IF($N48="",FALSE,IF(INDIRECT("UserAccessCasePolicy!I"&$N48)="",FALSE,NOT(ISNA(MATCH(INDIRECT("UserAccessCasePolicy!I"&$N48)&"|"&$AA48,CaseTypeColSetMember!$H:$H,0))))))} -> FALSE | AG48: {=IF($AA48="",TRUE,IF($N48="",FALSE,IF(INDIRECT("UserAccessCasePolicy!K"&$N48)="",FALSE,NOT(ISNA(MATCH(INDIRECT("UserAccessCasePolicy!K"&$N48)&"|"&$AA48,CaseTypeColSetMember!$H:$H,0))))))} -> FALSE | AJ48: =IF($AH48="","",INDEX(CaseTypeCol!$G:$G,MATCH($AH48,CaseTypeCol!$A:$A,0))) | AK48: {=IF($AH48="",TRUE,IF($J48="",FALSE,IF(INDIRECT("OrganizationAccessCasePolicy!J"&$J48)="",FALSE,NOT(ISNA(MATCH(INDIRECT("OrganizationAccessCasePolicy!J"&$J48)&"|"&$AH48,CaseTypeColSetMember!$H:$H,0))))))} -> TRUE | AL48: {=IF($AH48="",TRUE,IF($J48="",FALSE,IF(INDIRECT("OrganizationAccessCasePolicy!L"&$J48)="",FALSE,NOT(ISNA(MATCH(INDIRECT("OrganizationAccessCasePolicy!L"&$J48)&"|"&$AH48,CaseTypeColSetMember!$H:$H,0))))))} -> TRUE | AM48: {=IF($AH48="",TRUE,IF($N48="",FALSE,IF(INDIRECT("UserAccessCasePolicy!I"&$N48)="",FALSE,NOT(ISNA(MATCH(INDIRECT("UserAccessCasePolicy!I"&$N48)&"|"&$AH48,CaseTypeColSetMember!$H:$H,0))))))} -> TRUE | AN48: {=IF($AH48="",TRUE,IF($N48="",FALSE,IF(INDIRECT("UserAccessCasePolicy!K"&$N48)="",FALSE,NOT(ISNA(MATCH(INDIRECT("UserAccessCasePolicy!K"&$N48)&"|"&$AH48,CaseTypeColSetMember!$H:$H,0))))))} -> TRUE | AP48: a(9K | AQ48: =IF($AO48="","",INDEX(CaseTypeCol!$G:$G,MATCH($AO48,CaseTypeCol!$A:$A,0))) | AR48: {=IF($AO48="",TRUE,IF($J48="",FALSE,IF(INDIRECT("OrganizationAccessCasePolicy!J"&$J48)="",FALSE,NOT(ISNA(MATCH(INDIRECT("OrganizationAccessCasePolicy!J"&$J48)&"|"&$AO48,CaseTypeColSetMember!$H:$H,0))))))} -> TRUE | AS48: {=IF($AO48="",TRUE,IF($J48="",FALSE,IF(INDIRECT("OrganizationAccessCasePolicy!L"&$J48)="",FALSE,NOT(ISNA(MATCH(INDIRECT("OrganizationAccessCasePolicy!L"&$J48)&"|"&$AO48,CaseTypeColSetMember!$H:$H,0))))))} -> TRUE | AT48: {=IF($AO48="",TRUE,IF($N48="",FALSE,IF(INDIRECT("UserAccessCasePolicy!I"&$N48)="",FALSE,NOT(ISNA(MATCH(INDIRECT("UserAccessCasePolicy!I"&$N48)&"|"&$AO48,CaseTypeColSetMember!$H:$H,0))))))} -> TRUE | AU48: {=IF($AO48="",TRUE,IF($N48="",FALSE,IF(INDIRECT("UserAccessCasePolicy!K"&$N48)="",FALSE,NOT(ISNA(MATCH(INDIRECT("UserAccessCasePolicy!K"&$N48)&"|"&$AO48,CaseTypeColSetMember!$H:$H,0))))))} -> TRUE
A49: 48 | B49: TRUE | C49: 0198221b-5adb-cc25-3960-745ee0095586 | D49: 0195d18c-1c9f-739f-da8a-894be78086da | E49: =INDEX(User!$D:$D,MATCH($D49,User!$A:$A,0)) -> org_user4_4 | F49: CREATE_CASES | G49: =IF($F49="CREATE",$I49,IF($F49="CREATE_CASES",OR($I49,AND($K49,$L49,$O49,$P49,$AE49,AG49,$AL49,$AN49,$AS49,$AU49)),"TBD")) -> FALSE | H49: =INDEX(User!$G:$G,MATCH($D49,User!$A:$A,0)) -> 0195d18c-1c92-d419-4c71-a570f428499b | I49: =INDEX(User!$M:$M,MATCH($D49,User!$A:$A,0)) -> FALSE | J49: =IF(ISNA(MATCH($H49&"|"&$W49,OrganizationAccessCasePolicy!$V:$V,0)),"",MATCH($H49&"|"&$W49,OrganizationAccessCasePolicy!$V:$V,0)) -> 10 | K49: {=IF($J49="",FALSE,NOT(ISNA(MATCH(INDIRECT("OrganizationAccessCasePolicy!D"&$J49)&"|"&$S49,CaseTypeSetMember!$H:$H,0))))} -> FALSE | L49: {=IF($J49="",FALSE,AND(INDIRECT("OrganizationAccessCasePolicy!H"&$J49),NOT(ISNA(MATCH(INDIRECT("OrganizationAccessCasePolicy!D"&$J49)&"|"&$S49,CaseTypeSetMember!$H:$H,0)))))} -> FALSE | M49: {=IF($J49="",FALSE,AND(INDIRECT("OrganizationAccessCasePolicy!I"&$J49),NOT(ISNA(MATCH(INDIRECT("OrganizationAccessCasePolicy!D"&$J49)&"|"&$S49,CaseTypeSetMember!$H:$H,0)))))} -> FALSE | N49: =IF(ISNA(MATCH($D49&"|"&$W49,UserAccessCasePolicy!$W:$W,0)),"",MATCH($D49&"|"&$W49,UserAccessCasePolicy!$W:$W,0)) | O49: {=IF($N49="",FALSE,NOT(ISNA(MATCH(INDIRECT("UserAccessCasePolicy!D"&$N49)&"|"&$S49,CaseTypeSetMember!$H:$H,0))))} -> FALSE | P49: {=IF($N49="",FALSE,AND(INDIRECT("UserAccessCasePolicy!G"&$N49),NOT(ISNA(MATCH(INDIRECT("UserAccessCasePolicy!D"&$N49)&"|"&$S49,CaseTypeSetMember!$H:$H,0)))))} -> FALSE | Q49: {=IF($N49="",FALSE,AND(INDIRECT("UserAccessCasePolicy!H"&$N49),NOT(ISNA(MATCH(INDIRECT("UserAccessCasePolicy!D"&$N49)&"|"&$S49,CaseTypeSetMember!$H:$H,0)))))} -> FALSE | R49: 0198221b-5adb-9689-90be-94bda4a4e836 | S49: 0195d18c-1ca6-fd99-9d76-fcfa0c0cf400 | T49: =INDEX(CaseType!$B:$B,MATCH($S49,CaseType!$A:$A,0)) -> case_type1 | U49: =AND(IF($AA49="",TRUE,$S49=INDEX(CaseTypeCol!$B:$B,MATCH($AA49,CaseTypeCol!$A:$A,0))),IF($AH49="",TRUE,$S49=INDEX(CaseTypeCol!$B:$B,MATCH($AH49,CaseTypeCol!$A:$A,0))),IF($AO49="",TRUE,$S49=INDEX(CaseTypeCol!$B:$B,MATCH($AO49,CaseTypeCol!$A:$A,0)))) -> TRUE | W49: 0195d18c-1ca3-4d34-d0e9-8f024ad8651a | X49: =INDEX(DataCollection!$B:$B,MATCH($W49,DataCollection!$A:$A,0)) -> data_collection9 | Z49: 36526 | AA49: 0195d18c-1caa-1722-0366-f73bd3f09ee8 | AB49: a | AC49: =IF($AA49="","",INDEX(CaseTypeCol!$G:$G,MATCH($AA49,CaseTypeCol!$A:$A,0))) -> case_type1_dim1_1_text | AD49: {=IF($AA49="",TRUE,IF($J49="",FALSE,IF(INDIRECT("OrganizationAccessCasePolicy!J"&$J49)="",FALSE,NOT(ISNA(MATCH(INDIRECT("OrganizationAccessCasePolicy!J"&$J49)&"|"&$AA49,CaseTypeColSetMember!$H:$H,0))))))} -> FALSE | AE49: {=IF($AA49="",TRUE,IF($J49="",FALSE,IF(INDIRECT("OrganizationAccessCasePolicy!L"&$J49)="",FALSE,NOT(ISNA(MATCH(INDIRECT("OrganizationAccessCasePolicy!L"&$J49)&"|"&$AA49,CaseTypeColSetMember!$H:$H,0))))))} -> FALSE | AF49: {=IF($AA49="",TRUE,IF($N49="",FALSE,IF(INDIRECT("UserAccessCasePolicy!I"&$N49)="",FALSE,NOT(ISNA(MATCH(INDIRECT("UserAccessCasePolicy!I"&$N49)&"|"&$AA49,CaseTypeColSetMember!$H:$H,0))))))} -> FALSE | AG49: {=IF($AA49="",TRUE,IF($N49="",FALSE,IF(INDIRECT("UserAccessCasePolicy!K"&$N49)="",FALSE,NOT(ISNA(MATCH(INDIRECT("UserAccessCasePolicy!K"&$N49)&"|"&$AA49,CaseTypeColSetMember!$H:$H,0))))))} -> FALSE | AJ49: =IF($AH49="","",INDEX(CaseTypeCol!$G:$G,MATCH($AH49,CaseTypeCol!$A:$A,0))) | AK49: {=IF($AH49="",TRUE,IF($J49="",FALSE,IF(INDIRECT("OrganizationAccessCasePolicy!J"&$J49)="",FALSE,NOT(ISNA(MATCH(INDIRECT("OrganizationAccessCasePolicy!J"&$J49)&"|"&$AH49,CaseTypeColSetMember!$H:$H,0))))))} -> TRUE | AL49: {=IF($AH49="",TRUE,IF($J49="",FALSE,IF(INDIRECT("OrganizationAccessCasePolicy!L"&$J49)="",FALSE,NOT(ISNA(MATCH(INDIRECT("OrganizationAccessCasePolicy!L"&$J49)&"|"&$AH49,CaseTypeColSetMember!$H:$H,0))))))} -> TRUE | AM49: {=IF($AH49="",TRUE,IF($N49="",FALSE,IF(INDIRECT("UserAccessCasePolicy!I"&$N49)="",FALSE,NOT(ISNA(MATCH(INDIRECT("UserAccessCasePolicy!I"&$N49)&"|"&$AH49,CaseTypeColSetMember!$H:$H,0))))))} -> TRUE | AN49: {=IF($AH49="",TRUE,IF($N49="",FALSE,IF(INDIRECT("UserAccessCasePolicy!K"&$N49)="",FALSE,NOT(ISNA(MATCH(INDIRECT("UserAccessCasePolicy!K"&$N49)&"|"&$AH49,CaseTypeColSetMember!$H:$H,0))))))} -> TRUE | AP49: a(9K | AQ49: =IF($AO49="","",INDEX(CaseTypeCol!$G:$G,MATCH($AO49,CaseTypeCol!$A:$A,0))) | AR49: {=IF($AO49="",TRUE,IF($J49="",FALSE,IF(INDIRECT("OrganizationAccessCasePolicy!J"&$J49)="",FALSE,NOT(ISNA(MATCH(INDIRECT("OrganizationAccessCasePolicy!J"&$J49)&"|"&$AO49,CaseTypeColSetMember!$H:$H,0))))))} -> TRUE | AS49: {=IF($AO49="",TRUE,IF($J49="",FALSE,IF(INDIRECT("OrganizationAccessCasePolicy!L"&$J49)="",FALSE,NOT(ISNA(MATCH(INDIRECT("OrganizationAccessCasePolicy!L"&$J49)&"|"&$AO49,CaseTypeColSetMember!$H:$H,0))))))} -> TRUE | AT49: {=IF($AO49="",TRUE,IF($N49="",FALSE,IF(INDIRECT("UserAccessCasePolicy!I"&$N49)="",FALSE,NOT(ISNA(MATCH(INDIRECT("UserAccessCasePolicy!I"&$N49)&"|"&$AO49,CaseTypeColSetMember!$H:$H,0))))))} -> TRUE | AU49: {=IF($AO49="",TRUE,IF($N49="",FALSE,IF(INDIRECT("UserAccessCasePolicy!K"&$N49)="",FALSE,NOT(ISNA(MATCH(INDIRECT("UserAccessCasePolicy!K"&$N49)&"|"&$AO49,CaseTypeColSetMember!$H:$H,0))))))} -> TRUE
A50: 49 | B50: TRUE | C50: 0198221b-5adb-cc25-3960-745ee0095587 | D50: 0195d18c-1ca0-e0db-7a87-6237ad6380c8 | E50: =INDEX(User!$D:$D,MATCH($D50,User!$A:$A,0)) -> org_user5_1 | F50: CREATE_CASES | G50: =IF($F50="CREATE",$I50,IF($F50="CREATE_CASES",OR($I50,AND($K50,$L50,$O50,$P50,$AE50,AG50,$AL50,$AN50,$AS50,$AU50)),"TBD")) -> FALSE | H50: =INDEX(User!$G:$G,MATCH($D50,User!$A:$A,0)) -> 0195d18c-1c93-02a2-6920-7e4dbfb73ce0 | I50: =INDEX(User!$M:$M,MATCH($D50,User!$A:$A,0)) -> FALSE | J50: =IF(ISNA(MATCH($H50&"|"&$W50,OrganizationAccessCasePolicy!$V:$V,0)),"",MATCH($H50&"|"&$W50,OrganizationAccessCasePolicy!$V:$V,0)) -> 11 | K50: {=IF($J50="",FALSE,NOT(ISNA(MATCH(INDIRECT("OrganizationAccessCasePolicy!D"&$J50)&"|"&$S50,CaseTypeSetMember!$H:$H,0))))} -> FALSE | L50: {=IF($J50="",FALSE,AND(INDIRECT("OrganizationAccessCasePolicy!H"&$J50),NOT(ISNA(MATCH(INDIRECT("OrganizationAccessCasePolicy!D"&$J50)&"|"&$S50,CaseTypeSetMember!$H:$H,0)))))} -> FALSE | M50: {=IF($J50="",FALSE,AND(INDIRECT("OrganizationAccessCasePolicy!I"&$J50),NOT(ISNA(MATCH(INDIRECT("OrganizationAccessCasePolicy!D"&$J50)&"|"&$S50,CaseTypeSetMember!$H:$H,0)))))} -> FALSE | N50: =IF(ISNA(MATCH($D50&"|"&$W50,UserAccessCasePolicy!$W:$W,0)),"",MATCH($D50&"|"&$W50,UserAccessCasePolicy!$W:$W,0)) -> 11 | O50: {=IF($N50="",FALSE,NOT(ISNA(MATCH(INDIRECT("UserAccessCasePolicy!D"&$N50)&"|"&$S50,CaseTypeSetMember!$H:$H,0))))} -> FALSE | P50: {=IF($N50="",FALSE,AND(INDIRECT("UserAccessCasePolicy!G"&$N50),NOT(ISNA(MATCH(INDIRECT("UserAccessCasePolicy!D"&$N50)&"|"&$S50,CaseTypeSetMember!$H:$H,0)))))} -> FALSE | Q50: {=IF($N50="",FALSE,AND(INDIRECT("UserAccessCasePolicy!H"&$N50),NOT(ISNA(MATCH(INDIRECT("UserAccessCasePolicy!D"&$N50)&"|"&$S50,CaseTypeSetMember!$H:$H,0)))))} -> FALSE | R50: 0198221b-5adb-be71-7334-c8bae8be08d4 | S50: 0195d18c-1ca6-fd99-9d76-fcfa0c0cf400 | T50: =INDEX(CaseType!$B:$B,MATCH($S50,CaseType!$A:$A,0)) -> case_type1 | U50: =AND(IF($AA50="",TRUE,$S50=INDEX(CaseTypeCol!$B:$B,MATCH($AA50,CaseTypeCol!$A:$A,0))),IF($AH50="",TRUE,$S50=INDEX(CaseTypeCol!$B:$B,MATCH($AH50,CaseTypeCol!$A:$A,0))),IF($AO50="",TRUE,$S50=INDEX(CaseTypeCol!$B:$B,MATCH($AO50,CaseTypeCol!$A:$A,0)))) -> TRUE | W50: 0195d18c-1ca3-11a2-bf20-8eaaa09cc070 | X50: =INDEX(DataCollection!$B:$B,MATCH($W50,DataCollection!$A:$A,0)) -> data_collection10 | Z50: 36526 | AA50: 0195d18c-1caa-1722-0366-f73bd3f09ee8 | AB50: a | AC50: =IF($AA50="","",INDEX(CaseTypeCol!$G:$G,MATCH($AA50,CaseTypeCol!$A:$A,0))) -> case_type1_dim1_1_text | AD50: {=IF($AA50="",TRUE,IF($J50="",FALSE,IF(INDIRECT("OrganizationAccessCasePolicy!J"&$J50)="",FALSE,NOT(ISNA(MATCH(INDIRECT("OrganizationAccessCasePolicy!J"&$J50)&"|"&$AA50,CaseTypeColSetMember!$H:$H,0))))))} -> FALSE | AE50: {=IF($AA50="",TRUE,IF($J50="",FALSE,IF(INDIRECT("OrganizationAccessCasePolicy!L"&$J50)="",FALSE,NOT(ISNA(MATCH(INDIRECT("OrganizationAccessCasePolicy!L"&$J50)&"|"&$AA50,CaseTypeColSetMember!$H:$H,0))))))} -> FALSE | AF50: {=IF($AA50="",TRUE,IF($N50="",FALSE,IF(INDIRECT("UserAccessCasePolicy!I"&$N50)="",FALSE,NOT(ISNA(MATCH(INDIRECT("UserAccessCasePolicy!I"&$N50)&"|"&$AA50,CaseTypeColSetMember!$H:$H,0))))))} -> FALSE | AG50: {=IF($AA50="",TRUE,IF($N50="",FALSE,IF(INDIRECT("UserAccessCasePolicy!K"&$N50)="",FALSE,NOT(ISNA(MATCH(INDIRECT("UserAccessCasePolicy!K"&$N50)&"|"&$AA50,CaseTypeColSetMember!$H:$H,0))))))} -> FALSE | AJ50: =IF($AH50="","",INDEX(CaseTypeCol!$G:$G,MATCH($AH50,CaseTypeCol!$A:$A,0))) | AK50: {=IF($AH50="",TRUE,IF($J50="",FALSE,IF(INDIRECT("OrganizationAccessCasePolicy!J"&$J50)="",FALSE,NOT(ISNA(MATCH(INDIRECT("OrganizationAccessCasePolicy!J"&$J50)&"|"&$AH50,CaseTypeColSetMember!$H:$H,0))))))} -> TRUE | AL50: {=IF($AH50="",TRUE,IF($J50="",FALSE,IF(INDIRECT("OrganizationAccessCasePolicy!L"&$J50)="",FALSE,NOT(ISNA(MATCH(INDIRECT("OrganizationAccessCasePolicy!L"&$J50)&"|"&$AH50,CaseTypeColSetMember!$H:$H,0))))))} -> TRUE | AM50: {=IF($AH50="",TRUE,IF($N50="",FALSE,IF(INDIRECT("UserAccessCasePolicy!I"&$N50)="",FALSE,NOT(ISNA(MATCH(INDIRECT("UserAccessCasePolicy!I"&$N50)&"|"&$AH50,CaseTypeColSetMember!$H:$H,0))))))} -> TRUE | AN50: {=IF($AH50="",TRUE,IF($N50="",FALSE,IF(INDIRECT("UserAccessCasePolicy!K"&$N50)="",FALSE,NOT(ISNA(MATCH(INDIRECT("UserAccessCasePolicy!K"&$N50)&"|"&$AH50,CaseTypeColSetMember!$H:$H,0))))))} -> TRUE | AP50: jD7& | AQ50: =IF($AO50="","",INDEX(CaseTypeCol!$G:$G,MATCH($AO50,CaseTypeCol!$A:$A,0))) | AR50: {=IF($AO50="",TRUE,IF($J50="",FALSE,IF(INDIRECT("OrganizationAccessCasePolicy!J"&$J50)="",FALSE,NOT(ISNA(MATCH(INDIRECT("OrganizationAccessCasePolicy!J"&$J50)&"|"&$AO50,CaseTypeColSetMember!$H:$H,0))))))} -> TRUE | AS50: {=IF($AO50="",TRUE,IF($J50="",FALSE,IF(INDIRECT("OrganizationAccessCasePolicy!L"&$J50)="",FALSE,NOT(ISNA(MATCH(INDIRECT("OrganizationAccessCasePolicy!L"&$J50)&"|"&$AO50,CaseTypeColSetMember!$H:$H,0))))))} -> TRUE | AT50: {=IF($AO50="",TRUE,IF($N50="",FALSE,IF(INDIRECT("UserAccessCasePolicy!I"&$N50)="",FALSE,NOT(ISNA(MATCH(INDIRECT("UserAccessCasePolicy!I"&$N50)&"|"&$AO50,CaseTypeColSetMember!$H:$H,0))))))} -> TRUE | AU50: {=IF($AO50="",TRUE,IF($N50="",FALSE,IF(INDIRECT("UserAccessCasePolicy!K"&$N50)="",FALSE,NOT(ISNA(MATCH(INDIRECT("UserAccessCasePolicy!K"&$N50)&"|"&$AO50,CaseTypeColSetMember!$H:$H,0))))))} -> TRUE
